{
"type": "FeatureCollection",
"name": "out",
"crs": { "type": "name", "properties": { "name": "urn:ogc:def:crs:EPSG::32721" } },
"features": [
{ "type": "Feature", "properties": { "DN": 1 }, "geometry": { "type": "Polygon", "coordinates": [ [ [ 683756.316180000081658, 8227484.335770000703633 ], [ 683756.316180000081658, 8227484.305750001221895 ], [ 683756.346200000029057, 8227484.305750001221895 ], [ 683756.346200000029057, 8227484.335770000703633 ], [ 683756.316180000081658, 8227484.335770000703633 ] ] ] } },
{ "type": "Feature", "properties": { "DN": 0 }, "geometry": { "type": "Polygon", "coordinates": [ [ [ 683689.461640000110492, 8227599.732650000602007 ], [ 683689.461640000110492, 8227599.702630001120269 ], [ 683689.401600000099279, 8227599.702630001120269 ], [ 683689.401600000099279, 8227599.672610000707209 ], [ 683689.341560000088066, 8227599.672610000707209 ], [ 683689.341560000088066, 8227599.642590001225471 ], [ 683689.281520000076853, 8227599.642590001225471 ], [ 683689.281520000076853, 8227599.612570000812411 ], [ 683689.22148000006564, 8227599.612570000812411 ], [ 683689.22148000006564, 8227599.582550001330674 ], [ 683689.161440000054426, 8227599.582550001330674 ], [ 683689.161440000054426, 8227599.552530000917614 ], [ 683689.101400000043213, 8227599.552530000917614 ], [ 683689.101400000043213, 8227599.522510001435876 ], [ 683689.041360000032, 8227599.522510001435876 ], [ 683689.041360000032, 8227599.492490001022816 ], [ 683688.981320000020787, 8227599.492490001022816 ], [ 683688.981320000020787, 8227599.462470000609756 ], [ 683688.92128, 8227599.462470000609756 ], [ 683688.92128, 8227599.432450001128018 ], [ 683688.861240000114776, 8227599.432450001128018 ], [ 683688.861240000114776, 8227599.402430000714958 ], [ 683688.801200000103563, 8227599.402430000714958 ], [ 683688.801200000103563, 8227599.37241000123322 ], [ 683688.74116000009235, 8227599.37241000123322 ], [ 683688.74116000009235, 8227599.34239000082016 ], [ 683688.681120000081137, 8227599.34239000082016 ], [ 683688.681120000081137, 8227599.312370001338422 ], [ 683688.621080000069924, 8227599.312370001338422 ], [ 683688.621080000069924, 8227599.282350000925362 ], [ 683688.561040000058711, 8227599.282350000925362 ], [ 683688.561040000058711, 8227599.252330001443624 ], [ 683688.501000000047497, 8227599.252330001443624 ], [ 683688.501000000047497, 8227599.222310001030564 ], [ 683688.440960000036284, 8227599.222310001030564 ], [ 683688.440960000036284, 8227599.192290000617504 ], [ 683688.380920000025071, 8227599.192290000617504 ], [ 683688.380920000025071, 8227599.162270001135767 ], [ 683688.320880000013858, 8227599.162270001135767 ], [ 683688.320880000013858, 8227599.132250000722706 ], [ 683688.230820000055246, 8227599.132250000722706 ], [ 683688.230820000055246, 8227599.102230001240969 ], [ 683688.170780000044033, 8227599.102230001240969 ], [ 683688.170780000044033, 8227599.072210000827909 ], [ 683688.11074000003282, 8227599.072210000827909 ], [ 683688.11074000003282, 8227599.042190001346171 ], [ 683688.050700000021607, 8227599.042190001346171 ], [ 683688.050700000021607, 8227599.012170000933111 ], [ 683687.990660000010394, 8227599.012170000933111 ], [ 683687.990660000010394, 8227598.982150001451373 ], [ 683687.93062, 8227598.982150001451373 ], [ 683687.93062, 8227598.952130001038313 ], [ 683687.870580000104383, 8227598.952130001038313 ], [ 683687.870580000104383, 8227598.922110000625253 ], [ 683687.81054000009317, 8227598.922110000625253 ], [ 683687.81054000009317, 8227598.892090001143515 ], [ 683687.750500000081956, 8227598.892090001143515 ], [ 683687.750500000081956, 8227598.862070000730455 ], [ 683687.690460000070743, 8227598.862070000730455 ], [ 683687.690460000070743, 8227598.832050001248717 ], [ 683687.63042000005953, 8227598.832050001248717 ], [ 683687.63042000005953, 8227598.802030000835657 ], [ 683687.570380000048317, 8227598.802030000835657 ], [ 683687.570380000048317, 8227598.77201000135392 ], [ 683687.510340000037104, 8227598.77201000135392 ], [ 683687.510340000037104, 8227598.741990000940859 ], [ 683687.450300000025891, 8227598.741990000940859 ], [ 683687.450300000025891, 8227598.711970001459122 ], [ 683687.390260000014678, 8227598.711970001459122 ], [ 683687.390260000014678, 8227598.681950001046062 ], [ 683687.33022, 8227598.681950001046062 ], [ 683687.33022, 8227598.651930000633001 ], [ 683687.270180000108667, 8227598.651930000633001 ], [ 683687.270180000108667, 8227598.621910001151264 ], [ 683687.210140000097454, 8227598.621910001151264 ], [ 683687.210140000097454, 8227598.591890000738204 ], [ 683687.15010000008624, 8227598.591890000738204 ], [ 683687.15010000008624, 8227598.561870001256466 ], [ 683687.090060000075027, 8227598.561870001256466 ], [ 683687.090060000075027, 8227598.531850000843406 ], [ 683687.030020000063814, 8227598.531850000843406 ], [ 683687.030020000063814, 8227598.501830001361668 ], [ 683686.969980000052601, 8227598.501830001361668 ], [ 683686.969980000052601, 8227598.471810000948608 ], [ 683686.909940000041388, 8227598.471810000948608 ], [ 683686.909940000041388, 8227598.44179000146687 ], [ 683686.849900000030175, 8227598.44179000146687 ], [ 683686.849900000030175, 8227598.41177000105381 ], [ 683686.789860000018962, 8227598.41177000105381 ], [ 683686.789860000018962, 8227598.38175000064075 ], [ 683686.72982, 8227598.38175000064075 ], [ 683686.72982, 8227598.351730001159012 ], [ 683686.669780000112951, 8227598.351730001159012 ], [ 683686.669780000112951, 8227598.321710000745952 ], [ 683686.609740000101738, 8227598.321710000745952 ], [ 683686.609740000101738, 8227598.291690001264215 ], [ 683686.549700000090525, 8227598.291690001264215 ], [ 683686.549700000090525, 8227598.261670000851154 ], [ 683686.489660000079311, 8227598.261670000851154 ], [ 683686.489660000079311, 8227598.231650001369417 ], [ 683686.429620000068098, 8227598.231650001369417 ], [ 683686.429620000068098, 8227598.201630000956357 ], [ 683686.369580000056885, 8227598.201630000956357 ], [ 683686.369580000056885, 8227598.171610001474619 ], [ 683686.309540000045672, 8227598.171610001474619 ], [ 683686.309540000045672, 8227598.141590001061559 ], [ 683686.249500000034459, 8227598.141590001061559 ], [ 683686.249500000034459, 8227598.111570000648499 ], [ 683686.189460000023246, 8227598.111570000648499 ], [ 683686.189460000023246, 8227598.081550001166761 ], [ 683686.129420000012033, 8227598.081550001166761 ], [ 683686.129420000012033, 8227598.051530000753701 ], [ 683686.06938, 8227598.051530000753701 ], [ 683686.06938, 8227598.021510001271963 ], [ 683686.009340000106022, 8227598.021510001271963 ], [ 683686.009340000106022, 8227597.991490000858903 ], [ 683685.949300000094809, 8227597.991490000858903 ], [ 683685.949300000094809, 8227597.961470001377165 ], [ 683685.889260000083596, 8227597.961470001377165 ], [ 683685.889260000083596, 8227597.931450000964105 ], [ 683685.829220000072382, 8227597.931450000964105 ], [ 683685.829220000072382, 8227597.901430000551045 ], [ 683685.769180000061169, 8227597.901430000551045 ], [ 683685.769180000061169, 8227597.871410001069307 ], [ 683685.709140000049956, 8227597.871410001069307 ], [ 683685.709140000049956, 8227597.841390000656247 ], [ 683685.649100000038743, 8227597.841390000656247 ], [ 683685.649100000038743, 8227597.81137000117451 ], [ 683685.58906000002753, 8227597.81137000117451 ], [ 683685.58906000002753, 8227597.781350000761449 ], [ 683685.529020000016317, 8227597.781350000761449 ], [ 683685.529020000016317, 8227597.751330001279712 ], [ 683685.46898, 8227597.751330001279712 ], [ 683685.46898, 8227597.721310000866652 ], [ 683685.378920000046492, 8227597.721310000866652 ], [ 683685.378920000046492, 8227597.691290001384914 ], [ 683685.318880000035278, 8227597.691290001384914 ], [ 683685.318880000035278, 8227597.661270000971854 ], [ 683685.258840000024065, 8227597.661270000971854 ], [ 683685.258840000024065, 8227597.631250000558794 ], [ 683685.198800000012852, 8227597.631250000558794 ], [ 683685.198800000012852, 8227597.601230001077056 ], [ 683685.13876, 8227597.601230001077056 ], [ 683685.13876, 8227597.571210000663996 ], [ 683685.078720000106841, 8227597.571210000663996 ], [ 683685.078720000106841, 8227597.541190001182258 ], [ 683685.018680000095628, 8227597.541190001182258 ], [ 683685.018680000095628, 8227597.511170000769198 ], [ 683684.958640000084415, 8227597.511170000769198 ], [ 683684.958640000084415, 8227597.48115000128746 ], [ 683684.898600000073202, 8227597.48115000128746 ], [ 683684.898600000073202, 8227597.4511300008744 ], [ 683684.838560000061989, 8227597.4511300008744 ], [ 683684.838560000061989, 8227597.421110001392663 ], [ 683684.778520000050776, 8227597.421110001392663 ], [ 683684.778520000050776, 8227597.391090000979602 ], [ 683684.718480000039563, 8227597.391090000979602 ], [ 683684.718480000039563, 8227597.361070000566542 ], [ 683684.658440000028349, 8227597.361070000566542 ], [ 683684.658440000028349, 8227597.331050001084805 ], [ 683684.598400000017136, 8227597.331050001084805 ], [ 683684.598400000017136, 8227597.301030000671744 ], [ 683684.53836, 8227597.301030000671744 ], [ 683684.53836, 8227597.271010001190007 ], [ 683684.478320000111125, 8227597.271010001190007 ], [ 683684.478320000111125, 8227597.240990000776947 ], [ 683684.418280000099912, 8227597.240990000776947 ], [ 683684.418280000099912, 8227597.210970001295209 ], [ 683684.358240000088699, 8227597.210970001295209 ], [ 683684.358240000088699, 8227597.180950000882149 ], [ 683684.298200000077486, 8227597.180950000882149 ], [ 683684.298200000077486, 8227597.150930001400411 ], [ 683684.238160000066273, 8227597.150930001400411 ], [ 683684.238160000066273, 8227597.120910000987351 ], [ 683684.17812000005506, 8227597.120910000987351 ], [ 683684.17812000005506, 8227597.090890000574291 ], [ 683684.118080000043847, 8227597.090890000574291 ], [ 683684.118080000043847, 8227597.060870001092553 ], [ 683684.058040000032634, 8227597.060870001092553 ], [ 683684.058040000032634, 8227597.030850000679493 ], [ 683683.99800000002142, 8227597.030850000679493 ], [ 683683.99800000002142, 8227597.000830001197755 ], [ 683683.937960000010207, 8227597.000830001197755 ], [ 683683.937960000010207, 8227596.970810000784695 ], [ 683683.877920000115409, 8227596.970810000784695 ], [ 683683.877920000115409, 8227596.940790001302958 ], [ 683683.817880000104196, 8227596.940790001302958 ], [ 683683.817880000104196, 8227596.910770000889897 ], [ 683683.757840000092983, 8227596.910770000889897 ], [ 683683.757840000092983, 8227596.88075000140816 ], [ 683683.69780000008177, 8227596.88075000140816 ], [ 683683.69780000008177, 8227596.8507300009951 ], [ 683683.637760000070557, 8227596.8507300009951 ], [ 683683.637760000070557, 8227596.820710000582039 ], [ 683683.577720000059344, 8227596.820710000582039 ], [ 683683.577720000059344, 8227596.790690001100302 ], [ 683683.517680000048131, 8227596.790690001100302 ], [ 683683.517680000048131, 8227596.760670000687242 ], [ 683683.457640000036918, 8227596.760670000687242 ], [ 683683.457640000036918, 8227596.730650001205504 ], [ 683683.397600000025705, 8227596.730650001205504 ], [ 683683.397600000025705, 8227596.700630000792444 ], [ 683683.337560000014491, 8227596.700630000792444 ], [ 683683.337560000014491, 8227596.670610001310706 ], [ 683683.27752, 8227596.670610001310706 ], [ 683683.27752, 8227596.640590000897646 ], [ 683683.21748000010848, 8227596.640590000897646 ], [ 683683.21748000010848, 8227596.610570001415908 ], [ 683683.157440000097267, 8227596.610570001415908 ], [ 683683.157440000097267, 8227596.580550001002848 ], [ 683683.097400000086054, 8227596.580550001002848 ], [ 683683.097400000086054, 8227596.550530000589788 ], [ 683683.037360000074841, 8227596.550530000589788 ], [ 683683.037360000074841, 8227596.52051000110805 ], [ 683682.977320000063628, 8227596.52051000110805 ], [ 683682.977320000063628, 8227596.49049000069499 ], [ 683682.917280000052415, 8227596.49049000069499 ], [ 683682.917280000052415, 8227596.460470001213253 ], [ 683682.857240000041202, 8227596.460470001213253 ], [ 683682.857240000041202, 8227596.430450000800192 ], [ 683682.797200000029989, 8227596.430450000800192 ], [ 683682.797200000029989, 8227596.400430001318455 ], [ 683682.737160000018775, 8227596.400430001318455 ], [ 683682.737160000018775, 8227596.370410000905395 ], [ 683682.67712, 8227596.370410000905395 ], [ 683682.67712, 8227596.340390001423657 ], [ 683682.617080000112765, 8227596.340390001423657 ], [ 683682.617080000112765, 8227596.310370001010597 ], [ 683682.557040000101551, 8227596.310370001010597 ], [ 683682.557040000101551, 8227596.280350000597537 ], [ 683682.466980000026524, 8227596.280350000597537 ], [ 683682.466980000026524, 8227596.250330001115799 ], [ 683682.406940000015311, 8227596.250330001115799 ], [ 683682.406940000015311, 8227596.220310000702739 ], [ 683682.3469, 8227596.220310000702739 ], [ 683682.3469, 8227596.190290001221001 ], [ 683682.2868600001093, 8227596.190290001221001 ], [ 683682.2868600001093, 8227596.160270000807941 ], [ 683682.226820000098087, 8227596.160270000807941 ], [ 683682.226820000098087, 8227596.130250001326203 ], [ 683682.166780000086874, 8227596.130250001326203 ], [ 683682.166780000086874, 8227596.100230000913143 ], [ 683682.106740000075661, 8227596.100230000913143 ], [ 683682.106740000075661, 8227596.070210001431406 ], [ 683682.046700000064448, 8227596.070210001431406 ], [ 683682.046700000064448, 8227596.040190001018345 ], [ 683681.986660000053234, 8227596.040190001018345 ], [ 683681.986660000053234, 8227596.010170000605285 ], [ 683681.926620000042021, 8227596.010170000605285 ], [ 683681.926620000042021, 8227595.980150001123548 ], [ 683681.866580000030808, 8227595.980150001123548 ], [ 683681.866580000030808, 8227595.950130000710487 ], [ 683681.806540000019595, 8227595.950130000710487 ], [ 683681.806540000019595, 8227595.92011000122875 ], [ 683681.7465, 8227595.92011000122875 ], [ 683681.7465, 8227595.89009000081569 ], [ 683681.686460000113584, 8227595.89009000081569 ], [ 683681.686460000113584, 8227595.860070001333952 ], [ 683681.626420000102371, 8227595.860070001333952 ], [ 683681.626420000102371, 8227595.830050000920892 ], [ 683681.566380000091158, 8227595.830050000920892 ], [ 683681.566380000091158, 8227595.800030001439154 ], [ 683681.506340000079945, 8227595.800030001439154 ], [ 683681.506340000079945, 8227595.770010001026094 ], [ 683681.446300000068732, 8227595.770010001026094 ], [ 683681.446300000068732, 8227595.739990000613034 ], [ 683681.386260000057518, 8227595.739990000613034 ], [ 683681.386260000057518, 8227595.709970001131296 ], [ 683681.326220000046305, 8227595.709970001131296 ], [ 683681.326220000046305, 8227595.679950000718236 ], [ 683681.266180000035092, 8227595.679950000718236 ], [ 683681.266180000035092, 8227595.649930001236498 ], [ 683681.206140000023879, 8227595.649930001236498 ], [ 683681.206140000023879, 8227595.619910000823438 ], [ 683681.146100000012666, 8227595.619910000823438 ], [ 683681.146100000012666, 8227595.589890001341701 ], [ 683681.08606, 8227595.589890001341701 ], [ 683681.08606, 8227595.55987000092864 ], [ 683681.026020000106655, 8227595.55987000092864 ], [ 683681.026020000106655, 8227595.529850001446903 ], [ 683680.965980000095442, 8227595.529850001446903 ], [ 683680.965980000095442, 8227595.499830001033843 ], [ 683680.935960000031628, 8227595.499830001033843 ], [ 683680.935960000031628, 8227595.469810000620782 ], [ 683680.905940000084229, 8227595.469810000620782 ], [ 683680.905940000084229, 8227595.409770000725985 ], [ 683680.875920000020415, 8227595.409770000725985 ], [ 683680.875920000020415, 8227595.379750001244247 ], [ 683680.845900000073016, 8227595.379750001244247 ], [ 683680.845900000073016, 8227595.319710001349449 ], [ 683680.81588, 8227595.319710001349449 ], [ 683680.81588, 8227595.259670001454651 ], [ 683680.785860000061803, 8227595.259670001454651 ], [ 683680.785860000061803, 8227595.199630000628531 ], [ 683680.755840000114404, 8227595.199630000628531 ], [ 683680.755840000114404, 8227595.139590000733733 ], [ 683680.725820000050589, 8227595.139590000733733 ], [ 683680.725820000050589, 8227595.079550000838935 ], [ 683680.695800000103191, 8227595.079550000838935 ], [ 683680.695800000103191, 8227595.019510000944138 ], [ 683680.665780000039376, 8227595.019510000944138 ], [ 683680.665780000039376, 8227594.95947000104934 ], [ 683680.635760000091977, 8227594.95947000104934 ], [ 683680.635760000091977, 8227594.899430001154542 ], [ 683680.605740000028163, 8227594.899430001154542 ], [ 683680.605740000028163, 8227594.839390001259744 ], [ 683680.575720000080764, 8227594.839390001259744 ], [ 683680.575720000080764, 8227594.779350001364946 ], [ 683680.54570000001695, 8227594.779350001364946 ], [ 683680.54570000001695, 8227594.719310001470149 ], [ 683680.515680000069551, 8227594.719310001470149 ], [ 683680.515680000069551, 8227594.659270000644028 ], [ 683680.48566, 8227594.659270000644028 ], [ 683680.48566, 8227594.59923000074923 ], [ 683680.455640000058338, 8227594.59923000074923 ], [ 683680.455640000058338, 8227594.539190000854433 ], [ 683680.425620000110939, 8227594.539190000854433 ], [ 683680.425620000110939, 8227594.479150000959635 ], [ 683680.395600000047125, 8227594.479150000959635 ], [ 683680.395600000047125, 8227594.419110001064837 ], [ 683680.365580000099726, 8227594.419110001064837 ], [ 683680.365580000099726, 8227594.389090000651777 ], [ 683680.335560000035912, 8227594.389090000651777 ], [ 683680.335560000035912, 8227594.329050000756979 ], [ 683680.305540000088513, 8227594.329050000756979 ], [ 683680.305540000088513, 8227594.269010000862181 ], [ 683680.275520000024699, 8227594.269010000862181 ], [ 683680.275520000024699, 8227594.208970000967383 ], [ 683680.2455000000773, 8227594.208970000967383 ], [ 683680.2455000000773, 8227594.148930001072586 ], [ 683680.215480000013486, 8227594.148930001072586 ], [ 683680.215480000013486, 8227594.088890001177788 ], [ 683680.185460000066087, 8227594.088890001177788 ], [ 683680.185460000066087, 8227594.02885000128299 ], [ 683680.15544, 8227594.02885000128299 ], [ 683680.15544, 8227593.968810001388192 ], [ 683680.125420000054874, 8227593.968810001388192 ], [ 683680.125420000054874, 8227593.908770000562072 ], [ 683680.095400000107475, 8227593.908770000562072 ], [ 683680.095400000107475, 8227593.848730000667274 ], [ 683680.06538000004366, 8227593.848730000667274 ], [ 683680.06538000004366, 8227593.788690000772476 ], [ 683680.035360000096262, 8227593.788690000772476 ], [ 683680.035360000096262, 8227593.728650000877678 ], [ 683680.005340000032447, 8227593.728650000877678 ], [ 683680.005340000032447, 8227593.668610000982881 ], [ 683679.975320000085048, 8227593.668610000982881 ], [ 683679.975320000085048, 8227593.608570001088083 ], [ 683679.945300000021234, 8227593.608570001088083 ], [ 683679.945300000021234, 8227593.548530001193285 ], [ 683679.915280000073835, 8227593.548530001193285 ], [ 683679.915280000073835, 8227593.488490001298487 ], [ 683679.885260000010021, 8227593.488490001298487 ], [ 683679.885260000010021, 8227593.428450001403689 ], [ 683679.855240000062622, 8227593.428450001403689 ], [ 683679.855240000062622, 8227593.398430000990629 ], [ 683679.825220000115223, 8227593.398430000990629 ], [ 683679.825220000115223, 8227593.338390001095831 ], [ 683679.795200000051409, 8227593.338390001095831 ], [ 683679.795200000051409, 8227593.278350001201034 ], [ 683679.76518000010401, 8227593.278350001201034 ], [ 683679.76518000010401, 8227593.218310001306236 ], [ 683679.735160000040196, 8227593.218310001306236 ], [ 683679.735160000040196, 8227593.158270001411438 ], [ 683679.705140000092797, 8227593.158270001411438 ], [ 683679.705140000092797, 8227593.098230000585318 ], [ 683679.675120000028983, 8227593.098230000585318 ], [ 683679.675120000028983, 8227593.03819000069052 ], [ 683679.645100000081584, 8227593.03819000069052 ], [ 683679.645100000081584, 8227592.978150000795722 ], [ 683679.61508000001777, 8227592.978150000795722 ], [ 683679.61508000001777, 8227592.918110000900924 ], [ 683679.585060000070371, 8227592.918110000900924 ], [ 683679.585060000070371, 8227592.858070001006126 ], [ 683679.55504, 8227592.858070001006126 ], [ 683679.55504, 8227592.798030001111329 ], [ 683679.525020000059158, 8227592.798030001111329 ], [ 683679.525020000059158, 8227592.737990001216531 ], [ 683679.495000000111759, 8227592.737990001216531 ], [ 683679.495000000111759, 8227592.677950001321733 ], [ 683679.464980000047944, 8227592.677950001321733 ], [ 683679.464980000047944, 8227592.617910001426935 ], [ 683679.434960000100546, 8227592.617910001426935 ], [ 683679.434960000100546, 8227592.557870000600815 ], [ 683679.404940000036731, 8227592.557870000600815 ], [ 683679.404940000036731, 8227592.497830000706017 ], [ 683679.374920000089332, 8227592.497830000706017 ], [ 683679.374920000089332, 8227592.467810001224279 ], [ 683679.344900000025518, 8227592.467810001224279 ], [ 683679.344900000025518, 8227592.407770001329482 ], [ 683679.314880000078119, 8227592.407770001329482 ], [ 683679.314880000078119, 8227592.347730001434684 ], [ 683679.284860000014305, 8227592.347730001434684 ], [ 683679.284860000014305, 8227592.287690000608563 ], [ 683679.254840000066906, 8227592.287690000608563 ], [ 683679.254840000066906, 8227592.227650000713766 ], [ 683679.22482, 8227592.227650000713766 ], [ 683679.22482, 8227592.167610000818968 ], [ 683679.194800000055693, 8227592.167610000818968 ], [ 683679.194800000055693, 8227592.10757000092417 ], [ 683679.164780000108294, 8227592.10757000092417 ], [ 683679.164780000108294, 8227592.047530001029372 ], [ 683679.13476000004448, 8227592.047530001029372 ], [ 683679.13476000004448, 8227591.987490001134574 ], [ 683679.104740000097081, 8227591.987490001134574 ], [ 683679.104740000097081, 8227591.927450001239777 ], [ 683679.074720000033267, 8227591.927450001239777 ], [ 683679.074720000033267, 8227591.867410001344979 ], [ 683679.044700000085868, 8227591.867410001344979 ], [ 683679.044700000085868, 8227591.807370001450181 ], [ 683679.014680000022054, 8227591.807370001450181 ], [ 683679.014680000022054, 8227591.747330000624061 ], [ 683678.984660000074655, 8227591.747330000624061 ], [ 683678.984660000074655, 8227591.687290000729263 ], [ 683678.954640000010841, 8227591.687290000729263 ], [ 683678.954640000010841, 8227591.627250000834465 ], [ 683678.924620000063442, 8227591.627250000834465 ], [ 683678.924620000063442, 8227591.567210000939667 ], [ 683678.8946, 8227591.567210000939667 ], [ 683678.8946, 8227591.507170001044869 ], [ 683678.864580000052229, 8227591.507170001044869 ], [ 683678.864580000052229, 8227591.447130001150072 ], [ 683678.83456000010483, 8227591.447130001150072 ], [ 683678.83456000010483, 8227591.387090001255274 ], [ 683678.804540000041015, 8227591.387090001255274 ], [ 683678.804540000041015, 8227591.297030000947416 ], [ 683678.774520000093617, 8227591.297030000947416 ], [ 683678.774520000093617, 8227591.236990001052618 ], [ 683678.744500000029802, 8227591.236990001052618 ], [ 683678.744500000029802, 8227591.14693000074476 ], [ 683678.714480000082403, 8227591.14693000074476 ], [ 683678.714480000082403, 8227591.086890000849962 ], [ 683678.684460000018589, 8227591.086890000849962 ], [ 683678.684460000018589, 8227590.996830001473427 ], [ 683678.65444000007119, 8227590.996830001473427 ], [ 683678.65444000007119, 8227590.936790000647306 ], [ 683678.62442, 8227590.936790000647306 ], [ 683678.62442, 8227590.846730001270771 ], [ 683678.594400000059977, 8227590.846730001270771 ], [ 683678.594400000059977, 8227590.786690001375973 ], [ 683678.564380000112578, 8227590.786690001375973 ], [ 683678.564380000112578, 8227590.696630001068115 ], [ 683678.534360000048764, 8227590.696630001068115 ], [ 683678.534360000048764, 8227590.636590001173317 ], [ 683678.504340000101365, 8227590.636590001173317 ], [ 683678.504340000101365, 8227590.546530000865459 ], [ 683678.474320000037551, 8227590.546530000865459 ], [ 683678.474320000037551, 8227590.486490000970662 ], [ 683678.444300000090152, 8227590.486490000970662 ], [ 683678.444300000090152, 8227590.396430000662804 ], [ 683678.414280000026338, 8227590.396430000662804 ], [ 683678.414280000026338, 8227590.336390000768006 ], [ 683678.384260000078939, 8227590.336390000768006 ], [ 683678.384260000078939, 8227590.24633000139147 ], [ 683678.354240000015125, 8227590.24633000139147 ], [ 683678.354240000015125, 8227590.18629000056535 ], [ 683678.324220000067726, 8227590.18629000056535 ], [ 683678.324220000067726, 8227590.096230001188815 ], [ 683678.2942, 8227590.096230001188815 ], [ 683678.2942, 8227590.036190001294017 ], [ 683678.264180000056513, 8227590.036190001294017 ], [ 683678.264180000056513, 8227589.976150001399219 ], [ 683678.234160000109114, 8227589.976150001399219 ], [ 683678.234160000109114, 8227589.886090001091361 ], [ 683678.2041400000453, 8227589.886090001091361 ], [ 683678.2041400000453, 8227589.826050001196563 ], [ 683678.174120000097901, 8227589.826050001196563 ], [ 683678.174120000097901, 8227589.735990000888705 ], [ 683678.144100000034086, 8227589.735990000888705 ], [ 683678.144100000034086, 8227589.675950000993907 ], [ 683678.114080000086688, 8227589.675950000993907 ], [ 683678.114080000086688, 8227589.585890000686049 ], [ 683678.084060000022873, 8227589.585890000686049 ], [ 683678.084060000022873, 8227589.525850000791252 ], [ 683678.054040000075474, 8227589.525850000791252 ], [ 683678.054040000075474, 8227589.435790001414716 ], [ 683678.02402000001166, 8227589.435790001414716 ], [ 683678.02402000001166, 8227589.375750000588596 ], [ 683677.994000000064261, 8227589.375750000588596 ], [ 683677.994000000064261, 8227589.28569000121206 ], [ 683677.96398, 8227589.28569000121206 ], [ 683677.96398, 8227589.225650001317263 ], [ 683677.933960000053048, 8227589.225650001317263 ], [ 683677.933960000053048, 8227589.135590001009405 ], [ 683677.903940000105649, 8227589.135590001009405 ], [ 683677.903940000105649, 8227589.075550001114607 ], [ 683677.873920000041835, 8227589.075550001114607 ], [ 683677.873920000041835, 8227588.985490000806749 ], [ 683677.843900000094436, 8227588.985490000806749 ], [ 683677.843900000094436, 8227588.925450000911951 ], [ 683677.813880000030622, 8227588.925450000911951 ], [ 683677.813880000030622, 8227588.835390000604093 ], [ 683677.783860000083223, 8227588.835390000604093 ], [ 683677.783860000083223, 8227588.775350000709295 ], [ 683677.753840000019409, 8227588.775350000709295 ], [ 683677.753840000019409, 8227588.68529000133276 ], [ 683677.72382000007201, 8227588.68529000133276 ], [ 683677.72382000007201, 8227588.625250001437962 ], [ 683677.6938, 8227588.625250001437962 ], [ 683677.6938, 8227588.535190001130104 ], [ 683677.663780000060797, 8227588.535190001130104 ], [ 683677.663780000060797, 8227588.475150001235306 ], [ 683677.633760000113398, 8227588.475150001235306 ], [ 683677.633760000113398, 8227588.385090000927448 ], [ 683677.603740000049584, 8227588.385090000927448 ], [ 683677.603740000049584, 8227588.32505000103265 ], [ 683677.573720000102185, 8227588.32505000103265 ], [ 683677.573720000102185, 8227588.234990000724792 ], [ 683677.54370000003837, 8227588.234990000724792 ], [ 683677.54370000003837, 8227588.174950000829995 ], [ 683677.513680000090972, 8227588.174950000829995 ], [ 683677.513680000090972, 8227588.084890001453459 ], [ 683677.483660000027157, 8227588.084890001453459 ], [ 683677.483660000027157, 8227588.024850000627339 ], [ 683677.453640000079758, 8227588.024850000627339 ], [ 683677.453640000079758, 8227587.934790001250803 ], [ 683677.423620000015944, 8227587.934790001250803 ], [ 683677.423620000015944, 8227587.874750001356006 ], [ 683677.393600000068545, 8227587.874750001356006 ], [ 683677.393600000068545, 8227587.784690001048148 ], [ 683677.36358, 8227587.784690001048148 ], [ 683677.36358, 8227587.72465000115335 ], [ 683677.333560000057332, 8227587.72465000115335 ], [ 683677.333560000057332, 8227587.634590000845492 ], [ 683677.303540000109933, 8227587.634590000845492 ], [ 683677.303540000109933, 8227587.574550000950694 ], [ 683677.273520000046119, 8227587.574550000950694 ], [ 683677.273520000046119, 8227587.484490000642836 ], [ 683677.24350000009872, 8227587.484490000642836 ], [ 683677.24350000009872, 8227587.424450000748038 ], [ 683677.213480000034906, 8227587.424450000748038 ], [ 683677.213480000034906, 8227587.36441000085324 ], [ 683677.183460000087507, 8227587.36441000085324 ], [ 683677.183460000087507, 8227587.274350001476705 ], [ 683677.153440000023693, 8227587.274350001476705 ], [ 683677.153440000023693, 8227587.214310000650585 ], [ 683677.123420000076294, 8227587.214310000650585 ], [ 683677.123420000076294, 8227587.124250001274049 ], [ 683677.09340000001248, 8227587.124250001274049 ], [ 683677.09340000001248, 8227587.064210001379251 ], [ 683677.063380000065081, 8227587.064210001379251 ], [ 683677.063380000065081, 8227586.974150001071393 ], [ 683677.03336, 8227586.974150001071393 ], [ 683677.03336, 8227586.914110001176596 ], [ 683677.003340000053868, 8227586.914110001176596 ], [ 683677.003340000053868, 8227586.824050000868738 ], [ 683676.973320000106469, 8227586.824050000868738 ], [ 683676.973320000106469, 8227586.76401000097394 ], [ 683676.943300000042655, 8227586.76401000097394 ], [ 683676.943300000042655, 8227586.673950000666082 ], [ 683676.913280000095256, 8227586.673950000666082 ], [ 683676.913280000095256, 8227586.613910000771284 ], [ 683676.883260000031441, 8227586.613910000771284 ], [ 683676.883260000031441, 8227586.523850001394749 ], [ 683676.853240000084043, 8227586.523850001394749 ], [ 683676.853240000084043, 8227586.463810000568628 ], [ 683676.823220000020228, 8227586.463810000568628 ], [ 683676.823220000020228, 8227586.373750001192093 ], [ 683676.793200000072829, 8227586.373750001192093 ], [ 683676.793200000072829, 8227586.313710001297295 ], [ 683676.76318, 8227586.313710001297295 ], [ 683676.76318, 8227586.223650000989437 ], [ 683676.733160000061616, 8227586.223650000989437 ], [ 683676.733160000061616, 8227586.163610001094639 ], [ 683676.703140000114217, 8227586.163610001094639 ], [ 683676.703140000114217, 8227586.073550000786781 ], [ 683676.673120000050403, 8227586.073550000786781 ], [ 683676.673120000050403, 8227586.013510000891984 ], [ 683676.643100000103004, 8227586.013510000891984 ], [ 683676.643100000103004, 8227585.923450000584126 ], [ 683676.61308000003919, 8227585.923450000584126 ], [ 683676.61308000003919, 8227585.863410000689328 ], [ 683676.583060000091791, 8227585.863410000689328 ], [ 683676.583060000091791, 8227585.773350001312792 ], [ 683676.553040000027977, 8227585.773350001312792 ], [ 683676.553040000027977, 8227585.713310001417994 ], [ 683676.523020000080578, 8227585.713310001417994 ], [ 683676.523020000080578, 8227585.623250001110137 ], [ 683676.493000000016764, 8227585.623250001110137 ], [ 683676.493000000016764, 8227585.563210001215339 ], [ 683676.462980000069365, 8227585.563210001215339 ], [ 683676.462980000069365, 8227585.473150000907481 ], [ 683676.43296, 8227585.473150000907481 ], [ 683676.43296, 8227585.413110001012683 ], [ 683676.402940000058152, 8227585.413110001012683 ], [ 683676.402940000058152, 8227585.323050000704825 ], [ 683676.372920000110753, 8227585.323050000704825 ], [ 683676.372920000110753, 8227585.263010000810027 ], [ 683676.342900000046939, 8227585.263010000810027 ], [ 683676.342900000046939, 8227585.172950001433492 ], [ 683676.31288000009954, 8227585.172950001433492 ], [ 683676.31288000009954, 8227585.112910000607371 ], [ 683676.282860000035726, 8227585.112910000607371 ], [ 683676.282860000035726, 8227585.022850001230836 ], [ 683676.252840000088327, 8227585.022850001230836 ], [ 683676.252840000088327, 8227584.962810001336038 ], [ 683676.222820000024512, 8227584.962810001336038 ], [ 683676.222820000024512, 8227584.87275000102818 ], [ 683676.192800000077114, 8227584.87275000102818 ], [ 683676.192800000077114, 8227584.812710001133382 ], [ 683676.162780000013299, 8227584.812710001133382 ], [ 683676.162780000013299, 8227584.752670001238585 ], [ 683676.1327600000659, 8227584.752670001238585 ], [ 683676.1327600000659, 8227584.662610000930727 ], [ 683676.10274, 8227584.662610000930727 ], [ 683676.10274, 8227584.602570001035929 ], [ 683676.072720000054687, 8227584.602570001035929 ], [ 683676.072720000054687, 8227584.512510000728071 ], [ 683676.042700000107288, 8227584.512510000728071 ], [ 683676.042700000107288, 8227584.452470000833273 ], [ 683676.012680000043474, 8227584.452470000833273 ], [ 683676.012680000043474, 8227584.362410001456738 ], [ 683675.982660000096075, 8227584.362410001456738 ], [ 683675.982660000096075, 8227584.302370000630617 ], [ 683675.952640000032261, 8227584.302370000630617 ], [ 683675.952640000032261, 8227584.212310001254082 ], [ 683675.922620000084862, 8227584.212310001254082 ], [ 683675.922620000084862, 8227584.152270001359284 ], [ 683675.892600000021048, 8227584.152270001359284 ], [ 683675.892600000021048, 8227584.062210001051426 ], [ 683675.862580000073649, 8227584.062210001051426 ], [ 683675.862580000073649, 8227584.002170001156628 ], [ 683675.83256, 8227584.002170001156628 ], [ 683675.83256, 8227583.91211000084877 ], [ 683675.802540000062436, 8227583.91211000084877 ], [ 683675.802540000062436, 8227583.852070000953972 ], [ 683675.772520000115037, 8227583.852070000953972 ], [ 683675.772520000115037, 8227583.762010000646114 ], [ 683675.742500000051223, 8227583.762010000646114 ], [ 683675.742500000051223, 8227583.701970000751317 ], [ 683675.712480000103824, 8227583.701970000751317 ], [ 683675.712480000103824, 8227583.611910001374781 ], [ 683675.68246000004001, 8227583.611910001374781 ], [ 683675.68246000004001, 8227583.551870001479983 ], [ 683675.652440000092611, 8227583.551870001479983 ], [ 683675.652440000092611, 8227583.461810001172125 ], [ 683675.622420000028796, 8227583.461810001172125 ], [ 683675.622420000028796, 8227583.401770001277328 ], [ 683675.592400000081398, 8227583.401770001277328 ], [ 683675.592400000081398, 8227583.31171000096947 ], [ 683675.562380000017583, 8227583.31171000096947 ], [ 683675.562380000017583, 8227583.251670001074672 ], [ 683675.532360000070184, 8227583.251670001074672 ], [ 683675.532360000070184, 8227583.161610000766814 ], [ 683675.50234, 8227583.161610000766814 ], [ 683675.50234, 8227583.101570000872016 ], [ 683675.472320000058971, 8227583.101570000872016 ], [ 683675.472320000058971, 8227583.011510000564158 ], [ 683675.442300000111572, 8227583.011510000564158 ], [ 683675.442300000111572, 8227582.95147000066936 ], [ 683675.412280000047758, 8227582.95147000066936 ], [ 683675.412280000047758, 8227582.861410001292825 ], [ 683675.382260000100359, 8227582.861410001292825 ], [ 683675.382260000100359, 8227582.801370001398027 ], [ 683675.352240000036545, 8227582.801370001398027 ], [ 683675.352240000036545, 8227582.711310001090169 ], [ 683675.322220000089146, 8227582.711310001090169 ], [ 683675.322220000089146, 8227582.651270001195371 ], [ 683675.292200000025332, 8227582.651270001195371 ], [ 683675.292200000025332, 8227582.561210000887513 ], [ 683675.262180000077933, 8227582.561210000887513 ], [ 683675.262180000077933, 8227582.501170000992715 ], [ 683675.232160000014119, 8227582.501170000992715 ], [ 683675.232160000014119, 8227582.411110000684857 ], [ 683675.20214000006672, 8227582.411110000684857 ], [ 683675.20214000006672, 8227582.35107000079006 ], [ 683675.17212, 8227582.35107000079006 ], [ 683675.17212, 8227582.291030000895262 ], [ 683675.142100000055507, 8227582.291030000895262 ], [ 683675.142100000055507, 8227582.200970000587404 ], [ 683675.112080000108108, 8227582.200970000587404 ], [ 683675.112080000108108, 8227582.140930000692606 ], [ 683675.082060000044294, 8227582.140930000692606 ], [ 683675.082060000044294, 8227582.050870001316071 ], [ 683675.052040000096895, 8227582.050870001316071 ], [ 683675.052040000096895, 8227581.990830001421273 ], [ 683675.022020000033081, 8227581.990830001421273 ], [ 683675.022020000033081, 8227581.900770001113415 ], [ 683674.992000000085682, 8227581.900770001113415 ], [ 683674.992000000085682, 8227581.840730001218617 ], [ 683674.961980000021867, 8227581.840730001218617 ], [ 683674.961980000021867, 8227581.750670000910759 ], [ 683674.931960000074469, 8227581.750670000910759 ], [ 683674.931960000074469, 8227581.690630001015961 ], [ 683674.901940000010654, 8227581.690630001015961 ], [ 683674.901940000010654, 8227581.600570000708103 ], [ 683674.871920000063255, 8227581.600570000708103 ], [ 683674.871920000063255, 8227581.540530000813305 ], [ 683674.8419, 8227581.540530000813305 ], [ 683674.8419, 8227581.45047000143677 ], [ 683674.811880000052042, 8227581.45047000143677 ], [ 683674.811880000052042, 8227581.39043000061065 ], [ 683674.781860000104643, 8227581.39043000061065 ], [ 683674.781860000104643, 8227581.300370001234114 ], [ 683674.751840000040829, 8227581.300370001234114 ], [ 683674.751840000040829, 8227581.240330001339316 ], [ 683674.72182000009343, 8227581.240330001339316 ], [ 683674.72182000009343, 8227581.150270001031458 ], [ 683674.691800000029616, 8227581.150270001031458 ], [ 683674.691800000029616, 8227581.090230001136661 ], [ 683674.661780000082217, 8227581.090230001136661 ], [ 683674.661780000082217, 8227581.000170000828803 ], [ 683674.631760000018403, 8227581.000170000828803 ], [ 683674.631760000018403, 8227580.940130000934005 ], [ 683674.601740000071004, 8227580.940130000934005 ], [ 683674.601740000071004, 8227580.850070000626147 ], [ 683674.57172, 8227580.850070000626147 ], [ 683674.57172, 8227580.790030000731349 ], [ 683674.541700000059791, 8227580.790030000731349 ], [ 683674.541700000059791, 8227580.699970001354814 ], [ 683674.511680000112392, 8227580.699970001354814 ], [ 683674.511680000112392, 8227580.639930001460016 ], [ 683674.481660000048578, 8227580.639930001460016 ], [ 683674.481660000048578, 8227580.549870001152158 ], [ 683674.451640000101179, 8227580.549870001152158 ], [ 683674.451640000101179, 8227580.48983000125736 ], [ 683674.421620000037365, 8227580.48983000125736 ], [ 683674.421620000037365, 8227580.399770000949502 ], [ 683674.391600000089966, 8227580.399770000949502 ], [ 683674.391600000089966, 8227580.339730001054704 ], [ 683674.361580000026152, 8227580.339730001054704 ], [ 683674.361580000026152, 8227580.249670000746846 ], [ 683674.331560000078753, 8227580.249670000746846 ], [ 683674.331560000078753, 8227580.189630000852048 ], [ 683674.301540000014938, 8227580.189630000852048 ], [ 683674.301540000014938, 8227580.099570001475513 ], [ 683674.27152000006754, 8227580.099570001475513 ], [ 683674.27152000006754, 8227580.039530000649393 ], [ 683674.2415, 8227580.039530000649393 ], [ 683674.2415, 8227579.949470001272857 ], [ 683674.211480000056326, 8227579.949470001272857 ], [ 683674.211480000056326, 8227579.889430001378059 ], [ 683674.181460000108927, 8227579.889430001378059 ], [ 683674.181460000108927, 8227579.799370001070201 ], [ 683674.151440000045113, 8227579.799370001070201 ], [ 683674.151440000045113, 8227579.739330001175404 ], [ 683674.121420000097714, 8227579.739330001175404 ], [ 683674.121420000097714, 8227579.679290001280606 ], [ 683674.0914000000339, 8227579.679290001280606 ], [ 683674.0914000000339, 8227579.589230000972748 ], [ 683674.061380000086501, 8227579.589230000972748 ], [ 683674.061380000086501, 8227579.52919000107795 ], [ 683674.031360000022687, 8227579.52919000107795 ], [ 683674.031360000022687, 8227579.439130000770092 ], [ 683674.001340000075288, 8227579.439130000770092 ], [ 683674.001340000075288, 8227579.379090000875294 ], [ 683673.971320000011474, 8227579.379090000875294 ], [ 683673.971320000011474, 8227579.289030000567436 ], [ 683673.941300000064075, 8227579.289030000567436 ], [ 683673.941300000064075, 8227579.228990000672638 ], [ 683673.91128, 8227579.228990000672638 ], [ 683673.91128, 8227579.138930001296103 ], [ 683673.881260000052862, 8227579.138930001296103 ], [ 683673.881260000052862, 8227579.078890001401305 ], [ 683673.851240000105463, 8227579.078890001401305 ], [ 683673.851240000105463, 8227578.988830001093447 ], [ 683673.821220000041649, 8227578.988830001093447 ], [ 683673.821220000041649, 8227578.928790001198649 ], [ 683673.79120000009425, 8227578.928790001198649 ], [ 683673.79120000009425, 8227578.838730000890791 ], [ 683673.761180000030436, 8227578.838730000890791 ], [ 683673.761180000030436, 8227578.778690000995994 ], [ 683673.731160000083037, 8227578.778690000995994 ], [ 683673.731160000083037, 8227578.688630000688136 ], [ 683673.701140000019222, 8227578.688630000688136 ], [ 683673.701140000019222, 8227578.628590000793338 ], [ 683673.671120000071824, 8227578.628590000793338 ], [ 683673.671120000071824, 8227578.538530001416802 ], [ 683673.6411, 8227578.538530001416802 ], [ 683673.6411, 8227578.478490000590682 ], [ 683673.61108000006061, 8227578.478490000590682 ], [ 683673.61108000006061, 8227578.388430001214147 ], [ 683673.581060000113212, 8227578.388430001214147 ], [ 683673.581060000113212, 8227578.328390001319349 ], [ 683673.551040000049397, 8227578.328390001319349 ], [ 683673.551040000049397, 8227578.238330001011491 ], [ 683673.521020000101998, 8227578.238330001011491 ], [ 683673.521020000101998, 8227578.178290001116693 ], [ 683673.491000000038184, 8227578.178290001116693 ], [ 683673.491000000038184, 8227578.088230000808835 ], [ 683673.460980000090785, 8227578.088230000808835 ], [ 683673.460980000090785, 8227578.028190000914037 ], [ 683673.430960000026971, 8227578.028190000914037 ], [ 683673.430960000026971, 8227577.938130000606179 ], [ 683673.400940000079572, 8227577.938130000606179 ], [ 683673.400940000079572, 8227577.878090000711381 ], [ 683673.370920000015758, 8227577.878090000711381 ], [ 683673.370920000015758, 8227577.788030001334846 ], [ 683673.340900000068359, 8227577.788030001334846 ], [ 683673.340900000068359, 8227577.727990001440048 ], [ 683673.31088, 8227577.727990001440048 ], [ 683673.31088, 8227577.63793000113219 ], [ 683673.280860000057146, 8227577.63793000113219 ], [ 683673.280860000057146, 8227577.577890001237392 ], [ 683673.250840000109747, 8227577.577890001237392 ], [ 683673.250840000109747, 8227577.487830000929534 ], [ 683673.220820000045933, 8227577.487830000929534 ], [ 683673.220820000045933, 8227577.427790001034737 ], [ 683673.190800000098534, 8227577.427790001034737 ], [ 683673.190800000098534, 8227577.337730000726879 ], [ 683673.16078000003472, 8227577.337730000726879 ], [ 683673.16078000003472, 8227577.277690000832081 ], [ 683673.130760000087321, 8227577.277690000832081 ], [ 683673.130760000087321, 8227577.187630001455545 ], [ 683673.100740000023507, 8227577.187630001455545 ], [ 683673.100740000023507, 8227577.127590000629425 ], [ 683673.070720000076108, 8227577.127590000629425 ], [ 683673.070720000076108, 8227577.067550000734627 ], [ 683673.040700000012293, 8227577.067550000734627 ], [ 683673.040700000012293, 8227576.977490001358092 ], [ 683673.010680000064895, 8227576.977490001358092 ], [ 683673.010680000064895, 8227576.917450001463294 ], [ 683672.98066, 8227576.917450001463294 ], [ 683672.98066, 8227576.827390001155436 ], [ 683672.950640000053681, 8227576.827390001155436 ], [ 683672.950640000053681, 8227576.767350001260638 ], [ 683672.920620000106283, 8227576.767350001260638 ], [ 683672.920620000106283, 8227576.67729000095278 ], [ 683672.890600000042468, 8227576.67729000095278 ], [ 683672.890600000042468, 8227576.617250001057982 ], [ 683672.860580000095069, 8227576.617250001057982 ], [ 683672.860580000095069, 8227576.527190000750124 ], [ 683672.830560000031255, 8227576.527190000750124 ], [ 683672.830560000031255, 8227576.467150000855327 ], [ 683672.800540000083856, 8227576.467150000855327 ], [ 683672.800540000083856, 8227576.377090001478791 ], [ 683672.770520000020042, 8227576.377090001478791 ], [ 683672.770520000020042, 8227576.317050000652671 ], [ 683672.740500000072643, 8227576.317050000652671 ], [ 683672.740500000072643, 8227576.226990001276135 ], [ 683672.71048, 8227576.226990001276135 ], [ 683672.71048, 8227576.166950001381338 ], [ 683672.68046000006143, 8227576.166950001381338 ], [ 683672.68046000006143, 8227576.07689000107348 ], [ 683672.650440000114031, 8227576.07689000107348 ], [ 683672.650440000114031, 8227576.016850001178682 ], [ 683672.620420000050217, 8227576.016850001178682 ], [ 683672.620420000050217, 8227575.926790000870824 ], [ 683672.590400000102818, 8227575.926790000870824 ], [ 683672.590400000102818, 8227575.866750000976026 ], [ 683672.560380000039004, 8227575.866750000976026 ], [ 683672.560380000039004, 8227575.776690000668168 ], [ 683672.530360000091605, 8227575.776690000668168 ], [ 683672.530360000091605, 8227575.71665000077337 ], [ 683672.500340000027791, 8227575.71665000077337 ], [ 683672.500340000027791, 8227575.626590001396835 ], [ 683672.470320000080392, 8227575.626590001396835 ], [ 683672.470320000080392, 8227575.566550000570714 ], [ 683672.440300000016578, 8227575.566550000570714 ], [ 683672.440300000016578, 8227575.476490001194179 ], [ 683672.410280000069179, 8227575.476490001194179 ], [ 683672.410280000069179, 8227575.416450001299381 ], [ 683672.38026, 8227575.416450001299381 ], [ 683672.38026, 8227575.326390000991523 ], [ 683672.350240000057966, 8227575.326390000991523 ], [ 683672.350240000057966, 8227575.266350001096725 ], [ 683672.320220000110567, 8227575.266350001096725 ], [ 683672.320220000110567, 8227575.176290000788867 ], [ 683672.290200000046752, 8227575.176290000788867 ], [ 683672.290200000046752, 8227575.11625000089407 ], [ 683672.260180000099353, 8227575.11625000089407 ], [ 683672.260180000099353, 8227575.026190000586212 ], [ 683672.230160000035539, 8227575.026190000586212 ], [ 683672.230160000035539, 8227574.966150000691414 ], [ 683672.20014000008814, 8227574.966150000691414 ], [ 683672.20014000008814, 8227574.876090001314878 ], [ 683672.170120000024326, 8227574.876090001314878 ], [ 683672.170120000024326, 8227574.816050001420081 ], [ 683672.140100000076927, 8227574.816050001420081 ], [ 683672.140100000076927, 8227574.725990001112223 ], [ 683672.110080000013113, 8227574.725990001112223 ], [ 683672.110080000013113, 8227574.665950001217425 ], [ 683672.080060000065714, 8227574.665950001217425 ], [ 683672.080060000065714, 8227574.575890000909567 ], [ 683672.05004, 8227574.575890000909567 ], [ 683672.05004, 8227574.515850001014769 ], [ 683672.020020000054501, 8227574.515850001014769 ], [ 683672.020020000054501, 8227574.455810001119971 ], [ 683671.990000000107102, 8227574.455810001119971 ], [ 683671.990000000107102, 8227574.365750000812113 ], [ 683671.959980000043288, 8227574.365750000812113 ], [ 683671.959980000043288, 8227574.305710000917315 ], [ 683671.929960000095889, 8227574.305710000917315 ], [ 683671.929960000095889, 8227574.215650000609457 ], [ 683671.899940000032075, 8227574.215650000609457 ], [ 683671.899940000032075, 8227574.15561000071466 ], [ 683671.869920000084676, 8227574.15561000071466 ], [ 683671.869920000084676, 8227574.065550001338124 ], [ 683671.839900000020862, 8227574.065550001338124 ], [ 683671.839900000020862, 8227574.005510001443326 ], [ 683671.809880000073463, 8227574.005510001443326 ], [ 683671.809880000073463, 8227573.915450001135468 ], [ 683671.77986, 8227573.915450001135468 ], [ 683671.77986, 8227573.855410001240671 ], [ 683671.74984000006225, 8227573.855410001240671 ], [ 683671.74984000006225, 8227573.765350000932813 ], [ 683671.719820000114851, 8227573.765350000932813 ], [ 683671.719820000114851, 8227573.705310001038015 ], [ 683671.689800000051036, 8227573.705310001038015 ], [ 683671.689800000051036, 8227573.615250000730157 ], [ 683671.659780000103638, 8227573.615250000730157 ], [ 683671.659780000103638, 8227573.555210000835359 ], [ 683671.629760000039823, 8227573.555210000835359 ], [ 683671.629760000039823, 8227573.465150001458824 ], [ 683671.599740000092424, 8227573.465150001458824 ], [ 683671.599740000092424, 8227573.405110000632703 ], [ 683671.56972000002861, 8227573.405110000632703 ], [ 683671.56972000002861, 8227573.315050001256168 ], [ 683671.539700000081211, 8227573.315050001256168 ], [ 683671.539700000081211, 8227573.25501000136137 ], [ 683671.509680000017397, 8227573.25501000136137 ], [ 683671.509680000017397, 8227573.164950001053512 ], [ 683671.479660000069998, 8227573.164950001053512 ], [ 683671.479660000069998, 8227573.104910001158714 ], [ 683671.44964, 8227573.104910001158714 ], [ 683671.44964, 8227573.014850000850856 ], [ 683671.419620000058785, 8227573.014850000850856 ], [ 683671.419620000058785, 8227572.954810000956059 ], [ 683671.389600000111386, 8227572.954810000956059 ], [ 683671.389600000111386, 8227572.864750000648201 ], [ 683671.359580000047572, 8227572.864750000648201 ], [ 683671.359580000047572, 8227572.804710000753403 ], [ 683671.329560000100173, 8227572.804710000753403 ], [ 683671.329560000100173, 8227572.714650001376867 ], [ 683671.299540000036359, 8227572.714650001376867 ], [ 683671.299540000036359, 8227572.654610000550747 ], [ 683671.26952000008896, 8227572.654610000550747 ], [ 683671.26952000008896, 8227572.564550001174212 ], [ 683671.239500000025146, 8227572.564550001174212 ], [ 683671.239500000025146, 8227572.504510001279414 ], [ 683671.209480000077747, 8227572.504510001279414 ], [ 683671.209480000077747, 8227572.414450000971556 ], [ 683671.179460000013933, 8227572.414450000971556 ], [ 683671.179460000013933, 8227572.354410001076758 ], [ 683671.149440000066534, 8227572.354410001076758 ], [ 683671.149440000066534, 8227572.2643500007689 ], [ 683671.11942, 8227572.2643500007689 ], [ 683671.11942, 8227572.204310000874102 ], [ 683671.089400000055321, 8227572.204310000874102 ], [ 683671.089400000055321, 8227572.114250000566244 ], [ 683671.059380000107922, 8227572.114250000566244 ], [ 683671.059380000107922, 8227572.054210000671446 ], [ 683671.029360000044107, 8227572.054210000671446 ], [ 683671.029360000044107, 8227571.994170000776649 ], [ 683670.999340000096709, 8227571.994170000776649 ], [ 683670.999340000096709, 8227571.904110001400113 ], [ 683670.969320000032894, 8227571.904110001400113 ], [ 683670.969320000032894, 8227571.844070000573993 ], [ 683670.939300000085495, 8227571.844070000573993 ], [ 683670.939300000085495, 8227571.754010001197457 ], [ 683670.909280000021681, 8227571.754010001197457 ], [ 683670.909280000021681, 8227571.69397000130266 ], [ 683670.879260000074282, 8227571.69397000130266 ], [ 683670.879260000074282, 8227571.603910000994802 ], [ 683670.849240000010468, 8227571.603910000994802 ], [ 683670.849240000010468, 8227571.543870001100004 ], [ 683670.819220000063069, 8227571.543870001100004 ], [ 683670.819220000063069, 8227571.453810000792146 ], [ 683670.7892, 8227571.453810000792146 ], [ 683670.7892, 8227571.393770000897348 ], [ 683670.759180000051856, 8227571.393770000897348 ], [ 683670.759180000051856, 8227571.30371000058949 ], [ 683670.729160000104457, 8227571.30371000058949 ], [ 683670.729160000104457, 8227571.243670000694692 ], [ 683670.699140000040643, 8227571.243670000694692 ], [ 683670.699140000040643, 8227571.153610001318157 ], [ 683670.669120000093244, 8227571.153610001318157 ], [ 683670.669120000093244, 8227571.093570001423359 ], [ 683670.63910000002943, 8227571.093570001423359 ], [ 683670.63910000002943, 8227571.003510001115501 ], [ 683670.609080000082031, 8227571.003510001115501 ], [ 683670.609080000082031, 8227570.943470001220703 ], [ 683670.579060000018217, 8227570.943470001220703 ], [ 683670.579060000018217, 8227570.853410000912845 ], [ 683670.549040000070818, 8227570.853410000912845 ], [ 683670.549040000070818, 8227570.793370001018047 ], [ 683670.51902, 8227570.793370001018047 ], [ 683670.51902, 8227570.703310000710189 ], [ 683670.489000000059605, 8227570.703310000710189 ], [ 683670.489000000059605, 8227570.643270000815392 ], [ 683670.458980000112206, 8227570.643270000815392 ], [ 683670.458980000112206, 8227570.553210001438856 ], [ 683670.428960000048392, 8227570.553210001438856 ], [ 683670.428960000048392, 8227570.493170000612736 ], [ 683670.398940000100993, 8227570.493170000612736 ], [ 683670.398940000100993, 8227570.4031100012362 ], [ 683670.368920000037178, 8227570.4031100012362 ], [ 683670.368920000037178, 8227570.343070001341403 ], [ 683670.338900000089779, 8227570.343070001341403 ], [ 683670.338900000089779, 8227570.253010001033545 ], [ 683670.308880000025965, 8227570.253010001033545 ], [ 683670.308880000025965, 8227570.192970001138747 ], [ 683670.278860000078566, 8227570.192970001138747 ], [ 683670.278860000078566, 8227570.102910000830889 ], [ 683670.248840000014752, 8227570.102910000830889 ], [ 683670.248840000014752, 8227570.042870000936091 ], [ 683670.218820000067353, 8227570.042870000936091 ], [ 683670.218820000067353, 8227569.952810000628233 ], [ 683670.1888, 8227569.952810000628233 ], [ 683670.1888, 8227569.892770000733435 ], [ 683670.15878000005614, 8227569.892770000733435 ], [ 683670.15878000005614, 8227569.8027100013569 ], [ 683670.128760000108741, 8227569.8027100013569 ], [ 683670.128760000108741, 8227569.742670001462102 ], [ 683670.098740000044927, 8227569.742670001462102 ], [ 683670.098740000044927, 8227569.652610001154244 ], [ 683670.068720000097528, 8227569.652610001154244 ], [ 683670.068720000097528, 8227569.592570001259446 ], [ 683670.038700000033714, 8227569.592570001259446 ], [ 683670.038700000033714, 8227569.502510000951588 ], [ 683670.008680000086315, 8227569.502510000951588 ], [ 683670.008680000086315, 8227569.44247000105679 ], [ 683669.978660000022501, 8227569.44247000105679 ], [ 683669.978660000022501, 8227569.382430001161993 ], [ 683669.948640000075102, 8227569.382430001161993 ], [ 683669.948640000075102, 8227569.292370000854135 ], [ 683669.918620000011288, 8227569.292370000854135 ], [ 683669.918620000011288, 8227569.232330000959337 ], [ 683669.888600000063889, 8227569.232330000959337 ], [ 683669.888600000063889, 8227569.142270000651479 ], [ 683669.85858, 8227569.142270000651479 ], [ 683669.85858, 8227569.082230000756681 ], [ 683669.828560000052676, 8227569.082230000756681 ], [ 683669.828560000052676, 8227568.992170001380146 ], [ 683669.798540000105277, 8227568.992170001380146 ], [ 683669.798540000105277, 8227568.932130000554025 ], [ 683669.768520000041462, 8227568.932130000554025 ], [ 683669.768520000041462, 8227568.84207000117749 ], [ 683669.738500000094064, 8227568.84207000117749 ], [ 683669.738500000094064, 8227568.782030001282692 ], [ 683669.708480000030249, 8227568.782030001282692 ], [ 683669.708480000030249, 8227568.691970000974834 ], [ 683669.67846000008285, 8227568.691970000974834 ], [ 683669.67846000008285, 8227568.631930001080036 ], [ 683669.648440000019036, 8227568.631930001080036 ], [ 683669.648440000019036, 8227568.541870000772178 ], [ 683669.618420000071637, 8227568.541870000772178 ], [ 683669.618420000071637, 8227568.48183000087738 ], [ 683669.5884, 8227568.48183000087738 ], [ 683669.5884, 8227568.391770000569522 ], [ 683669.558380000060424, 8227568.391770000569522 ], [ 683669.558380000060424, 8227568.331730000674725 ], [ 683669.528360000113025, 8227568.331730000674725 ], [ 683669.528360000113025, 8227568.241670001298189 ], [ 683669.498340000049211, 8227568.241670001298189 ], [ 683669.498340000049211, 8227568.181630001403391 ], [ 683669.468320000101812, 8227568.181630001403391 ], [ 683669.468320000101812, 8227568.091570001095533 ], [ 683669.438300000037998, 8227568.091570001095533 ], [ 683669.438300000037998, 8227568.031530001200736 ], [ 683669.408280000090599, 8227568.031530001200736 ], [ 683669.408280000090599, 8227567.941470000892878 ], [ 683669.378260000026785, 8227567.941470000892878 ], [ 683669.378260000026785, 8227567.88143000099808 ], [ 683669.348240000079386, 8227567.88143000099808 ], [ 683669.348240000079386, 8227567.791370000690222 ], [ 683669.318220000015572, 8227567.791370000690222 ], [ 683669.318220000015572, 8227567.731330000795424 ], [ 683669.288200000068173, 8227567.731330000795424 ], [ 683669.288200000068173, 8227567.641270001418889 ], [ 683669.25818, 8227567.641270001418889 ], [ 683669.25818, 8227567.581230000592768 ], [ 683669.22816000005696, 8227567.581230000592768 ], [ 683669.22816000005696, 8227567.491170001216233 ], [ 683669.198140000109561, 8227567.491170001216233 ], [ 683669.198140000109561, 8227567.431130001321435 ], [ 683669.168120000045747, 8227567.431130001321435 ], [ 683669.168120000045747, 8227567.341070001013577 ], [ 683669.138100000098348, 8227567.341070001013577 ], [ 683669.138100000098348, 8227567.281030001118779 ], [ 683669.108080000034533, 8227567.281030001118779 ], [ 683669.108080000034533, 8227567.190970000810921 ], [ 683669.078060000087135, 8227567.190970000810921 ], [ 683669.078060000087135, 8227567.130930000916123 ], [ 683669.04804000002332, 8227567.130930000916123 ], [ 683669.04804000002332, 8227567.040870000608265 ], [ 683669.018020000075921, 8227567.040870000608265 ], [ 683669.018020000075921, 8227566.980830000713468 ], [ 683668.988000000012107, 8227566.980830000713468 ], [ 683668.988000000012107, 8227566.890770001336932 ], [ 683668.957980000064708, 8227566.890770001336932 ], [ 683668.957980000064708, 8227566.830730001442134 ], [ 683668.92796, 8227566.830730001442134 ], [ 683668.92796, 8227566.770690000616014 ], [ 683668.897940000053495, 8227566.770690000616014 ], [ 683668.897940000053495, 8227566.680630001239479 ], [ 683668.867920000106096, 8227566.680630001239479 ], [ 683668.867920000106096, 8227566.620590001344681 ], [ 683668.837900000042282, 8227566.620590001344681 ], [ 683668.837900000042282, 8227566.530530001036823 ], [ 683668.807880000094883, 8227566.530530001036823 ], [ 683668.807880000094883, 8227566.470490001142025 ], [ 683668.777860000031069, 8227566.470490001142025 ], [ 683668.777860000031069, 8227566.380430000834167 ], [ 683668.74784000008367, 8227566.380430000834167 ], [ 683668.74784000008367, 8227566.320390000939369 ], [ 683668.717820000019856, 8227566.320390000939369 ], [ 683668.717820000019856, 8227566.230330000631511 ], [ 683668.687800000072457, 8227566.230330000631511 ], [ 683668.687800000072457, 8227566.170290000736713 ], [ 683668.65778, 8227566.170290000736713 ], [ 683668.65778, 8227566.080230001360178 ], [ 683668.627760000061244, 8227566.080230001360178 ], [ 683668.627760000061244, 8227566.02019000146538 ], [ 683668.597740000113845, 8227566.02019000146538 ], [ 683668.597740000113845, 8227565.930130001157522 ], [ 683668.567720000050031, 8227565.930130001157522 ], [ 683668.567720000050031, 8227565.870090001262724 ], [ 683668.537700000102632, 8227565.870090001262724 ], [ 683668.537700000102632, 8227565.780030000954866 ], [ 683668.507680000038818, 8227565.780030000954866 ], [ 683668.507680000038818, 8227565.719990001060069 ], [ 683668.477660000091419, 8227565.719990001060069 ], [ 683668.477660000091419, 8227565.629930000752211 ], [ 683668.447640000027604, 8227565.629930000752211 ], [ 683668.447640000027604, 8227565.569890000857413 ], [ 683668.417620000080206, 8227565.569890000857413 ], [ 683668.417620000080206, 8227565.479830000549555 ], [ 683668.387600000016391, 8227565.479830000549555 ], [ 683668.387600000016391, 8227565.419790000654757 ], [ 683668.357580000068992, 8227565.419790000654757 ], [ 683668.357580000068992, 8227565.329730001278222 ], [ 683668.32756, 8227565.329730001278222 ], [ 683668.32756, 8227565.269690001383424 ], [ 683668.297540000057779, 8227565.269690001383424 ], [ 683668.297540000057779, 8227565.179630001075566 ], [ 683668.26752000011038, 8227565.179630001075566 ], [ 683668.26752000011038, 8227565.119590001180768 ], [ 683668.237500000046566, 8227565.119590001180768 ], [ 683668.237500000046566, 8227565.02953000087291 ], [ 683668.207480000099167, 8227565.02953000087291 ], [ 683668.207480000099167, 8227564.969490000978112 ], [ 683668.177460000035353, 8227564.969490000978112 ], [ 683668.177460000035353, 8227564.879430000670254 ], [ 683668.147440000087954, 8227564.879430000670254 ], [ 683668.147440000087954, 8227564.819390000775456 ], [ 683668.11742000002414, 8227564.819390000775456 ], [ 683668.11742000002414, 8227564.729330001398921 ], [ 683668.087400000076741, 8227564.729330001398921 ], [ 683668.087400000076741, 8227564.669290000572801 ], [ 683668.057380000012927, 8227564.669290000572801 ], [ 683668.057380000012927, 8227564.579230001196265 ], [ 683668.027360000065528, 8227564.579230001196265 ], [ 683668.027360000065528, 8227564.519190001301467 ], [ 683667.99734, 8227564.519190001301467 ], [ 683667.99734, 8227564.429130000993609 ], [ 683667.967320000054315, 8227564.429130000993609 ], [ 683667.967320000054315, 8227564.369090001098812 ], [ 683667.937300000106916, 8227564.369090001098812 ], [ 683667.937300000106916, 8227564.279030000790954 ], [ 683667.907280000043102, 8227564.279030000790954 ], [ 683667.907280000043102, 8227564.218990000896156 ], [ 683667.877260000095703, 8227564.218990000896156 ], [ 683667.877260000095703, 8227564.158950001001358 ], [ 683667.847240000031888, 8227564.158950001001358 ], [ 683667.847240000031888, 8227564.0688900006935 ], [ 683667.81722000008449, 8227564.0688900006935 ], [ 683667.81722000008449, 8227564.008850000798702 ], [ 683667.787200000020675, 8227564.008850000798702 ], [ 683667.787200000020675, 8227563.918790001422167 ], [ 683667.757180000073276, 8227563.918790001422167 ], [ 683667.757180000073276, 8227563.858750000596046 ], [ 683667.72716, 8227563.858750000596046 ], [ 683667.72716, 8227563.768690001219511 ], [ 683667.697140000062063, 8227563.768690001219511 ], [ 683667.697140000062063, 8227563.708650001324713 ], [ 683667.667120000114664, 8227563.708650001324713 ], [ 683667.667120000114664, 8227563.618590001016855 ], [ 683667.63710000005085, 8227563.618590001016855 ], [ 683667.63710000005085, 8227563.558550001122057 ], [ 683667.607080000103451, 8227563.558550001122057 ], [ 683667.607080000103451, 8227563.468490000814199 ], [ 683667.577060000039637, 8227563.468490000814199 ], [ 683667.577060000039637, 8227563.408450000919402 ], [ 683667.547040000092238, 8227563.408450000919402 ], [ 683667.547040000092238, 8227563.318390000611544 ], [ 683667.517020000028424, 8227563.318390000611544 ], [ 683667.517020000028424, 8227563.258350000716746 ], [ 683667.487000000081025, 8227563.258350000716746 ], [ 683667.487000000081025, 8227563.16829000134021 ], [ 683667.456980000017211, 8227563.16829000134021 ], [ 683667.456980000017211, 8227563.108250001445413 ], [ 683667.426960000069812, 8227563.108250001445413 ], [ 683667.426960000069812, 8227563.018190001137555 ], [ 683667.39694, 8227563.018190001137555 ], [ 683667.39694, 8227562.958150001242757 ], [ 683667.366920000058599, 8227562.958150001242757 ], [ 683667.366920000058599, 8227562.868090000934899 ], [ 683667.3369000001112, 8227562.868090000934899 ], [ 683667.3369000001112, 8227562.808050001040101 ], [ 683667.306880000047386, 8227562.808050001040101 ], [ 683667.306880000047386, 8227562.717990000732243 ], [ 683667.276860000099987, 8227562.717990000732243 ], [ 683667.276860000099987, 8227562.657950000837445 ], [ 683667.246840000036173, 8227562.657950000837445 ], [ 683667.246840000036173, 8227562.56789000146091 ], [ 683667.216820000088774, 8227562.56789000146091 ], [ 683667.216820000088774, 8227562.507850000634789 ], [ 683667.186800000024959, 8227562.507850000634789 ], [ 683667.186800000024959, 8227562.417790001258254 ], [ 683667.156780000077561, 8227562.417790001258254 ], [ 683667.156780000077561, 8227562.357750001363456 ], [ 683667.126760000013746, 8227562.357750001363456 ], [ 683667.126760000013746, 8227562.267690001055598 ], [ 683667.096740000066347, 8227562.267690001055598 ], [ 683667.096740000066347, 8227562.2076500011608 ], [ 683667.06672, 8227562.2076500011608 ], [ 683667.06672, 8227562.117590000852942 ], [ 683667.036700000055134, 8227562.117590000852942 ], [ 683667.036700000055134, 8227562.057550000958145 ], [ 683667.006680000107735, 8227562.057550000958145 ], [ 683667.006680000107735, 8227561.967490000650287 ], [ 683666.976660000043921, 8227561.967490000650287 ], [ 683666.976660000043921, 8227561.907450000755489 ], [ 683666.946640000096522, 8227561.907450000755489 ], [ 683666.946640000096522, 8227561.817390001378953 ], [ 683666.916620000032708, 8227561.817390001378953 ], [ 683666.916620000032708, 8227561.757350000552833 ], [ 683666.886600000085309, 8227561.757350000552833 ], [ 683666.886600000085309, 8227561.697310000658035 ], [ 683666.856580000021495, 8227561.697310000658035 ], [ 683666.856580000021495, 8227561.6072500012815 ], [ 683666.826560000074096, 8227561.6072500012815 ], [ 683666.826560000074096, 8227561.547210001386702 ], [ 683666.796540000010282, 8227561.547210001386702 ], [ 683666.796540000010282, 8227561.457150001078844 ], [ 683666.766520000062883, 8227561.457150001078844 ], [ 683666.766520000062883, 8227561.397110001184046 ], [ 683666.7365, 8227561.397110001184046 ], [ 683666.7365, 8227561.307050000876188 ], [ 683666.70648000005167, 8227561.307050000876188 ], [ 683666.70648000005167, 8227561.24701000098139 ], [ 683666.676460000104271, 8227561.24701000098139 ], [ 683666.676460000104271, 8227561.156950000673532 ], [ 683666.646440000040457, 8227561.156950000673532 ], [ 683666.646440000040457, 8227561.096910000778735 ], [ 683666.616420000093058, 8227561.096910000778735 ], [ 683666.616420000093058, 8227561.006850001402199 ], [ 683666.586400000029244, 8227561.006850001402199 ], [ 683666.586400000029244, 8227560.946810000576079 ], [ 683666.556380000081845, 8227560.946810000576079 ], [ 683666.556380000081845, 8227560.856750001199543 ], [ 683666.52636000001803, 8227560.856750001199543 ], [ 683666.52636000001803, 8227560.796710001304746 ], [ 683666.496340000070632, 8227560.796710001304746 ], [ 683666.496340000070632, 8227560.706650000996888 ], [ 683666.46632, 8227560.706650000996888 ], [ 683666.46632, 8227560.64661000110209 ], [ 683666.436300000059418, 8227560.64661000110209 ], [ 683666.436300000059418, 8227560.556550000794232 ], [ 683666.406280000112019, 8227560.556550000794232 ], [ 683666.406280000112019, 8227560.496510000899434 ], [ 683666.376260000048205, 8227560.496510000899434 ], [ 683666.376260000048205, 8227560.406450000591576 ], [ 683666.346240000100806, 8227560.406450000591576 ], [ 683666.346240000100806, 8227560.346410000696778 ], [ 683666.316220000036992, 8227560.346410000696778 ], [ 683666.316220000036992, 8227560.256350001320243 ], [ 683666.286200000089593, 8227560.256350001320243 ], [ 683666.286200000089593, 8227560.196310001425445 ], [ 683666.256180000025779, 8227560.196310001425445 ], [ 683666.256180000025779, 8227560.106250001117587 ], [ 683666.22616000007838, 8227560.106250001117587 ], [ 683666.22616000007838, 8227560.046210001222789 ], [ 683666.196140000014566, 8227560.046210001222789 ], [ 683666.196140000014566, 8227559.956150000914931 ], [ 683666.166120000067167, 8227559.956150000914931 ], [ 683666.166120000067167, 8227559.896110001020133 ], [ 683666.1361, 8227559.896110001020133 ], [ 683666.1361, 8227559.806050000712276 ], [ 683666.106080000055954, 8227559.806050000712276 ], [ 683666.106080000055954, 8227559.746010000817478 ], [ 683666.076060000108555, 8227559.746010000817478 ], [ 683666.076060000108555, 8227559.655950001440942 ], [ 683666.046040000044741, 8227559.655950001440942 ], [ 683666.046040000044741, 8227559.595910000614822 ], [ 683666.016020000097342, 8227559.595910000614822 ], [ 683666.016020000097342, 8227559.505850001238286 ], [ 683665.986000000033528, 8227559.505850001238286 ], [ 683665.986000000033528, 8227559.445810001343489 ], [ 683665.955980000086129, 8227559.445810001343489 ], [ 683665.955980000086129, 8227559.355750001035631 ], [ 683665.925960000022314, 8227559.355750001035631 ], [ 683665.925960000022314, 8227559.295710001140833 ], [ 683665.895940000074916, 8227559.295710001140833 ], [ 683665.895940000074916, 8227559.205650000832975 ], [ 683665.865920000011101, 8227559.205650000832975 ], [ 683665.865920000011101, 8227559.145610000938177 ], [ 683665.835900000063702, 8227559.145610000938177 ], [ 683665.835900000063702, 8227559.085570001043379 ], [ 683665.80588, 8227559.085570001043379 ], [ 683665.80588, 8227558.995510000735521 ], [ 683665.775860000052489, 8227558.995510000735521 ], [ 683665.775860000052489, 8227558.935470000840724 ], [ 683665.74584000010509, 8227558.935470000840724 ], [ 683665.74584000010509, 8227558.845410001464188 ], [ 683665.715820000041276, 8227558.845410001464188 ], [ 683665.715820000041276, 8227558.785370000638068 ], [ 683665.685800000093877, 8227558.785370000638068 ], [ 683665.685800000093877, 8227558.695310001261532 ], [ 683665.655780000030063, 8227558.695310001261532 ], [ 683665.655780000030063, 8227558.635270001366735 ], [ 683665.625760000082664, 8227558.635270001366735 ], [ 683665.625760000082664, 8227558.545210001058877 ], [ 683665.59574000001885, 8227558.545210001058877 ], [ 683665.59574000001885, 8227558.485170001164079 ], [ 683665.565720000071451, 8227558.485170001164079 ], [ 683665.565720000071451, 8227558.395110000856221 ], [ 683665.5357, 8227558.395110000856221 ], [ 683665.5357, 8227558.335070000961423 ], [ 683665.505680000060238, 8227558.335070000961423 ], [ 683665.505680000060238, 8227558.245010000653565 ], [ 683665.475660000112839, 8227558.245010000653565 ], [ 683665.475660000112839, 8227558.184970000758767 ], [ 683665.445640000049025, 8227558.184970000758767 ], [ 683665.445640000049025, 8227558.094910001382232 ], [ 683665.415620000101626, 8227558.094910001382232 ], [ 683665.415620000101626, 8227558.034870000556111 ], [ 683665.385600000037812, 8227558.034870000556111 ], [ 683665.385600000037812, 8227557.944810001179576 ], [ 683665.355580000090413, 8227557.944810001179576 ], [ 683665.355580000090413, 8227557.884770001284778 ], [ 683665.325560000026599, 8227557.884770001284778 ], [ 683665.325560000026599, 8227557.79471000097692 ], [ 683665.2955400000792, 8227557.79471000097692 ], [ 683665.2955400000792, 8227557.734670001082122 ], [ 683665.265520000015385, 8227557.734670001082122 ], [ 683665.265520000015385, 8227557.644610000774264 ], [ 683665.235500000067987, 8227557.644610000774264 ], [ 683665.235500000067987, 8227557.584570000879467 ], [ 683665.20548, 8227557.584570000879467 ], [ 683665.20548, 8227557.494510000571609 ], [ 683665.175460000056773, 8227557.494510000571609 ], [ 683665.175460000056773, 8227557.434470000676811 ], [ 683665.145440000109375, 8227557.434470000676811 ], [ 683665.145440000109375, 8227557.344410001300275 ], [ 683665.11542000004556, 8227557.344410001300275 ], [ 683665.11542000004556, 8227557.284370001405478 ], [ 683665.085400000098161, 8227557.284370001405478 ], [ 683665.085400000098161, 8227557.19431000109762 ], [ 683665.055380000034347, 8227557.19431000109762 ], [ 683665.055380000034347, 8227557.134270001202822 ], [ 683665.025360000086948, 8227557.134270001202822 ], [ 683665.025360000086948, 8227557.044210000894964 ], [ 683664.995340000023134, 8227557.044210000894964 ], [ 683664.995340000023134, 8227556.984170001000166 ], [ 683664.965320000075735, 8227556.984170001000166 ], [ 683664.965320000075735, 8227556.894110000692308 ], [ 683664.935300000011921, 8227556.894110000692308 ], [ 683664.935300000011921, 8227556.83407000079751 ], [ 683664.905280000064522, 8227556.83407000079751 ], [ 683664.905280000064522, 8227556.744010001420975 ], [ 683664.87526, 8227556.744010001420975 ], [ 683664.87526, 8227556.683970000594854 ], [ 683664.845240000053309, 8227556.683970000594854 ], [ 683664.845240000053309, 8227556.593910001218319 ], [ 683664.81522000010591, 8227556.593910001218319 ], [ 683664.81522000010591, 8227556.533870001323521 ], [ 683664.785200000042096, 8227556.533870001323521 ], [ 683664.785200000042096, 8227556.473830001428723 ], [ 683664.755180000094697, 8227556.473830001428723 ], [ 683664.755180000094697, 8227556.383770001120865 ], [ 683664.725160000030883, 8227556.383770001120865 ], [ 683664.725160000030883, 8227556.323730001226068 ], [ 683664.695140000083484, 8227556.323730001226068 ], [ 683664.695140000083484, 8227556.23367000091821 ], [ 683664.66512000001967, 8227556.23367000091821 ], [ 683664.66512000001967, 8227556.173630001023412 ], [ 683664.635100000072271, 8227556.173630001023412 ], [ 683664.635100000072271, 8227556.083570000715554 ], [ 683664.60508, 8227556.083570000715554 ], [ 683664.60508, 8227556.023530000820756 ], [ 683664.575060000061058, 8227556.023530000820756 ], [ 683664.575060000061058, 8227555.933470001444221 ], [ 683664.545040000113659, 8227555.933470001444221 ], [ 683664.545040000113659, 8227555.8734300006181 ], [ 683664.515020000049844, 8227555.8734300006181 ], [ 683664.515020000049844, 8227555.783370001241565 ], [ 683664.485000000102445, 8227555.783370001241565 ], [ 683664.485000000102445, 8227555.723330001346767 ], [ 683664.454980000038631, 8227555.723330001346767 ], [ 683664.454980000038631, 8227555.633270001038909 ], [ 683664.424960000091232, 8227555.633270001038909 ], [ 683664.424960000091232, 8227555.573230001144111 ], [ 683664.394940000027418, 8227555.573230001144111 ], [ 683664.394940000027418, 8227555.483170000836253 ], [ 683664.364920000080019, 8227555.483170000836253 ], [ 683664.364920000080019, 8227555.423130000941455 ], [ 683664.334900000016205, 8227555.423130000941455 ], [ 683664.334900000016205, 8227555.333070000633597 ], [ 683664.304880000068806, 8227555.333070000633597 ], [ 683664.304880000068806, 8227555.2730300007388 ], [ 683664.27486, 8227555.2730300007388 ], [ 683664.27486, 8227555.182970001362264 ], [ 683664.244840000057593, 8227555.182970001362264 ], [ 683664.244840000057593, 8227555.122930001467466 ], [ 683664.214820000110194, 8227555.122930001467466 ], [ 683664.214820000110194, 8227555.032870001159608 ], [ 683664.18480000004638, 8227555.032870001159608 ], [ 683664.18480000004638, 8227554.972830001264811 ], [ 683664.154780000098981, 8227554.972830001264811 ], [ 683664.154780000098981, 8227554.882770000956953 ], [ 683664.124760000035167, 8227554.882770000956953 ], [ 683664.124760000035167, 8227554.822730001062155 ], [ 683664.094740000087768, 8227554.822730001062155 ], [ 683664.094740000087768, 8227554.732670000754297 ], [ 683664.064720000023954, 8227554.732670000754297 ], [ 683664.064720000023954, 8227554.672630000859499 ], [ 683664.034700000076555, 8227554.672630000859499 ], [ 683664.034700000076555, 8227554.582570000551641 ], [ 683664.00468000001274, 8227554.582570000551641 ], [ 683664.00468000001274, 8227554.522530000656843 ], [ 683663.974660000065342, 8227554.522530000656843 ], [ 683663.974660000065342, 8227554.432470001280308 ], [ 683663.94464, 8227554.432470001280308 ], [ 683663.94464, 8227554.37243000138551 ], [ 683663.914620000054128, 8227554.37243000138551 ], [ 683663.914620000054128, 8227554.282370001077652 ], [ 683663.88460000010673, 8227554.282370001077652 ], [ 683663.88460000010673, 8227554.222330001182854 ], [ 683663.854580000042915, 8227554.222330001182854 ], [ 683663.854580000042915, 8227554.132270000874996 ], [ 683663.824560000095516, 8227554.132270000874996 ], [ 683663.824560000095516, 8227554.072230000980198 ], [ 683663.794540000031702, 8227554.072230000980198 ], [ 683663.794540000031702, 8227554.012190001085401 ], [ 683663.764520000084303, 8227554.012190001085401 ], [ 683663.764520000084303, 8227553.922130000777543 ], [ 683663.734500000020489, 8227553.922130000777543 ], [ 683663.734500000020489, 8227553.862090000882745 ], [ 683663.70448000007309, 8227553.862090000882745 ], [ 683663.70448000007309, 8227553.772030000574887 ], [ 683663.67446, 8227553.772030000574887 ], [ 683663.67446, 8227553.711990000680089 ], [ 683663.644440000061877, 8227553.711990000680089 ], [ 683663.644440000061877, 8227553.621930001303554 ], [ 683663.614420000114478, 8227553.621930001303554 ], [ 683663.614420000114478, 8227553.561890001408756 ], [ 683663.584400000050664, 8227553.561890001408756 ], [ 683663.584400000050664, 8227553.471830001100898 ], [ 683663.554380000103265, 8227553.471830001100898 ], [ 683663.554380000103265, 8227553.4117900012061 ], [ 683663.524360000039451, 8227553.4117900012061 ], [ 683663.524360000039451, 8227553.321730000898242 ], [ 683663.494340000092052, 8227553.321730000898242 ], [ 683663.494340000092052, 8227553.261690001003444 ], [ 683663.464320000028238, 8227553.261690001003444 ], [ 683663.464320000028238, 8227553.171630000695586 ], [ 683663.434300000080839, 8227553.171630000695586 ], [ 683663.434300000080839, 8227553.111590000800788 ], [ 683663.404280000017025, 8227553.111590000800788 ], [ 683663.404280000017025, 8227553.021530001424253 ], [ 683663.374260000069626, 8227553.021530001424253 ], [ 683663.374260000069626, 8227552.961490000598133 ], [ 683663.34424, 8227552.961490000598133 ], [ 683663.34424, 8227552.871430001221597 ], [ 683663.314220000058413, 8227552.871430001221597 ], [ 683663.314220000058413, 8227552.811390001326799 ], [ 683663.284200000111014, 8227552.811390001326799 ], [ 683663.284200000111014, 8227552.721330001018941 ], [ 683663.254180000047199, 8227552.721330001018941 ], [ 683663.254180000047199, 8227552.661290001124144 ], [ 683663.224160000099801, 8227552.661290001124144 ], [ 683663.224160000099801, 8227552.571230000816286 ], [ 683663.194140000035986, 8227552.571230000816286 ], [ 683663.194140000035986, 8227552.511190000921488 ], [ 683663.164120000088587, 8227552.511190000921488 ], [ 683663.164120000088587, 8227552.42113000061363 ], [ 683663.134100000024773, 8227552.42113000061363 ], [ 683663.134100000024773, 8227552.361090000718832 ], [ 683663.104080000077374, 8227552.361090000718832 ], [ 683663.104080000077374, 8227552.271030001342297 ], [ 683663.07406000001356, 8227552.271030001342297 ], [ 683663.07406000001356, 8227552.210990001447499 ], [ 683663.044040000066161, 8227552.210990001447499 ], [ 683663.044040000066161, 8227552.120930001139641 ], [ 683663.01402, 8227552.120930001139641 ], [ 683663.01402, 8227552.060890001244843 ], [ 683662.984000000054948, 8227552.060890001244843 ], [ 683662.984000000054948, 8227551.970830000936985 ], [ 683662.953980000107549, 8227551.970830000936985 ], [ 683662.953980000107549, 8227551.910790001042187 ], [ 683662.923960000043735, 8227551.910790001042187 ], [ 683662.923960000043735, 8227551.820730000734329 ], [ 683662.893940000096336, 8227551.820730000734329 ], [ 683662.893940000096336, 8227551.760690000839531 ], [ 683662.863920000032522, 8227551.760690000839531 ], [ 683662.863920000032522, 8227551.670630001462996 ], [ 683662.833900000085123, 8227551.670630001462996 ], [ 683662.833900000085123, 8227551.610590000636876 ], [ 683662.803880000021309, 8227551.610590000636876 ], [ 683662.803880000021309, 8227551.52053000126034 ], [ 683662.77386000007391, 8227551.52053000126034 ], [ 683662.77386000007391, 8227551.460490001365542 ], [ 683662.743840000010096, 8227551.460490001365542 ], [ 683662.743840000010096, 8227551.400450001470745 ], [ 683662.713820000062697, 8227551.400450001470745 ], [ 683662.713820000062697, 8227551.310390001162887 ], [ 683662.683800000115298, 8227551.310390001162887 ], [ 683662.683800000115298, 8227551.250350001268089 ], [ 683662.653780000051484, 8227551.250350001268089 ], [ 683662.653780000051484, 8227551.160290000960231 ], [ 683662.623760000104085, 8227551.160290000960231 ], [ 683662.623760000104085, 8227551.100250001065433 ], [ 683662.59374000004027, 8227551.100250001065433 ], [ 683662.59374000004027, 8227551.010190000757575 ], [ 683662.563720000092871, 8227551.010190000757575 ], [ 683662.563720000092871, 8227550.950150000862777 ], [ 683662.533700000029057, 8227550.950150000862777 ], [ 683662.533700000029057, 8227550.860090000554919 ], [ 683662.503680000081658, 8227550.860090000554919 ], [ 683662.503680000081658, 8227550.800050000660121 ], [ 683662.473660000017844, 8227550.800050000660121 ], [ 683662.473660000017844, 8227550.709990001283586 ], [ 683662.443640000070445, 8227550.709990001283586 ], [ 683662.443640000070445, 8227550.649950001388788 ], [ 683662.41362, 8227550.649950001388788 ], [ 683662.41362, 8227550.55989000108093 ], [ 683662.383600000059232, 8227550.55989000108093 ], [ 683662.383600000059232, 8227550.499850001186132 ], [ 683662.353580000111833, 8227550.499850001186132 ], [ 683662.353580000111833, 8227550.409790000878274 ], [ 683662.323560000048019, 8227550.409790000878274 ], [ 683662.323560000048019, 8227550.349750000983477 ], [ 683662.29354000010062, 8227550.349750000983477 ], [ 683662.29354000010062, 8227550.259690000675619 ], [ 683662.263520000036806, 8227550.259690000675619 ], [ 683662.263520000036806, 8227550.199650000780821 ], [ 683662.233500000089407, 8227550.199650000780821 ], [ 683662.233500000089407, 8227550.109590001404285 ], [ 683662.203480000025593, 8227550.109590001404285 ], [ 683662.203480000025593, 8227550.049550000578165 ], [ 683662.173460000078194, 8227550.049550000578165 ], [ 683662.173460000078194, 8227549.95949000120163 ], [ 683662.14344000001438, 8227549.95949000120163 ], [ 683662.14344000001438, 8227549.899450001306832 ], [ 683662.113420000066981, 8227549.899450001306832 ], [ 683662.113420000066981, 8227549.809390000998974 ], [ 683662.0834, 8227549.809390000998974 ], [ 683662.0834, 8227549.749350001104176 ], [ 683662.053380000055768, 8227549.749350001104176 ], [ 683662.053380000055768, 8227549.659290000796318 ], [ 683662.023360000108369, 8227549.659290000796318 ], [ 683662.023360000108369, 8227549.59925000090152 ], [ 683661.993340000044554, 8227549.59925000090152 ], [ 683661.993340000044554, 8227549.509190000593662 ], [ 683661.963320000097156, 8227549.509190000593662 ], [ 683661.963320000097156, 8227549.449150000698864 ], [ 683661.933300000033341, 8227549.449150000698864 ], [ 683661.933300000033341, 8227549.359090001322329 ], [ 683661.903280000085942, 8227549.359090001322329 ], [ 683661.903280000085942, 8227549.299050001427531 ], [ 683661.873260000022128, 8227549.299050001427531 ], [ 683661.873260000022128, 8227549.208990001119673 ], [ 683661.843240000074729, 8227549.208990001119673 ], [ 683661.843240000074729, 8227549.148950001224875 ], [ 683661.813220000010915, 8227549.148950001224875 ], [ 683661.813220000010915, 8227549.058890000917017 ], [ 683661.783200000063516, 8227549.058890000917017 ], [ 683661.783200000063516, 8227548.99885000102222 ], [ 683661.75318, 8227548.99885000102222 ], [ 683661.75318, 8227548.908790000714362 ], [ 683661.723160000052303, 8227548.908790000714362 ], [ 683661.723160000052303, 8227548.848750000819564 ], [ 683661.693140000104904, 8227548.848750000819564 ], [ 683661.693140000104904, 8227548.788710000924766 ], [ 683661.66312000004109, 8227548.788710000924766 ], [ 683661.66312000004109, 8227548.698650000616908 ], [ 683661.633100000093691, 8227548.698650000616908 ], [ 683661.633100000093691, 8227548.63861000072211 ], [ 683661.603080000029877, 8227548.63861000072211 ], [ 683661.603080000029877, 8227548.548550001345575 ], [ 683661.573060000082478, 8227548.548550001345575 ], [ 683661.573060000082478, 8227548.488510001450777 ], [ 683661.543040000018664, 8227548.488510001450777 ], [ 683661.543040000018664, 8227548.398450001142919 ], [ 683661.513020000071265, 8227548.398450001142919 ], [ 683661.513020000071265, 8227548.338410001248121 ], [ 683661.483, 8227548.338410001248121 ], [ 683661.483, 8227548.248350000940263 ], [ 683661.452980000060052, 8227548.248350000940263 ], [ 683661.452980000060052, 8227548.188310001045465 ], [ 683661.422960000112653, 8227548.188310001045465 ], [ 683661.422960000112653, 8227548.098250000737607 ], [ 683661.392940000048839, 8227548.098250000737607 ], [ 683661.392940000048839, 8227548.03821000084281 ], [ 683661.36292000010144, 8227548.03821000084281 ], [ 683661.36292000010144, 8227547.948150001466274 ], [ 683661.332900000037625, 8227547.948150001466274 ], [ 683661.332900000037625, 8227547.888110000640154 ], [ 683661.302880000090227, 8227547.888110000640154 ], [ 683661.302880000090227, 8227547.798050001263618 ], [ 683661.272860000026412, 8227547.798050001263618 ], [ 683661.272860000026412, 8227547.738010001368821 ], [ 683661.242840000079013, 8227547.738010001368821 ], [ 683661.242840000079013, 8227547.647950001060963 ], [ 683661.212820000015199, 8227547.647950001060963 ], [ 683661.212820000015199, 8227547.587910001166165 ], [ 683661.1828000000678, 8227547.587910001166165 ], [ 683661.1828000000678, 8227547.497850000858307 ], [ 683661.15278, 8227547.497850000858307 ], [ 683661.15278, 8227547.437810000963509 ], [ 683661.122760000056587, 8227547.437810000963509 ], [ 683661.122760000056587, 8227547.347750000655651 ], [ 683661.092740000109188, 8227547.347750000655651 ], [ 683661.092740000109188, 8227547.287710000760853 ], [ 683661.062720000045374, 8227547.287710000760853 ], [ 683661.062720000045374, 8227547.197650001384318 ], [ 683661.032700000097975, 8227547.197650001384318 ], [ 683661.032700000097975, 8227547.137610000558197 ], [ 683661.002680000034161, 8227547.137610000558197 ], [ 683661.002680000034161, 8227547.047550001181662 ], [ 683660.972660000086762, 8227547.047550001181662 ], [ 683660.972660000086762, 8227546.987510001286864 ], [ 683660.942640000022948, 8227546.987510001286864 ], [ 683660.942640000022948, 8227546.897450000979006 ], [ 683660.912620000075549, 8227546.897450000979006 ], [ 683660.912620000075549, 8227546.837410001084208 ], [ 683660.882600000011735, 8227546.837410001084208 ], [ 683660.882600000011735, 8227546.74735000077635 ], [ 683660.852580000064336, 8227546.74735000077635 ], [ 683660.852580000064336, 8227546.687310000881553 ], [ 683660.82256, 8227546.687310000881553 ], [ 683660.82256, 8227546.597250000573695 ], [ 683660.792540000053123, 8227546.597250000573695 ], [ 683660.792540000053123, 8227546.537210000678897 ], [ 683660.762520000105724, 8227546.537210000678897 ], [ 683660.762520000105724, 8227546.447150001302361 ], [ 683660.73250000004191, 8227546.447150001302361 ], [ 683660.73250000004191, 8227546.387110001407564 ], [ 683660.702480000094511, 8227546.387110001407564 ], [ 683660.702480000094511, 8227546.297050001099706 ], [ 683660.672460000030696, 8227546.297050001099706 ], [ 683660.672460000030696, 8227546.237010001204908 ], [ 683660.642440000083297, 8227546.237010001204908 ], [ 683660.642440000083297, 8227546.17697000131011 ], [ 683660.612420000019483, 8227546.17697000131011 ], [ 683660.612420000019483, 8227546.086910001002252 ], [ 683660.582400000072084, 8227546.086910001002252 ], [ 683660.582400000072084, 8227546.026870001107454 ], [ 683660.55238, 8227546.026870001107454 ], [ 683660.55238, 8227545.936810000799596 ], [ 683660.522360000060871, 8227545.936810000799596 ], [ 683660.522360000060871, 8227545.876770000904799 ], [ 683660.492340000113472, 8227545.876770000904799 ], [ 683660.492340000113472, 8227545.786710000596941 ], [ 683660.462320000049658, 8227545.786710000596941 ], [ 683660.462320000049658, 8227545.726670000702143 ], [ 683660.432300000102259, 8227545.726670000702143 ], [ 683660.432300000102259, 8227545.636610001325607 ], [ 683660.402280000038445, 8227545.636610001325607 ], [ 683660.402280000038445, 8227545.576570001430809 ], [ 683660.372260000091046, 8227545.576570001430809 ], [ 683660.372260000091046, 8227545.486510001122952 ], [ 683660.342240000027232, 8227545.486510001122952 ], [ 683660.342240000027232, 8227545.426470001228154 ], [ 683660.312220000079833, 8227545.426470001228154 ], [ 683660.312220000079833, 8227545.336410000920296 ], [ 683660.282200000016019, 8227545.336410000920296 ], [ 683660.282200000016019, 8227545.276370001025498 ], [ 683660.25218000006862, 8227545.276370001025498 ], [ 683660.25218000006862, 8227545.18631000071764 ], [ 683660.22216, 8227545.18631000071764 ], [ 683660.22216, 8227545.126270000822842 ], [ 683660.192140000057407, 8227545.126270000822842 ], [ 683660.192140000057407, 8227545.036210001446307 ], [ 683660.162120000110008, 8227545.036210001446307 ], [ 683660.162120000110008, 8227544.976170000620186 ], [ 683660.132100000046194, 8227544.976170000620186 ], [ 683660.132100000046194, 8227544.886110001243651 ], [ 683660.102080000098795, 8227544.886110001243651 ], [ 683660.102080000098795, 8227544.826070001348853 ], [ 683660.07206000003498, 8227544.826070001348853 ], [ 683660.07206000003498, 8227544.736010001040995 ], [ 683660.042040000087582, 8227544.736010001040995 ], [ 683660.042040000087582, 8227544.675970001146197 ], [ 683660.012020000023767, 8227544.675970001146197 ], [ 683660.012020000023767, 8227544.585910000838339 ], [ 683659.982000000076368, 8227544.585910000838339 ], [ 683659.982000000076368, 8227544.525870000943542 ], [ 683659.951980000012554, 8227544.525870000943542 ], [ 683659.951980000012554, 8227544.435810000635684 ], [ 683659.921960000065155, 8227544.435810000635684 ], [ 683659.921960000065155, 8227544.375770000740886 ], [ 683659.89194, 8227544.375770000740886 ], [ 683659.89194, 8227544.28571000136435 ], [ 683659.861920000053942, 8227544.28571000136435 ], [ 683659.861920000053942, 8227544.225670001469553 ], [ 683659.831900000106543, 8227544.225670001469553 ], [ 683659.831900000106543, 8227544.135610001161695 ], [ 683659.801880000042729, 8227544.135610001161695 ], [ 683659.801880000042729, 8227544.075570001266897 ], [ 683659.77186000009533, 8227544.075570001266897 ], [ 683659.77186000009533, 8227543.985510000959039 ], [ 683659.741840000031516, 8227543.985510000959039 ], [ 683659.741840000031516, 8227543.925470001064241 ], [ 683659.711820000084117, 8227543.925470001064241 ], [ 683659.711820000084117, 8227543.835410000756383 ], [ 683659.681800000020303, 8227543.835410000756383 ], [ 683659.681800000020303, 8227543.775370000861585 ], [ 683659.651780000072904, 8227543.775370000861585 ], [ 683659.651780000072904, 8227543.715330000966787 ], [ 683659.62176, 8227543.715330000966787 ], [ 683659.62176, 8227543.625270000658929 ], [ 683659.591740000061691, 8227543.625270000658929 ], [ 683659.591740000061691, 8227543.565230000764132 ], [ 683659.561720000114292, 8227543.565230000764132 ], [ 683659.561720000114292, 8227543.475170001387596 ], [ 683659.531700000050478, 8227543.475170001387596 ], [ 683659.531700000050478, 8227543.415130000561476 ], [ 683659.501680000103079, 8227543.415130000561476 ], [ 683659.501680000103079, 8227543.32507000118494 ], [ 683659.471660000039265, 8227543.32507000118494 ], [ 683659.471660000039265, 8227543.265030001290143 ], [ 683659.441640000091866, 8227543.265030001290143 ], [ 683659.441640000091866, 8227543.174970000982285 ], [ 683659.411620000028051, 8227543.174970000982285 ], [ 683659.411620000028051, 8227543.114930001087487 ], [ 683659.381600000080653, 8227543.114930001087487 ], [ 683659.381600000080653, 8227543.024870000779629 ], [ 683659.351580000016838, 8227543.024870000779629 ], [ 683659.351580000016838, 8227542.964830000884831 ], [ 683659.321560000069439, 8227542.964830000884831 ], [ 683659.321560000069439, 8227542.874770000576973 ], [ 683659.29154, 8227542.874770000576973 ], [ 683659.29154, 8227542.814730000682175 ], [ 683659.261520000058226, 8227542.814730000682175 ], [ 683659.261520000058226, 8227542.72467000130564 ], [ 683659.231500000110827, 8227542.72467000130564 ], [ 683659.231500000110827, 8227542.664630001410842 ], [ 683659.201480000047013, 8227542.664630001410842 ], [ 683659.201480000047013, 8227542.574570001102984 ], [ 683659.171460000099614, 8227542.574570001102984 ], [ 683659.171460000099614, 8227542.514530001208186 ], [ 683659.1414400000358, 8227542.514530001208186 ], [ 683659.1414400000358, 8227542.424470000900328 ], [ 683659.111420000088401, 8227542.424470000900328 ], [ 683659.111420000088401, 8227542.36443000100553 ], [ 683659.081400000024587, 8227542.36443000100553 ], [ 683659.081400000024587, 8227542.274370000697672 ], [ 683659.051380000077188, 8227542.274370000697672 ], [ 683659.051380000077188, 8227542.214330000802875 ], [ 683659.021360000013374, 8227542.214330000802875 ], [ 683659.021360000013374, 8227542.124270001426339 ], [ 683658.991340000065975, 8227542.124270001426339 ], [ 683658.991340000065975, 8227542.064230000600219 ], [ 683658.96132, 8227542.064230000600219 ], [ 683658.96132, 8227541.974170001223683 ], [ 683658.931300000054762, 8227541.974170001223683 ], [ 683658.931300000054762, 8227541.914130001328886 ], [ 683658.901280000107363, 8227541.914130001328886 ], [ 683658.901280000107363, 8227541.824070001021028 ], [ 683658.871260000043549, 8227541.824070001021028 ], [ 683658.871260000043549, 8227541.76403000112623 ], [ 683658.84124000009615, 8227541.76403000112623 ], [ 683658.84124000009615, 8227541.673970000818372 ], [ 683658.811220000032336, 8227541.673970000818372 ], [ 683658.811220000032336, 8227541.613930000923574 ], [ 683658.781200000084937, 8227541.613930000923574 ], [ 683658.781200000084937, 8227541.523870000615716 ], [ 683658.751180000021122, 8227541.523870000615716 ], [ 683658.751180000021122, 8227541.463830000720918 ], [ 683658.721160000073723, 8227541.463830000720918 ], [ 683658.721160000073723, 8227541.373770001344383 ], [ 683658.69114, 8227541.373770001344383 ], [ 683658.69114, 8227541.313730001449585 ], [ 683658.66112000006251, 8227541.313730001449585 ], [ 683658.66112000006251, 8227541.223670001141727 ], [ 683658.631100000115111, 8227541.223670001141727 ], [ 683658.631100000115111, 8227541.163630001246929 ], [ 683658.601080000051297, 8227541.163630001246929 ], [ 683658.601080000051297, 8227541.103590001352131 ], [ 683658.571060000103898, 8227541.103590001352131 ], [ 683658.571060000103898, 8227541.013530001044273 ], [ 683658.541040000040084, 8227541.013530001044273 ], [ 683658.541040000040084, 8227540.953490001149476 ], [ 683658.511020000092685, 8227540.953490001149476 ], [ 683658.511020000092685, 8227540.863430000841618 ], [ 683658.481000000028871, 8227540.863430000841618 ], [ 683658.481000000028871, 8227540.80339000094682 ], [ 683658.450980000081472, 8227540.80339000094682 ], [ 683658.450980000081472, 8227540.713330000638962 ], [ 683658.420960000017658, 8227540.713330000638962 ], [ 683658.420960000017658, 8227540.653290000744164 ], [ 683658.390940000070259, 8227540.653290000744164 ], [ 683658.390940000070259, 8227540.563230001367629 ], [ 683658.36092, 8227540.563230001367629 ], [ 683658.36092, 8227540.503190001472831 ], [ 683658.330900000059046, 8227540.503190001472831 ], [ 683658.330900000059046, 8227540.413130001164973 ], [ 683658.300880000111647, 8227540.413130001164973 ], [ 683658.300880000111647, 8227540.353090001270175 ], [ 683658.270860000047833, 8227540.353090001270175 ], [ 683658.270860000047833, 8227540.263030000962317 ], [ 683658.240840000100434, 8227540.263030000962317 ], [ 683658.240840000100434, 8227540.202990001067519 ], [ 683658.21082000003662, 8227540.202990001067519 ], [ 683658.21082000003662, 8227540.112930000759661 ], [ 683658.180800000089221, 8227540.112930000759661 ], [ 683658.180800000089221, 8227540.052890000864863 ], [ 683658.150780000025406, 8227540.052890000864863 ], [ 683658.150780000025406, 8227539.962830000557005 ], [ 683658.120760000078008, 8227539.962830000557005 ], [ 683658.120760000078008, 8227539.902790000662208 ], [ 683658.090740000014193, 8227539.902790000662208 ], [ 683658.090740000014193, 8227539.812730001285672 ], [ 683658.060720000066794, 8227539.812730001285672 ], [ 683658.060720000066794, 8227539.752690001390874 ], [ 683658.0307, 8227539.752690001390874 ], [ 683658.0307, 8227539.662630001083016 ], [ 683658.000680000055581, 8227539.662630001083016 ], [ 683658.000680000055581, 8227539.602590001188219 ], [ 683657.970660000108182, 8227539.602590001188219 ], [ 683657.970660000108182, 8227539.512530000880361 ], [ 683657.940640000044368, 8227539.512530000880361 ], [ 683657.940640000044368, 8227539.452490000985563 ], [ 683657.910620000096969, 8227539.452490000985563 ], [ 683657.910620000096969, 8227539.362430000677705 ], [ 683657.880600000033155, 8227539.362430000677705 ], [ 683657.880600000033155, 8227539.302390000782907 ], [ 683657.850580000085756, 8227539.302390000782907 ], [ 683657.850580000085756, 8227539.212330001406372 ], [ 683657.820560000021942, 8227539.212330001406372 ], [ 683657.820560000021942, 8227539.152290000580251 ], [ 683657.790540000074543, 8227539.152290000580251 ], [ 683657.790540000074543, 8227539.062230001203716 ], [ 683657.760520000010729, 8227539.062230001203716 ], [ 683657.760520000010729, 8227539.002190001308918 ], [ 683657.73050000006333, 8227539.002190001308918 ], [ 683657.73050000006333, 8227538.91213000100106 ], [ 683657.70048, 8227538.91213000100106 ], [ 683657.70048, 8227538.852090001106262 ], [ 683657.670460000052117, 8227538.852090001106262 ], [ 683657.670460000052117, 8227538.762030000798404 ], [ 683657.640440000104718, 8227538.762030000798404 ], [ 683657.640440000104718, 8227538.701990000903606 ], [ 683657.610420000040904, 8227538.701990000903606 ], [ 683657.610420000040904, 8227538.611930000595748 ], [ 683657.580400000093505, 8227538.611930000595748 ], [ 683657.580400000093505, 8227538.551890000700951 ], [ 683657.550380000029691, 8227538.551890000700951 ], [ 683657.550380000029691, 8227538.491850000806153 ], [ 683657.520360000082292, 8227538.491850000806153 ], [ 683657.520360000082292, 8227538.401790001429617 ], [ 683657.490340000018477, 8227538.401790001429617 ], [ 683657.490340000018477, 8227538.341750000603497 ], [ 683657.460320000071079, 8227538.341750000603497 ], [ 683657.460320000071079, 8227538.251690001226962 ], [ 683657.4303, 8227538.251690001226962 ], [ 683657.4303, 8227538.191650001332164 ], [ 683657.400280000059865, 8227538.191650001332164 ], [ 683657.400280000059865, 8227538.101590001024306 ], [ 683657.370260000112467, 8227538.101590001024306 ], [ 683657.370260000112467, 8227538.041550001129508 ], [ 683657.340240000048652, 8227538.041550001129508 ], [ 683657.340240000048652, 8227537.95149000082165 ], [ 683657.310220000101253, 8227537.95149000082165 ], [ 683657.310220000101253, 8227537.891450000926852 ], [ 683657.280200000037439, 8227537.891450000926852 ], [ 683657.280200000037439, 8227537.801390000618994 ], [ 683657.25018000009004, 8227537.801390000618994 ], [ 683657.25018000009004, 8227537.741350000724196 ], [ 683657.220160000026226, 8227537.741350000724196 ], [ 683657.220160000026226, 8227537.651290001347661 ], [ 683657.190140000078827, 8227537.651290001347661 ], [ 683657.190140000078827, 8227537.591250001452863 ], [ 683657.160120000015013, 8227537.591250001452863 ], [ 683657.160120000015013, 8227537.501190001145005 ], [ 683657.130100000067614, 8227537.501190001145005 ], [ 683657.130100000067614, 8227537.441150001250207 ], [ 683657.10008, 8227537.441150001250207 ], [ 683657.10008, 8227537.351090000942349 ], [ 683657.070060000056401, 8227537.351090000942349 ], [ 683657.070060000056401, 8227537.291050001047552 ], [ 683657.040040000109002, 8227537.291050001047552 ], [ 683657.040040000109002, 8227537.200990000739694 ], [ 683657.010020000045188, 8227537.200990000739694 ], [ 683657.010020000045188, 8227537.140950000844896 ], [ 683656.980000000097789, 8227537.140950000844896 ], [ 683656.980000000097789, 8227537.05089000146836 ], [ 683656.949980000033975, 8227537.05089000146836 ], [ 683656.949980000033975, 8227536.930810000747442 ], [ 683656.919960000086576, 8227536.930810000747442 ], [ 683656.919960000086576, 8227536.840750001370907 ], [ 683656.889940000022762, 8227536.840750001370907 ], [ 683656.889940000022762, 8227536.720670000649989 ], [ 683656.859920000075363, 8227536.720670000649989 ], [ 683656.859920000075363, 8227536.630610001273453 ], [ 683656.829900000011548, 8227536.630610001273453 ], [ 683656.829900000011548, 8227536.510530000552535 ], [ 683656.799880000064149, 8227536.510530000552535 ], [ 683656.799880000064149, 8227536.420470001176 ], [ 683656.76986, 8227536.420470001176 ], [ 683656.76986, 8227536.300390001386404 ], [ 683656.739840000052936, 8227536.300390001386404 ], [ 683656.739840000052936, 8227536.210330001078546 ], [ 683656.709820000105537, 8227536.210330001078546 ], [ 683656.709820000105537, 8227536.09025000128895 ], [ 683656.679800000041723, 8227536.09025000128895 ], [ 683656.679800000041723, 8227535.970170000568032 ], [ 683656.649780000094324, 8227535.970170000568032 ], [ 683656.649780000094324, 8227535.850090000778437 ], [ 683656.61976000003051, 8227535.850090000778437 ], [ 683656.61976000003051, 8227535.699990000575781 ], [ 683656.589740000083111, 8227535.699990000575781 ], [ 683656.589740000083111, 8227535.579910000786185 ], [ 683656.559720000019297, 8227535.579910000786185 ], [ 683656.559720000019297, 8227535.45983000099659 ], [ 683656.529700000071898, 8227535.45983000099659 ], [ 683656.529700000071898, 8227535.339750001206994 ], [ 683656.49968, 8227535.339750001206994 ], [ 683656.49968, 8227535.219670001417398 ], [ 683656.469660000060685, 8227535.219670001417398 ], [ 683656.469660000060685, 8227535.09959000069648 ], [ 683656.439640000113286, 8227535.09959000069648 ], [ 683656.439640000113286, 8227534.979510000906885 ], [ 683656.409620000049472, 8227534.979510000906885 ], [ 683656.409620000049472, 8227534.469170001335442 ], [ 683656.379600000102073, 8227534.469170001335442 ], [ 683656.379600000102073, 8227533.958830000832677 ], [ 683656.349580000038259, 8227533.958830000832677 ], [ 683656.349580000038259, 8227533.448490001261234 ], [ 683656.31956000009086, 8227533.448490001261234 ], [ 683656.31956000009086, 8227532.938150000758469 ], [ 683656.289540000027046, 8227532.938150000758469 ], [ 683656.289540000027046, 8227532.457830000668764 ], [ 683656.259520000079647, 8227532.457830000668764 ], [ 683656.259520000079647, 8227531.947490001097322 ], [ 683656.229500000015832, 8227531.947490001097322 ], [ 683656.229500000015832, 8227531.437150000594556 ], [ 683656.199480000068434, 8227531.437150000594556 ], [ 683656.199480000068434, 8227530.926810001023114 ], [ 683656.16946, 8227530.926810001023114 ], [ 683656.16946, 8227530.386450001038611 ], [ 683656.199480000068434, 8227530.386450001038611 ], [ 683656.199480000068434, 8227530.326410001143813 ], [ 683656.229500000015832, 8227530.326410001143813 ], [ 683656.229500000015832, 8227530.266370001249015 ], [ 683656.259520000079647, 8227530.266370001249015 ], [ 683656.259520000079647, 8227530.236350000835955 ], [ 683656.289540000027046, 8227530.236350000835955 ], [ 683656.289540000027046, 8227530.176310000941157 ], [ 683656.31956000009086, 8227530.176310000941157 ], [ 683656.31956000009086, 8227530.11627000104636 ], [ 683656.349580000038259, 8227530.11627000104636 ], [ 683656.349580000038259, 8227530.086250000633299 ], [ 683656.379600000102073, 8227530.086250000633299 ], [ 683656.379600000102073, 8227530.026210000738502 ], [ 683656.409620000049472, 8227530.026210000738502 ], [ 683656.409620000049472, 8227529.966170000843704 ], [ 683656.439640000113286, 8227529.966170000843704 ], [ 683656.439640000113286, 8227529.936150001361966 ], [ 683656.469660000060685, 8227529.936150001361966 ], [ 683656.469660000060685, 8227529.876110001467168 ], [ 683656.49968, 8227529.876110001467168 ], [ 683656.49968, 8227529.846090001054108 ], [ 683656.529700000071898, 8227529.846090001054108 ], [ 683656.529700000071898, 8227529.78605000115931 ], [ 683656.559720000019297, 8227529.78605000115931 ], [ 683656.559720000019297, 8227529.75603000074625 ], [ 683656.589740000083111, 8227529.75603000074625 ], [ 683656.589740000083111, 8227529.695990000851452 ], [ 683656.61976000003051, 8227529.695990000851452 ], [ 683656.61976000003051, 8227529.665970001369715 ], [ 683656.649780000094324, 8227529.665970001369715 ], [ 683656.649780000094324, 8227529.605930001474917 ], [ 683656.679800000041723, 8227529.605930001474917 ], [ 683656.679800000041723, 8227529.545890000648797 ], [ 683656.709820000105537, 8227529.545890000648797 ], [ 683656.709820000105537, 8227529.515870001167059 ], [ 683656.739840000052936, 8227529.515870001167059 ], [ 683656.739840000052936, 8227529.455830001272261 ], [ 683656.76986, 8227529.455830001272261 ], [ 683656.76986, 8227529.425810000859201 ], [ 683656.799880000064149, 8227529.425810000859201 ], [ 683656.799880000064149, 8227529.365770000964403 ], [ 683656.829900000011548, 8227529.365770000964403 ], [ 683656.829900000011548, 8227529.335750000551343 ], [ 683656.859920000075363, 8227529.335750000551343 ], [ 683656.859920000075363, 8227529.275710000656545 ], [ 683656.889940000022762, 8227529.275710000656545 ], [ 683656.889940000022762, 8227529.245690001174808 ], [ 683656.919960000086576, 8227529.245690001174808 ], [ 683656.919960000086576, 8227529.18565000128001 ], [ 683656.949980000033975, 8227529.18565000128001 ], [ 683656.949980000033975, 8227529.15563000086695 ], [ 683656.980000000097789, 8227529.15563000086695 ], [ 683656.980000000097789, 8227529.095590000972152 ], [ 683657.010020000045188, 8227529.095590000972152 ], [ 683657.010020000045188, 8227529.035550001077354 ], [ 683657.040040000109002, 8227529.035550001077354 ], [ 683657.040040000109002, 8227529.005530000664294 ], [ 683657.070060000056401, 8227529.005530000664294 ], [ 683657.070060000056401, 8227528.945490000769496 ], [ 683657.10008, 8227528.945490000769496 ], [ 683657.10008, 8227528.915470001287758 ], [ 683657.130100000067614, 8227528.915470001287758 ], [ 683657.130100000067614, 8227528.855430001392961 ], [ 683657.160120000015013, 8227528.855430001392961 ], [ 683657.160120000015013, 8227528.8254100009799 ], [ 683657.190140000078827, 8227528.8254100009799 ], [ 683657.190140000078827, 8227528.765370001085103 ], [ 683657.220160000026226, 8227528.765370001085103 ], [ 683657.220160000026226, 8227528.735350000672042 ], [ 683657.25018000009004, 8227528.735350000672042 ], [ 683657.25018000009004, 8227528.675310000777245 ], [ 683657.280200000037439, 8227528.675310000777245 ], [ 683657.280200000037439, 8227528.645290001295507 ], [ 683657.310220000101253, 8227528.645290001295507 ], [ 683657.310220000101253, 8227528.585250001400709 ], [ 683657.340240000048652, 8227528.585250001400709 ], [ 683657.340240000048652, 8227528.525210000574589 ], [ 683657.370260000112467, 8227528.525210000574589 ], [ 683657.370260000112467, 8227528.495190001092851 ], [ 683657.400280000059865, 8227528.495190001092851 ], [ 683657.400280000059865, 8227528.435150001198053 ], [ 683657.4303, 8227528.435150001198053 ], [ 683657.4303, 8227528.405130000784993 ], [ 683657.460320000071079, 8227528.405130000784993 ], [ 683657.460320000071079, 8227528.345090000890195 ], [ 683657.490340000018477, 8227528.345090000890195 ], [ 683657.490340000018477, 8227528.315070001408458 ], [ 683657.520360000082292, 8227528.315070001408458 ], [ 683657.520360000082292, 8227528.255030000582337 ], [ 683657.550380000029691, 8227528.255030000582337 ], [ 683657.550380000029691, 8227528.2250100011006 ], [ 683657.580400000093505, 8227528.2250100011006 ], [ 683657.580400000093505, 8227528.164970001205802 ], [ 683657.610420000040904, 8227528.164970001205802 ], [ 683657.610420000040904, 8227528.134950000792742 ], [ 683657.640440000104718, 8227528.134950000792742 ], [ 683657.640440000104718, 8227528.074910000897944 ], [ 683657.670460000052117, 8227528.074910000897944 ], [ 683657.670460000052117, 8227528.014870001003146 ], [ 683657.70048, 8227528.014870001003146 ], [ 683657.70048, 8227527.984850000590086 ], [ 683657.73050000006333, 8227527.984850000590086 ], [ 683657.73050000006333, 8227527.924810000695288 ], [ 683657.760520000010729, 8227527.924810000695288 ], [ 683657.760520000010729, 8227527.894790001213551 ], [ 683657.790540000074543, 8227527.894790001213551 ], [ 683657.790540000074543, 8227527.834750001318753 ], [ 683657.820560000021942, 8227527.834750001318753 ], [ 683657.820560000021942, 8227527.804730000905693 ], [ 683657.850580000085756, 8227527.804730000905693 ], [ 683657.850580000085756, 8227527.744690001010895 ], [ 683657.880600000033155, 8227527.744690001010895 ], [ 683657.880600000033155, 8227527.714670000597835 ], [ 683657.910620000096969, 8227527.714670000597835 ], [ 683657.910620000096969, 8227527.654630000703037 ], [ 683657.940640000044368, 8227527.654630000703037 ], [ 683657.940640000044368, 8227527.624610001221299 ], [ 683657.970660000108182, 8227527.624610001221299 ], [ 683657.970660000108182, 8227527.564570001326501 ], [ 683658.000680000055581, 8227527.564570001326501 ], [ 683658.000680000055581, 8227527.504530001431704 ], [ 683658.0307, 8227527.504530001431704 ], [ 683658.0307, 8227527.474510001018643 ], [ 683658.060720000066794, 8227527.474510001018643 ], [ 683658.060720000066794, 8227527.414470001123846 ], [ 683658.090740000014193, 8227527.414470001123846 ], [ 683658.090740000014193, 8227527.384450000710785 ], [ 683658.120760000078008, 8227527.384450000710785 ], [ 683658.120760000078008, 8227527.324410000815988 ], [ 683658.150780000025406, 8227527.324410000815988 ], [ 683658.150780000025406, 8227527.29439000133425 ], [ 683658.180800000089221, 8227527.29439000133425 ], [ 683658.180800000089221, 8227527.234350001439452 ], [ 683658.21082000003662, 8227527.234350001439452 ], [ 683658.21082000003662, 8227527.204330001026392 ], [ 683658.240840000100434, 8227527.204330001026392 ], [ 683658.240840000100434, 8227527.144290001131594 ], [ 683658.270860000047833, 8227527.144290001131594 ], [ 683658.270860000047833, 8227527.114270000718534 ], [ 683658.300880000111647, 8227527.114270000718534 ], [ 683658.300880000111647, 8227527.054230000823736 ], [ 683658.330900000059046, 8227527.054230000823736 ], [ 683658.330900000059046, 8227526.994190000928938 ], [ 683658.36092, 8227526.994190000928938 ], [ 683658.36092, 8227526.964170001447201 ], [ 683658.390940000070259, 8227526.964170001447201 ], [ 683658.390940000070259, 8227526.90413000062108 ], [ 683658.420960000017658, 8227526.90413000062108 ], [ 683658.420960000017658, 8227526.874110001139343 ], [ 683658.450980000081472, 8227526.874110001139343 ], [ 683658.450980000081472, 8227526.814070001244545 ], [ 683658.481000000028871, 8227526.814070001244545 ], [ 683658.481000000028871, 8227526.784050000831485 ], [ 683658.511020000092685, 8227526.784050000831485 ], [ 683658.511020000092685, 8227526.724010000936687 ], [ 683658.541040000040084, 8227526.724010000936687 ], [ 683658.541040000040084, 8227526.693990001454949 ], [ 683658.571060000103898, 8227526.693990001454949 ], [ 683658.571060000103898, 8227526.633950000628829 ], [ 683658.601080000051297, 8227526.633950000628829 ], [ 683658.601080000051297, 8227526.603930001147091 ], [ 683658.631100000115111, 8227526.603930001147091 ], [ 683658.631100000115111, 8227526.543890001252294 ], [ 683658.66112000006251, 8227526.543890001252294 ], [ 683658.66112000006251, 8227526.483850001357496 ], [ 683658.69114, 8227526.483850001357496 ], [ 683658.69114, 8227526.453830000944436 ], [ 683658.721160000073723, 8227526.453830000944436 ], [ 683658.721160000073723, 8227526.393790001049638 ], [ 683658.751180000021122, 8227526.393790001049638 ], [ 683658.751180000021122, 8227526.363770000636578 ], [ 683658.781200000084937, 8227526.363770000636578 ], [ 683658.781200000084937, 8227526.30373000074178 ], [ 683658.811220000032336, 8227526.30373000074178 ], [ 683658.811220000032336, 8227526.273710001260042 ], [ 683658.84124000009615, 8227526.273710001260042 ], [ 683658.84124000009615, 8227526.213670001365244 ], [ 683658.871260000043549, 8227526.213670001365244 ], [ 683658.871260000043549, 8227526.183650000952184 ], [ 683658.901280000107363, 8227526.183650000952184 ], [ 683658.901280000107363, 8227526.123610001057386 ], [ 683658.931300000054762, 8227526.123610001057386 ], [ 683658.931300000054762, 8227526.093590000644326 ], [ 683658.96132, 8227526.093590000644326 ], [ 683658.96132, 8227526.033550000749528 ], [ 683658.991340000065975, 8227526.033550000749528 ], [ 683658.991340000065975, 8227525.973510000854731 ], [ 683659.021360000013374, 8227525.973510000854731 ], [ 683659.021360000013374, 8227525.943490001372993 ], [ 683659.051380000077188, 8227525.943490001372993 ], [ 683659.051380000077188, 8227525.883450001478195 ], [ 683659.081400000024587, 8227525.883450001478195 ], [ 683659.081400000024587, 8227525.853430001065135 ], [ 683659.111420000088401, 8227525.853430001065135 ], [ 683659.111420000088401, 8227525.793390001170337 ], [ 683659.1414400000358, 8227525.793390001170337 ], [ 683659.1414400000358, 8227525.763370000757277 ], [ 683659.171460000099614, 8227525.763370000757277 ], [ 683659.171460000099614, 8227525.703330000862479 ], [ 683659.201480000047013, 8227525.703330000862479 ], [ 683659.201480000047013, 8227525.673310001380742 ], [ 683659.231500000110827, 8227525.673310001380742 ], [ 683659.231500000110827, 8227525.613270000554621 ], [ 683659.261520000058226, 8227525.613270000554621 ], [ 683659.261520000058226, 8227525.583250001072884 ], [ 683659.29154, 8227525.583250001072884 ], [ 683659.29154, 8227525.523210001178086 ], [ 683659.321560000069439, 8227525.523210001178086 ], [ 683659.321560000069439, 8227525.463170001283288 ], [ 683659.351580000016838, 8227525.463170001283288 ], [ 683659.351580000016838, 8227525.433150000870228 ], [ 683659.381600000080653, 8227525.433150000870228 ], [ 683659.381600000080653, 8227525.37311000097543 ], [ 683659.411620000028051, 8227525.37311000097543 ], [ 683659.411620000028051, 8227525.34309000056237 ], [ 683659.441640000091866, 8227525.34309000056237 ], [ 683659.441640000091866, 8227525.283050000667572 ], [ 683659.471660000039265, 8227525.283050000667572 ], [ 683659.471660000039265, 8227525.253030001185834 ], [ 683659.501680000103079, 8227525.253030001185834 ], [ 683659.501680000103079, 8227525.192990001291037 ], [ 683659.531700000050478, 8227525.192990001291037 ], [ 683659.531700000050478, 8227525.162970000877976 ], [ 683659.561720000114292, 8227525.162970000877976 ], [ 683659.561720000114292, 8227525.102930000983179 ], [ 683659.591740000061691, 8227525.102930000983179 ], [ 683659.591740000061691, 8227525.072910000570118 ], [ 683659.62176, 8227525.072910000570118 ], [ 683659.62176, 8227525.012870000675321 ], [ 683659.651780000072904, 8227525.012870000675321 ], [ 683659.651780000072904, 8227524.952830000780523 ], [ 683659.681800000020303, 8227524.952830000780523 ], [ 683659.681800000020303, 8227524.922810001298785 ], [ 683659.711820000084117, 8227524.922810001298785 ], [ 683659.711820000084117, 8227524.862770001403987 ], [ 683659.741840000031516, 8227524.862770001403987 ], [ 683659.741840000031516, 8227524.832750000990927 ], [ 683659.77186000009533, 8227524.832750000990927 ], [ 683659.77186000009533, 8227524.772710001096129 ], [ 683659.801880000042729, 8227524.772710001096129 ], [ 683659.801880000042729, 8227524.742690000683069 ], [ 683659.831900000106543, 8227524.742690000683069 ], [ 683659.831900000106543, 8227524.682650000788271 ], [ 683659.861920000053942, 8227524.682650000788271 ], [ 683659.861920000053942, 8227524.652630001306534 ], [ 683659.89194, 8227524.652630001306534 ], [ 683659.89194, 8227524.592590001411736 ], [ 683659.921960000065155, 8227524.592590001411736 ], [ 683659.921960000065155, 8227524.562570000998676 ], [ 683659.951980000012554, 8227524.562570000998676 ], [ 683659.951980000012554, 8227524.502530001103878 ], [ 683659.982000000076368, 8227524.502530001103878 ], [ 683659.982000000076368, 8227524.44249000120908 ], [ 683660.012020000023767, 8227524.44249000120908 ], [ 683660.012020000023767, 8227524.41247000079602 ], [ 683660.042040000087582, 8227524.41247000079602 ], [ 683660.042040000087582, 8227524.352430000901222 ], [ 683660.07206000003498, 8227524.352430000901222 ], [ 683660.07206000003498, 8227524.322410001419485 ], [ 683660.102080000098795, 8227524.322410001419485 ], [ 683660.102080000098795, 8227524.262370000593364 ], [ 683660.132100000046194, 8227524.262370000593364 ], [ 683660.132100000046194, 8227524.232350001111627 ], [ 683660.162120000110008, 8227524.232350001111627 ], [ 683660.162120000110008, 8227524.172310001216829 ], [ 683660.192140000057407, 8227524.172310001216829 ], [ 683660.192140000057407, 8227524.142290000803769 ], [ 683660.22216, 8227524.142290000803769 ], [ 683660.22216, 8227524.082250000908971 ], [ 683660.25218000006862, 8227524.082250000908971 ], [ 683660.25218000006862, 8227524.052230001427233 ], [ 683660.282200000016019, 8227524.052230001427233 ], [ 683660.282200000016019, 8227523.992190000601113 ], [ 683660.312220000079833, 8227523.992190000601113 ], [ 683660.312220000079833, 8227523.932150000706315 ], [ 683660.342240000027232, 8227523.932150000706315 ], [ 683660.342240000027232, 8227523.902130001224577 ], [ 683660.372260000091046, 8227523.902130001224577 ], [ 683660.372260000091046, 8227523.84209000132978 ], [ 683660.402280000038445, 8227523.84209000132978 ], [ 683660.402280000038445, 8227523.812070000916719 ], [ 683660.432300000102259, 8227523.812070000916719 ], [ 683660.432300000102259, 8227523.752030001021922 ], [ 683660.462320000049658, 8227523.752030001021922 ], [ 683660.462320000049658, 8227523.722010000608861 ], [ 683660.492340000113472, 8227523.722010000608861 ], [ 683660.492340000113472, 8227523.661970000714064 ], [ 683660.522360000060871, 8227523.661970000714064 ], [ 683660.522360000060871, 8227523.631950001232326 ], [ 683660.55238, 8227523.631950001232326 ], [ 683660.55238, 8227523.571910001337528 ], [ 683660.582400000072084, 8227523.571910001337528 ], [ 683660.582400000072084, 8227523.541890000924468 ], [ 683660.612420000019483, 8227523.541890000924468 ], [ 683660.612420000019483, 8227523.48185000102967 ], [ 683660.642440000083297, 8227523.48185000102967 ], [ 683660.642440000083297, 8227523.421810001134872 ], [ 683660.672460000030696, 8227523.421810001134872 ], [ 683660.672460000030696, 8227523.391790000721812 ], [ 683660.702480000094511, 8227523.391790000721812 ], [ 683660.702480000094511, 8227523.331750000827014 ], [ 683660.73250000004191, 8227523.331750000827014 ], [ 683660.73250000004191, 8227523.301730001345277 ], [ 683660.762520000105724, 8227523.301730001345277 ], [ 683660.762520000105724, 8227523.241690001450479 ], [ 683660.792540000053123, 8227523.241690001450479 ], [ 683660.792540000053123, 8227523.211670001037419 ], [ 683660.82256, 8227523.211670001037419 ], [ 683660.82256, 8227523.151630001142621 ], [ 683660.852580000064336, 8227523.151630001142621 ], [ 683660.852580000064336, 8227523.121610000729561 ], [ 683660.882600000011735, 8227523.121610000729561 ], [ 683660.882600000011735, 8227523.061570000834763 ], [ 683660.912620000075549, 8227523.061570000834763 ], [ 683660.912620000075549, 8227523.031550001353025 ], [ 683660.942640000022948, 8227523.031550001353025 ], [ 683660.942640000022948, 8227522.971510001458228 ], [ 683660.972660000086762, 8227522.971510001458228 ], [ 683660.972660000086762, 8227522.911470000632107 ], [ 683661.002680000034161, 8227522.911470000632107 ], [ 683661.002680000034161, 8227522.88145000115037 ], [ 683661.032700000097975, 8227522.88145000115037 ], [ 683661.032700000097975, 8227522.821410001255572 ], [ 683661.062720000045374, 8227522.821410001255572 ], [ 683661.062720000045374, 8227522.791390000842512 ], [ 683661.092740000109188, 8227522.791390000842512 ], [ 683661.092740000109188, 8227522.731350000947714 ], [ 683661.122760000056587, 8227522.731350000947714 ], [ 683661.122760000056587, 8227522.701330001465976 ], [ 683661.15278, 8227522.701330001465976 ], [ 683661.15278, 8227522.641290000639856 ], [ 683661.1828000000678, 8227522.641290000639856 ], [ 683661.1828000000678, 8227522.611270001158118 ], [ 683661.212820000015199, 8227522.611270001158118 ], [ 683661.212820000015199, 8227522.55123000126332 ], [ 683661.242840000079013, 8227522.55123000126332 ], [ 683661.242840000079013, 8227522.52121000085026 ], [ 683661.272860000026412, 8227522.52121000085026 ], [ 683661.272860000026412, 8227522.461170000955462 ], [ 683661.302880000090227, 8227522.461170000955462 ], [ 683661.302880000090227, 8227522.401130001060665 ], [ 683661.332900000037625, 8227522.401130001060665 ], [ 683661.332900000037625, 8227522.371110000647604 ], [ 683661.36292000010144, 8227522.371110000647604 ], [ 683661.36292000010144, 8227522.311070000752807 ], [ 683661.392940000048839, 8227522.311070000752807 ], [ 683661.392940000048839, 8227522.281050001271069 ], [ 683661.422960000112653, 8227522.281050001271069 ], [ 683661.422960000112653, 8227522.221010001376271 ], [ 683661.452980000060052, 8227522.221010001376271 ], [ 683661.452980000060052, 8227522.190990000963211 ], [ 683661.483, 8227522.190990000963211 ], [ 683661.483, 8227522.130950001068413 ], [ 683661.513020000071265, 8227522.130950001068413 ], [ 683661.513020000071265, 8227522.100930000655353 ], [ 683661.543040000018664, 8227522.100930000655353 ], [ 683661.543040000018664, 8227522.040890000760555 ], [ 683661.573060000082478, 8227522.040890000760555 ], [ 683661.573060000082478, 8227522.010870001278818 ], [ 683661.603080000029877, 8227522.010870001278818 ], [ 683661.603080000029877, 8227521.95083000138402 ], [ 683661.633100000093691, 8227521.95083000138402 ], [ 683661.633100000093691, 8227521.890790000557899 ], [ 683661.66312000004109, 8227521.890790000557899 ], [ 683661.66312000004109, 8227521.860770001076162 ], [ 683661.693140000104904, 8227521.860770001076162 ], [ 683661.693140000104904, 8227521.800730001181364 ], [ 683661.723160000052303, 8227521.800730001181364 ], [ 683661.723160000052303, 8227521.770710000768304 ], [ 683661.75318, 8227521.770710000768304 ], [ 683661.75318, 8227521.710670000873506 ], [ 683661.783200000063516, 8227521.710670000873506 ], [ 683661.783200000063516, 8227521.680650001391768 ], [ 683661.813220000010915, 8227521.680650001391768 ], [ 683661.813220000010915, 8227521.620610000565648 ], [ 683661.843240000074729, 8227521.620610000565648 ], [ 683661.843240000074729, 8227521.59059000108391 ], [ 683661.873260000022128, 8227521.59059000108391 ], [ 683661.873260000022128, 8227521.530550001189113 ], [ 683661.903280000085942, 8227521.530550001189113 ], [ 683661.903280000085942, 8227521.500530000776052 ], [ 683661.933300000033341, 8227521.500530000776052 ], [ 683661.933300000033341, 8227521.440490000881255 ], [ 683661.963320000097156, 8227521.440490000881255 ], [ 683661.963320000097156, 8227521.380450000986457 ], [ 683661.993340000044554, 8227521.380450000986457 ], [ 683661.993340000044554, 8227521.350430000573397 ], [ 683662.023360000108369, 8227521.350430000573397 ], [ 683662.023360000108369, 8227521.290390000678599 ], [ 683662.053380000055768, 8227521.290390000678599 ], [ 683662.053380000055768, 8227521.260370001196861 ], [ 683662.0834, 8227521.260370001196861 ], [ 683662.0834, 8227521.200330001302063 ], [ 683662.113420000066981, 8227521.200330001302063 ], [ 683662.113420000066981, 8227521.170310000889003 ], [ 683662.14344000001438, 8227521.170310000889003 ], [ 683662.14344000001438, 8227521.110270000994205 ], [ 683662.173460000078194, 8227521.110270000994205 ], [ 683662.173460000078194, 8227521.080250000581145 ], [ 683662.203480000025593, 8227521.080250000581145 ], [ 683662.203480000025593, 8227521.020210000686347 ], [ 683662.233500000089407, 8227521.020210000686347 ], [ 683662.233500000089407, 8227520.99019000120461 ], [ 683662.263520000036806, 8227520.99019000120461 ], [ 683662.263520000036806, 8227520.930150001309812 ], [ 683662.29354000010062, 8227520.930150001309812 ], [ 683662.29354000010062, 8227520.870110001415014 ], [ 683662.323560000048019, 8227520.870110001415014 ], [ 683662.323560000048019, 8227520.840090001001954 ], [ 683662.353580000111833, 8227520.840090001001954 ], [ 683662.353580000111833, 8227520.780050001107156 ], [ 683662.383600000059232, 8227520.780050001107156 ], [ 683662.383600000059232, 8227520.750030000694096 ], [ 683662.41362, 8227520.750030000694096 ], [ 683662.41362, 8227520.689990000799298 ], [ 683662.443640000070445, 8227520.689990000799298 ], [ 683662.443640000070445, 8227520.659970001317561 ], [ 683662.473660000017844, 8227520.659970001317561 ], [ 683662.473660000017844, 8227520.599930001422763 ], [ 683662.503680000081658, 8227520.599930001422763 ], [ 683662.503680000081658, 8227520.569910001009703 ], [ 683662.533700000029057, 8227520.569910001009703 ], [ 683662.533700000029057, 8227520.509870001114905 ], [ 683662.563720000092871, 8227520.509870001114905 ], [ 683662.563720000092871, 8227520.479850000701845 ], [ 683662.59374000004027, 8227520.479850000701845 ], [ 683662.59374000004027, 8227520.419810000807047 ], [ 683662.623760000104085, 8227520.419810000807047 ], [ 683662.623760000104085, 8227520.359770000912249 ], [ 683662.653780000051484, 8227520.359770000912249 ], [ 683662.653780000051484, 8227520.329750001430511 ], [ 683662.683800000115298, 8227520.329750001430511 ], [ 683662.683800000115298, 8227520.269710000604391 ], [ 683662.713820000062697, 8227520.269710000604391 ], [ 683662.713820000062697, 8227520.239690001122653 ], [ 683662.743840000010096, 8227520.239690001122653 ], [ 683662.743840000010096, 8227520.179650001227856 ], [ 683662.77386000007391, 8227520.179650001227856 ], [ 683662.77386000007391, 8227520.149630000814795 ], [ 683662.803880000021309, 8227520.149630000814795 ], [ 683662.803880000021309, 8227520.089590000919998 ], [ 683662.833900000085123, 8227520.089590000919998 ], [ 683662.833900000085123, 8227520.05957000143826 ], [ 683662.863920000032522, 8227520.05957000143826 ], [ 683662.863920000032522, 8227519.99953000061214 ], [ 683662.893940000096336, 8227519.99953000061214 ], [ 683662.893940000096336, 8227519.969510001130402 ], [ 683662.923960000043735, 8227519.969510001130402 ], [ 683662.923960000043735, 8227519.909470001235604 ], [ 683662.953980000107549, 8227519.909470001235604 ], [ 683662.953980000107549, 8227519.849430001340806 ], [ 683662.984000000054948, 8227519.849430001340806 ], [ 683662.984000000054948, 8227519.819410000927746 ], [ 683663.01402, 8227519.819410000927746 ], [ 683663.01402, 8227519.759370001032948 ], [ 683663.044040000066161, 8227519.759370001032948 ], [ 683663.044040000066161, 8227519.729350000619888 ], [ 683663.07406000001356, 8227519.729350000619888 ], [ 683663.07406000001356, 8227519.669310000725091 ], [ 683663.104080000077374, 8227519.669310000725091 ], [ 683663.104080000077374, 8227519.639290001243353 ], [ 683663.134100000024773, 8227519.639290001243353 ], [ 683663.134100000024773, 8227519.579250001348555 ], [ 683663.164120000088587, 8227519.579250001348555 ], [ 683663.164120000088587, 8227519.549230000935495 ], [ 683663.194140000035986, 8227519.549230000935495 ], [ 683663.194140000035986, 8227519.489190001040697 ], [ 683663.224160000099801, 8227519.489190001040697 ], [ 683663.224160000099801, 8227519.459170000627637 ], [ 683663.254180000047199, 8227519.459170000627637 ], [ 683663.254180000047199, 8227519.399130000732839 ], [ 683663.284200000111014, 8227519.399130000732839 ], [ 683663.284200000111014, 8227519.339090000838041 ], [ 683663.314220000058413, 8227519.339090000838041 ], [ 683663.314220000058413, 8227519.309070001356304 ], [ 683663.34424, 8227519.309070001356304 ], [ 683663.34424, 8227519.249030001461506 ], [ 683663.374260000069626, 8227519.249030001461506 ], [ 683663.374260000069626, 8227519.219010001048446 ], [ 683663.404280000017025, 8227519.219010001048446 ], [ 683663.404280000017025, 8227519.158970001153648 ], [ 683663.434300000080839, 8227519.158970001153648 ], [ 683663.434300000080839, 8227519.128950000740588 ], [ 683663.464320000028238, 8227519.128950000740588 ], [ 683663.464320000028238, 8227519.06891000084579 ], [ 683663.494340000092052, 8227519.06891000084579 ], [ 683663.494340000092052, 8227519.038890001364052 ], [ 683663.524360000039451, 8227519.038890001364052 ], [ 683663.524360000039451, 8227518.978850001469254 ], [ 683663.554380000103265, 8227518.978850001469254 ], [ 683663.554380000103265, 8227518.948830001056194 ], [ 683663.584400000050664, 8227518.948830001056194 ], [ 683663.584400000050664, 8227518.888790001161397 ], [ 683663.614420000114478, 8227518.888790001161397 ], [ 683663.614420000114478, 8227518.828750001266599 ], [ 683663.644440000061877, 8227518.828750001266599 ], [ 683663.644440000061877, 8227518.798730000853539 ], [ 683663.67446, 8227518.798730000853539 ], [ 683663.67446, 8227518.738690000958741 ], [ 683663.70448000007309, 8227518.738690000958741 ], [ 683663.70448000007309, 8227518.708670001477003 ], [ 683663.734500000020489, 8227518.708670001477003 ], [ 683663.734500000020489, 8227518.648630000650883 ], [ 683663.764520000084303, 8227518.648630000650883 ], [ 683663.764520000084303, 8227518.618610001169145 ], [ 683663.794540000031702, 8227518.618610001169145 ], [ 683663.794540000031702, 8227518.558570001274347 ], [ 683663.824560000095516, 8227518.558570001274347 ], [ 683663.824560000095516, 8227518.528550000861287 ], [ 683663.854580000042915, 8227518.528550000861287 ], [ 683663.854580000042915, 8227518.468510000966489 ], [ 683663.88460000010673, 8227518.468510000966489 ], [ 683663.88460000010673, 8227518.438490000553429 ], [ 683663.914620000054128, 8227518.438490000553429 ], [ 683663.914620000054128, 8227518.378450000658631 ], [ 683663.94464, 8227518.378450000658631 ], [ 683663.94464, 8227518.318410000763834 ], [ 683663.974660000065342, 8227518.318410000763834 ], [ 683663.974660000065342, 8227518.288390001282096 ], [ 683664.00468000001274, 8227518.288390001282096 ], [ 683664.00468000001274, 8227518.228350001387298 ], [ 683664.034700000076555, 8227518.228350001387298 ], [ 683664.034700000076555, 8227518.198330000974238 ], [ 683664.064720000023954, 8227518.198330000974238 ], [ 683664.064720000023954, 8227518.13829000107944 ], [ 683664.094740000087768, 8227518.13829000107944 ], [ 683664.094740000087768, 8227518.10827000066638 ], [ 683664.124760000035167, 8227518.10827000066638 ], [ 683664.124760000035167, 8227518.048230000771582 ], [ 683664.154780000098981, 8227518.048230000771582 ], [ 683664.154780000098981, 8227518.018210001289845 ], [ 683664.18480000004638, 8227518.018210001289845 ], [ 683664.18480000004638, 8227517.958170001395047 ], [ 683664.214820000110194, 8227517.958170001395047 ], [ 683664.214820000110194, 8227517.928150000981987 ], [ 683664.244840000057593, 8227517.928150000981987 ], [ 683664.244840000057593, 8227517.868110001087189 ], [ 683664.27486, 8227517.868110001087189 ], [ 683664.27486, 8227517.808070001192391 ], [ 683664.304880000068806, 8227517.808070001192391 ], [ 683664.304880000068806, 8227517.778050000779331 ], [ 683664.334900000016205, 8227517.778050000779331 ], [ 683664.334900000016205, 8227517.718010000884533 ], [ 683664.364920000080019, 8227517.718010000884533 ], [ 683664.364920000080019, 8227517.687990001402795 ], [ 683664.394940000027418, 8227517.687990001402795 ], [ 683664.394940000027418, 8227517.627950000576675 ], [ 683664.424960000091232, 8227517.627950000576675 ], [ 683664.424960000091232, 8227517.597930001094937 ], [ 683664.454980000038631, 8227517.597930001094937 ], [ 683664.454980000038631, 8227517.53789000120014 ], [ 683664.485000000102445, 8227517.53789000120014 ], [ 683664.485000000102445, 8227517.507870000787079 ], [ 683664.515020000049844, 8227517.507870000787079 ], [ 683664.515020000049844, 8227517.447830000892282 ], [ 683664.545040000113659, 8227517.447830000892282 ], [ 683664.545040000113659, 8227517.417810001410544 ], [ 683664.575060000061058, 8227517.417810001410544 ], [ 683664.575060000061058, 8227517.357770000584424 ], [ 683664.60508, 8227517.357770000584424 ], [ 683664.60508, 8227517.297730000689626 ], [ 683664.635100000072271, 8227517.297730000689626 ], [ 683664.635100000072271, 8227517.267710001207888 ], [ 683664.66512000001967, 8227517.267710001207888 ], [ 683664.66512000001967, 8227517.20767000131309 ], [ 683664.695140000083484, 8227517.20767000131309 ], [ 683664.695140000083484, 8227517.17765000090003 ], [ 683664.725160000030883, 8227517.17765000090003 ], [ 683664.725160000030883, 8227517.117610001005232 ], [ 683664.755180000094697, 8227517.117610001005232 ], [ 683664.755180000094697, 8227517.087590000592172 ], [ 683664.785200000042096, 8227517.087590000592172 ], [ 683664.785200000042096, 8227517.027550000697374 ], [ 683664.81522000010591, 8227517.027550000697374 ], [ 683664.81522000010591, 8227516.997530001215637 ], [ 683664.845240000053309, 8227516.997530001215637 ], [ 683664.845240000053309, 8227516.937490001320839 ], [ 683664.87526, 8227516.937490001320839 ], [ 683664.87526, 8227516.907470000907779 ], [ 683664.905280000064522, 8227516.907470000907779 ], [ 683664.905280000064522, 8227516.847430001012981 ], [ 683664.935300000011921, 8227516.847430001012981 ], [ 683664.935300000011921, 8227516.787390001118183 ], [ 683664.965320000075735, 8227516.787390001118183 ], [ 683664.965320000075735, 8227516.757370000705123 ], [ 683664.995340000023134, 8227516.757370000705123 ], [ 683664.995340000023134, 8227516.697330000810325 ], [ 683665.025360000086948, 8227516.697330000810325 ], [ 683665.025360000086948, 8227516.667310001328588 ], [ 683665.055380000034347, 8227516.667310001328588 ], [ 683665.055380000034347, 8227516.60727000143379 ], [ 683665.085400000098161, 8227516.60727000143379 ], [ 683665.085400000098161, 8227516.57725000102073 ], [ 683665.11542000004556, 8227516.57725000102073 ], [ 683665.11542000004556, 8227516.517210001125932 ], [ 683665.145440000109375, 8227516.517210001125932 ], [ 683665.145440000109375, 8227516.487190000712872 ], [ 683665.175460000056773, 8227516.487190000712872 ], [ 683665.175460000056773, 8227516.427150000818074 ], [ 683665.20548, 8227516.427150000818074 ], [ 683665.20548, 8227516.397130001336336 ], [ 683665.235500000067987, 8227516.397130001336336 ], [ 683665.235500000067987, 8227516.337090001441538 ], [ 683665.265520000015385, 8227516.337090001441538 ], [ 683665.265520000015385, 8227516.277050000615418 ], [ 683665.2955400000792, 8227516.277050000615418 ], [ 683665.2955400000792, 8227516.24703000113368 ], [ 683665.325560000026599, 8227516.24703000113368 ], [ 683665.325560000026599, 8227516.186990001238883 ], [ 683665.355580000090413, 8227516.186990001238883 ], [ 683665.355580000090413, 8227516.156970000825822 ], [ 683665.385600000037812, 8227516.156970000825822 ], [ 683665.385600000037812, 8227516.096930000931025 ], [ 683665.415620000101626, 8227516.096930000931025 ], [ 683665.415620000101626, 8227516.066910001449287 ], [ 683665.445640000049025, 8227516.066910001449287 ], [ 683665.445640000049025, 8227516.006870000623167 ], [ 683665.475660000112839, 8227516.006870000623167 ], [ 683665.475660000112839, 8227515.976850001141429 ], [ 683665.505680000060238, 8227515.976850001141429 ], [ 683665.505680000060238, 8227515.916810001246631 ], [ 683665.5357, 8227515.916810001246631 ], [ 683665.5357, 8227515.886790000833571 ], [ 683665.565720000071451, 8227515.886790000833571 ], [ 683665.565720000071451, 8227515.826750000938773 ], [ 683665.59574000001885, 8227515.826750000938773 ], [ 683665.59574000001885, 8227515.766710001043975 ], [ 683665.625760000082664, 8227515.766710001043975 ], [ 683665.625760000082664, 8227515.736690000630915 ], [ 683665.655780000030063, 8227515.736690000630915 ], [ 683665.655780000030063, 8227515.676650000736117 ], [ 683665.685800000093877, 8227515.676650000736117 ], [ 683665.685800000093877, 8227515.64663000125438 ], [ 683665.715820000041276, 8227515.64663000125438 ], [ 683665.715820000041276, 8227515.586590001359582 ], [ 683665.74584000010509, 8227515.586590001359582 ], [ 683665.74584000010509, 8227515.556570000946522 ], [ 683665.775860000052489, 8227515.556570000946522 ], [ 683665.775860000052489, 8227515.496530001051724 ], [ 683665.80588, 8227515.496530001051724 ], [ 683665.80588, 8227515.466510000638664 ], [ 683665.835900000063702, 8227515.466510000638664 ], [ 683665.835900000063702, 8227515.406470000743866 ], [ 683665.865920000011101, 8227515.406470000743866 ], [ 683665.865920000011101, 8227515.376450001262128 ], [ 683665.895940000074916, 8227515.376450001262128 ], [ 683665.895940000074916, 8227515.316410001367331 ], [ 683665.925960000022314, 8227515.316410001367331 ], [ 683665.925960000022314, 8227515.28639000095427 ], [ 683665.955980000086129, 8227515.28639000095427 ], [ 683665.955980000086129, 8227515.226350001059473 ], [ 683665.986000000033528, 8227515.226350001059473 ], [ 683665.986000000033528, 8227515.166310001164675 ], [ 683666.016020000097342, 8227515.166310001164675 ], [ 683666.016020000097342, 8227515.136290000751615 ], [ 683666.046040000044741, 8227515.136290000751615 ], [ 683666.046040000044741, 8227515.076250000856817 ], [ 683666.076060000108555, 8227515.076250000856817 ], [ 683666.076060000108555, 8227515.046230001375079 ], [ 683666.106080000055954, 8227515.046230001375079 ], [ 683666.106080000055954, 8227514.986190001480281 ], [ 683666.1361, 8227514.986190001480281 ], [ 683666.1361, 8227514.956170001067221 ], [ 683666.166120000067167, 8227514.956170001067221 ], [ 683666.166120000067167, 8227514.896130001172423 ], [ 683666.196140000014566, 8227514.896130001172423 ], [ 683666.196140000014566, 8227514.866110000759363 ], [ 683666.22616000007838, 8227514.866110000759363 ], [ 683666.22616000007838, 8227514.806070000864565 ], [ 683666.256180000025779, 8227514.806070000864565 ], [ 683666.256180000025779, 8227514.776050001382828 ], [ 683666.286200000089593, 8227514.776050001382828 ], [ 683666.286200000089593, 8227514.716010000556707 ], [ 683666.316220000036992, 8227514.716010000556707 ], [ 683666.316220000036992, 8227514.65597000066191 ], [ 683666.346240000100806, 8227514.65597000066191 ], [ 683666.346240000100806, 8227514.625950001180172 ], [ 683666.376260000048205, 8227514.625950001180172 ], [ 683666.376260000048205, 8227514.565910001285374 ], [ 683666.406280000112019, 8227514.565910001285374 ], [ 683666.406280000112019, 8227514.535890000872314 ], [ 683666.436300000059418, 8227514.535890000872314 ], [ 683666.436300000059418, 8227514.475850000977516 ], [ 683666.46632, 8227514.475850000977516 ], [ 683666.46632, 8227514.445830000564456 ], [ 683666.496340000070632, 8227514.445830000564456 ], [ 683666.496340000070632, 8227514.385790000669658 ], [ 683666.52636000001803, 8227514.385790000669658 ], [ 683666.52636000001803, 8227514.355770001187921 ], [ 683666.556380000081845, 8227514.355770001187921 ], [ 683666.556380000081845, 8227514.295730001293123 ], [ 683666.586400000029244, 8227514.295730001293123 ], [ 683666.586400000029244, 8227514.265710000880063 ], [ 683666.616420000093058, 8227514.265710000880063 ], [ 683666.616420000093058, 8227514.205670000985265 ], [ 683666.646440000040457, 8227514.205670000985265 ], [ 683666.646440000040457, 8227514.145630001090467 ], [ 683666.676460000104271, 8227514.145630001090467 ], [ 683666.676460000104271, 8227514.115610000677407 ], [ 683666.70648000005167, 8227514.115610000677407 ], [ 683666.70648000005167, 8227514.055570000782609 ], [ 683666.7365, 8227514.055570000782609 ], [ 683666.7365, 8227514.025550001300871 ], [ 683666.766520000062883, 8227514.025550001300871 ], [ 683666.766520000062883, 8227513.965510001406074 ], [ 683666.796540000010282, 8227513.965510001406074 ], [ 683666.796540000010282, 8227513.935490000993013 ], [ 683666.826560000074096, 8227513.935490000993013 ], [ 683666.826560000074096, 8227513.875450001098216 ], [ 683666.856580000021495, 8227513.875450001098216 ], [ 683666.856580000021495, 8227513.845430000685155 ], [ 683666.886600000085309, 8227513.845430000685155 ], [ 683666.886600000085309, 8227513.785390000790358 ], [ 683666.916620000032708, 8227513.785390000790358 ], [ 683666.916620000032708, 8227513.75537000130862 ], [ 683666.946640000096522, 8227513.75537000130862 ], [ 683666.946640000096522, 8227513.695330001413822 ], [ 683666.976660000043921, 8227513.695330001413822 ], [ 683666.976660000043921, 8227513.635290000587702 ], [ 683667.006680000107735, 8227513.635290000587702 ], [ 683667.006680000107735, 8227513.605270001105964 ], [ 683667.036700000055134, 8227513.605270001105964 ], [ 683667.036700000055134, 8227513.545230001211166 ], [ 683667.06672, 8227513.545230001211166 ], [ 683667.06672, 8227513.515210000798106 ], [ 683667.096740000066347, 8227513.515210000798106 ], [ 683667.096740000066347, 8227513.455170000903308 ], [ 683667.126760000013746, 8227513.455170000903308 ], [ 683667.126760000013746, 8227513.425150001421571 ], [ 683667.156780000077561, 8227513.425150001421571 ], [ 683667.156780000077561, 8227513.36511000059545 ], [ 683667.186800000024959, 8227513.36511000059545 ], [ 683667.186800000024959, 8227513.335090001113713 ], [ 683667.216820000088774, 8227513.335090001113713 ], [ 683667.216820000088774, 8227513.275050001218915 ], [ 683667.246840000036173, 8227513.275050001218915 ], [ 683667.246840000036173, 8227513.245030000805855 ], [ 683667.276860000099987, 8227513.245030000805855 ], [ 683667.276860000099987, 8227513.184990000911057 ], [ 683667.306880000047386, 8227513.184990000911057 ], [ 683667.306880000047386, 8227513.124950001016259 ], [ 683667.3369000001112, 8227513.124950001016259 ], [ 683667.3369000001112, 8227513.094930000603199 ], [ 683667.366920000058599, 8227513.094930000603199 ], [ 683667.366920000058599, 8227513.034890000708401 ], [ 683667.39694, 8227513.034890000708401 ], [ 683667.39694, 8227513.004870001226664 ], [ 683667.426960000069812, 8227513.004870001226664 ], [ 683667.426960000069812, 8227512.944830001331866 ], [ 683667.456980000017211, 8227512.944830001331866 ], [ 683667.456980000017211, 8227512.914810000918806 ], [ 683667.487000000081025, 8227512.914810000918806 ], [ 683667.487000000081025, 8227512.854770001024008 ], [ 683667.517020000028424, 8227512.854770001024008 ], [ 683667.517020000028424, 8227512.824750000610948 ], [ 683667.547040000092238, 8227512.824750000610948 ], [ 683667.547040000092238, 8227512.76471000071615 ], [ 683667.577060000039637, 8227512.76471000071615 ], [ 683667.577060000039637, 8227512.734690001234412 ], [ 683667.607080000103451, 8227512.734690001234412 ], [ 683667.607080000103451, 8227512.674650001339614 ], [ 683667.63710000005085, 8227512.674650001339614 ], [ 683667.63710000005085, 8227512.614610001444817 ], [ 683667.667120000114664, 8227512.614610001444817 ], [ 683667.667120000114664, 8227512.584590001031756 ], [ 683667.697140000062063, 8227512.584590001031756 ], [ 683667.697140000062063, 8227512.524550001136959 ], [ 683667.72716, 8227512.524550001136959 ], [ 683667.72716, 8227512.494530000723898 ], [ 683667.757180000073276, 8227512.494530000723898 ], [ 683667.757180000073276, 8227512.434490000829101 ], [ 683667.787200000020675, 8227512.434490000829101 ], [ 683667.787200000020675, 8227512.404470001347363 ], [ 683667.81722000008449, 8227512.404470001347363 ], [ 683667.81722000008449, 8227512.344430001452565 ], [ 683667.847240000031888, 8227512.344430001452565 ], [ 683667.847240000031888, 8227512.314410001039505 ], [ 683667.877260000095703, 8227512.314410001039505 ], [ 683667.877260000095703, 8227512.254370001144707 ], [ 683667.907280000043102, 8227512.254370001144707 ], [ 683667.907280000043102, 8227512.224350000731647 ], [ 683667.937300000106916, 8227512.224350000731647 ], [ 683667.937300000106916, 8227512.164310000836849 ], [ 683667.967320000054315, 8227512.164310000836849 ], [ 683667.967320000054315, 8227512.104270000942051 ], [ 683667.99734, 8227512.104270000942051 ], [ 683667.99734, 8227512.074250001460314 ], [ 683668.027360000065528, 8227512.074250001460314 ], [ 683668.027360000065528, 8227512.014210000634193 ], [ 683668.057380000012927, 8227512.014210000634193 ], [ 683668.057380000012927, 8227511.984190001152456 ], [ 683668.087400000076741, 8227511.984190001152456 ], [ 683668.087400000076741, 8227511.924150001257658 ], [ 683668.11742000002414, 8227511.924150001257658 ], [ 683668.11742000002414, 8227511.894130000844598 ], [ 683668.147440000087954, 8227511.894130000844598 ], [ 683668.147440000087954, 8227511.8340900009498 ], [ 683668.177460000035353, 8227511.8340900009498 ], [ 683668.177460000035353, 8227511.804070001468062 ], [ 683668.207480000099167, 8227511.804070001468062 ], [ 683668.207480000099167, 8227511.744030000641942 ], [ 683668.237500000046566, 8227511.744030000641942 ], [ 683668.237500000046566, 8227511.714010001160204 ], [ 683668.26752000011038, 8227511.714010001160204 ], [ 683668.26752000011038, 8227511.653970001265407 ], [ 683668.297540000057779, 8227511.653970001265407 ], [ 683668.297540000057779, 8227511.593930001370609 ], [ 683668.32756, 8227511.593930001370609 ], [ 683668.32756, 8227511.563910000957549 ], [ 683668.357580000068992, 8227511.563910000957549 ], [ 683668.357580000068992, 8227511.503870001062751 ], [ 683668.387600000016391, 8227511.503870001062751 ], [ 683668.387600000016391, 8227511.473850000649691 ], [ 683668.417620000080206, 8227511.473850000649691 ], [ 683668.417620000080206, 8227511.413810000754893 ], [ 683668.447640000027604, 8227511.413810000754893 ], [ 683668.447640000027604, 8227511.383790001273155 ], [ 683668.477660000091419, 8227511.383790001273155 ], [ 683668.477660000091419, 8227511.323750001378357 ], [ 683668.507680000038818, 8227511.323750001378357 ], [ 683668.507680000038818, 8227511.293730000965297 ], [ 683668.537700000102632, 8227511.293730000965297 ], [ 683668.537700000102632, 8227511.233690001070499 ], [ 683668.567720000050031, 8227511.233690001070499 ], [ 683668.567720000050031, 8227511.203670000657439 ], [ 683668.597740000113845, 8227511.203670000657439 ], [ 683668.597740000113845, 8227511.143630000762641 ], [ 683668.627760000061244, 8227511.143630000762641 ], [ 683668.627760000061244, 8227511.083590000867844 ], [ 683668.65778, 8227511.083590000867844 ], [ 683668.65778, 8227511.053570001386106 ], [ 683668.687800000072457, 8227511.053570001386106 ], [ 683668.687800000072457, 8227510.993530000559986 ], [ 683668.717820000019856, 8227510.993530000559986 ], [ 683668.717820000019856, 8227510.963510001078248 ], [ 683668.74784000008367, 8227510.963510001078248 ], [ 683668.74784000008367, 8227510.90347000118345 ], [ 683668.777860000031069, 8227510.90347000118345 ], [ 683668.777860000031069, 8227510.87345000077039 ], [ 683668.807880000094883, 8227510.87345000077039 ], [ 683668.807880000094883, 8227510.813410000875592 ], [ 683668.837900000042282, 8227510.813410000875592 ], [ 683668.837900000042282, 8227510.783390001393855 ], [ 683668.867920000106096, 8227510.783390001393855 ], [ 683668.867920000106096, 8227510.723350000567734 ], [ 683668.897940000053495, 8227510.723350000567734 ], [ 683668.897940000053495, 8227510.693330001085997 ], [ 683668.92796, 8227510.693330001085997 ], [ 683668.92796, 8227510.633290001191199 ], [ 683668.957980000064708, 8227510.633290001191199 ], [ 683668.957980000064708, 8227510.573250001296401 ], [ 683668.988000000012107, 8227510.573250001296401 ], [ 683668.988000000012107, 8227510.543230000883341 ], [ 683669.018020000075921, 8227510.543230000883341 ], [ 683669.018020000075921, 8227510.483190000988543 ], [ 683669.04804000002332, 8227510.483190000988543 ], [ 683669.04804000002332, 8227510.453170000575483 ], [ 683669.078060000087135, 8227510.453170000575483 ], [ 683669.078060000087135, 8227510.393130000680685 ], [ 683669.108080000034533, 8227510.393130000680685 ], [ 683669.108080000034533, 8227510.363110001198947 ], [ 683669.138100000098348, 8227510.363110001198947 ], [ 683669.138100000098348, 8227510.30307000130415 ], [ 683669.168120000045747, 8227510.30307000130415 ], [ 683669.168120000045747, 8227510.273050000891089 ], [ 683669.198140000109561, 8227510.273050000891089 ], [ 683669.198140000109561, 8227510.213010000996292 ], [ 683669.22816000005696, 8227510.213010000996292 ], [ 683669.22816000005696, 8227510.182990000583231 ], [ 683669.25818, 8227510.182990000583231 ], [ 683669.25818, 8227510.122950000688434 ], [ 683669.288200000068173, 8227510.122950000688434 ], [ 683669.288200000068173, 8227510.062910000793636 ], [ 683669.318220000015572, 8227510.062910000793636 ], [ 683669.318220000015572, 8227510.032890001311898 ], [ 683669.348240000079386, 8227510.032890001311898 ], [ 683669.348240000079386, 8227509.9728500014171 ], [ 683669.378260000026785, 8227509.9728500014171 ], [ 683669.378260000026785, 8227509.94283000100404 ], [ 683669.408280000090599, 8227509.94283000100404 ], [ 683669.408280000090599, 8227509.882790001109242 ], [ 683669.438300000037998, 8227509.882790001109242 ], [ 683669.438300000037998, 8227509.852770000696182 ], [ 683669.468320000101812, 8227509.852770000696182 ], [ 683669.468320000101812, 8227509.792730000801384 ], [ 683669.498340000049211, 8227509.792730000801384 ], [ 683669.498340000049211, 8227509.762710001319647 ], [ 683669.528360000113025, 8227509.762710001319647 ], [ 683669.528360000113025, 8227509.702670001424849 ], [ 683669.558380000060424, 8227509.702670001424849 ], [ 683669.558380000060424, 8227509.672650001011789 ], [ 683669.5884, 8227509.672650001011789 ], [ 683669.5884, 8227509.612610001116991 ], [ 683669.618420000071637, 8227509.612610001116991 ], [ 683669.618420000071637, 8227509.552570001222193 ], [ 683669.648440000019036, 8227509.552570001222193 ], [ 683669.648440000019036, 8227509.522550000809133 ], [ 683669.67846000008285, 8227509.522550000809133 ], [ 683669.67846000008285, 8227509.462510000914335 ], [ 683669.708480000030249, 8227509.462510000914335 ], [ 683669.708480000030249, 8227509.432490001432598 ], [ 683669.738500000094064, 8227509.432490001432598 ], [ 683669.738500000094064, 8227509.372450000606477 ], [ 683669.768520000041462, 8227509.372450000606477 ], [ 683669.768520000041462, 8227509.34243000112474 ], [ 683669.798540000105277, 8227509.34243000112474 ], [ 683669.798540000105277, 8227509.282390001229942 ], [ 683669.828560000052676, 8227509.282390001229942 ], [ 683669.828560000052676, 8227509.252370000816882 ], [ 683669.85858, 8227509.252370000816882 ], [ 683669.85858, 8227509.192330000922084 ], [ 683669.888600000063889, 8227509.192330000922084 ], [ 683669.888600000063889, 8227509.162310001440346 ], [ 683669.918620000011288, 8227509.162310001440346 ], [ 683669.918620000011288, 8227509.102270000614226 ], [ 683669.948640000075102, 8227509.102270000614226 ], [ 683669.948640000075102, 8227509.042230000719428 ], [ 683669.978660000022501, 8227509.042230000719428 ], [ 683669.978660000022501, 8227509.01221000123769 ], [ 683670.008680000086315, 8227509.01221000123769 ], [ 683670.008680000086315, 8227508.952170001342893 ], [ 683670.038700000033714, 8227508.952170001342893 ], [ 683670.038700000033714, 8227508.922150000929832 ], [ 683670.068720000097528, 8227508.922150000929832 ], [ 683670.068720000097528, 8227508.862110001035035 ], [ 683670.098740000044927, 8227508.862110001035035 ], [ 683670.098740000044927, 8227508.832090000621974 ], [ 683670.128760000108741, 8227508.832090000621974 ], [ 683670.128760000108741, 8227508.772050000727177 ], [ 683670.15878000005614, 8227508.772050000727177 ], [ 683670.15878000005614, 8227508.742030001245439 ], [ 683670.1888, 8227508.742030001245439 ], [ 683670.1888, 8227508.681990001350641 ], [ 683670.218820000067353, 8227508.681990001350641 ], [ 683670.218820000067353, 8227508.651970000937581 ], [ 683670.248840000014752, 8227508.651970000937581 ], [ 683670.248840000014752, 8227508.591930001042783 ], [ 683670.278860000078566, 8227508.591930001042783 ], [ 683670.278860000078566, 8227508.531890001147985 ], [ 683670.308880000025965, 8227508.531890001147985 ], [ 683670.308880000025965, 8227508.501870000734925 ], [ 683670.338900000089779, 8227508.501870000734925 ], [ 683670.338900000089779, 8227508.441830000840127 ], [ 683670.368920000037178, 8227508.441830000840127 ], [ 683670.368920000037178, 8227508.41181000135839 ], [ 683670.398940000100993, 8227508.41181000135839 ], [ 683670.398940000100993, 8227508.351770001463592 ], [ 683670.428960000048392, 8227508.351770001463592 ], [ 683670.428960000048392, 8227508.321750001050532 ], [ 683670.458980000112206, 8227508.321750001050532 ], [ 683670.458980000112206, 8227508.261710001155734 ], [ 683670.489000000059605, 8227508.261710001155734 ], [ 683670.489000000059605, 8227508.231690000742674 ], [ 683670.51902, 8227508.231690000742674 ], [ 683670.51902, 8227508.171650000847876 ], [ 683670.549040000070818, 8227508.171650000847876 ], [ 683670.549040000070818, 8227508.141630001366138 ], [ 683670.579060000018217, 8227508.141630001366138 ], [ 683670.579060000018217, 8227508.081590001471341 ], [ 683670.609080000082031, 8227508.081590001471341 ], [ 683670.609080000082031, 8227508.02155000064522 ], [ 683670.63910000002943, 8227508.02155000064522 ], [ 683670.63910000002943, 8227507.991530001163483 ], [ 683670.669120000093244, 8227507.991530001163483 ], [ 683670.669120000093244, 8227507.931490001268685 ], [ 683670.699140000040643, 8227507.931490001268685 ], [ 683670.699140000040643, 8227507.901470000855625 ], [ 683670.729160000104457, 8227507.901470000855625 ], [ 683670.729160000104457, 8227507.841430000960827 ], [ 683670.759180000051856, 8227507.841430000960827 ], [ 683670.759180000051856, 8227507.811410001479089 ], [ 683670.7892, 8227507.811410001479089 ], [ 683670.7892, 8227507.751370000652969 ], [ 683670.819220000063069, 8227507.751370000652969 ], [ 683670.819220000063069, 8227507.721350001171231 ], [ 683670.849240000010468, 8227507.721350001171231 ], [ 683670.849240000010468, 8227507.661310001276433 ], [ 683670.879260000074282, 8227507.661310001276433 ], [ 683670.879260000074282, 8227507.631290000863373 ], [ 683670.909280000021681, 8227507.631290000863373 ], [ 683670.909280000021681, 8227507.571250000968575 ], [ 683670.939300000085495, 8227507.571250000968575 ], [ 683670.939300000085495, 8227507.511210001073778 ], [ 683670.969320000032894, 8227507.511210001073778 ], [ 683670.969320000032894, 8227507.481190000660717 ], [ 683670.999340000096709, 8227507.481190000660717 ], [ 683670.999340000096709, 8227507.42115000076592 ], [ 683671.029360000044107, 8227507.42115000076592 ], [ 683671.029360000044107, 8227507.391130001284182 ], [ 683671.059380000107922, 8227507.391130001284182 ], [ 683671.059380000107922, 8227507.331090001389384 ], [ 683671.089400000055321, 8227507.331090001389384 ], [ 683671.089400000055321, 8227507.301070000976324 ], [ 683671.11942, 8227507.301070000976324 ], [ 683671.11942, 8227507.241030001081526 ], [ 683671.149440000066534, 8227507.241030001081526 ], [ 683671.149440000066534, 8227507.211010000668466 ], [ 683671.179460000013933, 8227507.211010000668466 ], [ 683671.179460000013933, 8227507.150970000773668 ], [ 683671.209480000077747, 8227507.150970000773668 ], [ 683671.209480000077747, 8227507.120950001291931 ], [ 683671.239500000025146, 8227507.120950001291931 ], [ 683671.239500000025146, 8227507.060910001397133 ], [ 683671.26952000008896, 8227507.060910001397133 ], [ 683671.26952000008896, 8227507.000870000571012 ], [ 683671.299540000036359, 8227507.000870000571012 ], [ 683671.299540000036359, 8227506.970850001089275 ], [ 683671.329560000100173, 8227506.970850001089275 ], [ 683671.329560000100173, 8227506.910810001194477 ], [ 683671.359580000047572, 8227506.910810001194477 ], [ 683671.359580000047572, 8227506.880790000781417 ], [ 683671.389600000111386, 8227506.880790000781417 ], [ 683671.389600000111386, 8227506.820750000886619 ], [ 683671.419620000058785, 8227506.820750000886619 ], [ 683671.419620000058785, 8227506.790730001404881 ], [ 683671.44964, 8227506.790730001404881 ], [ 683671.44964, 8227506.730690000578761 ], [ 683671.479660000069998, 8227506.730690000578761 ], [ 683671.479660000069998, 8227506.700670001097023 ], [ 683671.509680000017397, 8227506.700670001097023 ], [ 683671.509680000017397, 8227506.640630001202226 ], [ 683671.539700000081211, 8227506.640630001202226 ], [ 683671.539700000081211, 8227506.610610000789165 ], [ 683671.56972000002861, 8227506.610610000789165 ], [ 683671.56972000002861, 8227506.550570000894368 ], [ 683671.599740000092424, 8227506.550570000894368 ], [ 683671.599740000092424, 8227506.49053000099957 ], [ 683671.629760000039823, 8227506.49053000099957 ], [ 683671.629760000039823, 8227506.46051000058651 ], [ 683671.659780000103638, 8227506.46051000058651 ], [ 683671.659780000103638, 8227506.400470000691712 ], [ 683671.689800000051036, 8227506.400470000691712 ], [ 683671.689800000051036, 8227506.370450001209974 ], [ 683671.719820000114851, 8227506.370450001209974 ], [ 683671.719820000114851, 8227506.310410001315176 ], [ 683671.74984000006225, 8227506.310410001315176 ], [ 683671.74984000006225, 8227506.280390000902116 ], [ 683671.77986, 8227506.280390000902116 ], [ 683671.77986, 8227506.220350001007318 ], [ 683671.809880000073463, 8227506.220350001007318 ], [ 683671.809880000073463, 8227506.190330000594258 ], [ 683671.839900000020862, 8227506.190330000594258 ], [ 683671.839900000020862, 8227506.130290000699461 ], [ 683671.869920000084676, 8227506.130290000699461 ], [ 683671.869920000084676, 8227506.100270001217723 ], [ 683671.899940000032075, 8227506.100270001217723 ], [ 683671.899940000032075, 8227506.040230001322925 ], [ 683671.929960000095889, 8227506.040230001322925 ], [ 683671.929960000095889, 8227505.980190001428127 ], [ 683671.959980000043288, 8227505.980190001428127 ], [ 683671.959980000043288, 8227505.950170001015067 ], [ 683671.990000000107102, 8227505.950170001015067 ], [ 683671.990000000107102, 8227505.890130001120269 ], [ 683672.020020000054501, 8227505.890130001120269 ], [ 683672.020020000054501, 8227505.860110000707209 ], [ 683672.05004, 8227505.860110000707209 ], [ 683672.05004, 8227505.800070000812411 ], [ 683672.080060000065714, 8227505.800070000812411 ], [ 683672.080060000065714, 8227505.770050001330674 ], [ 683672.110080000013113, 8227505.770050001330674 ], [ 683672.110080000013113, 8227505.710010001435876 ], [ 683672.140100000076927, 8227505.710010001435876 ], [ 683672.140100000076927, 8227505.679990001022816 ], [ 683672.170120000024326, 8227505.679990001022816 ], [ 683672.170120000024326, 8227505.619950001128018 ], [ 683672.20014000008814, 8227505.619950001128018 ], [ 683672.20014000008814, 8227505.589930000714958 ], [ 683672.230160000035539, 8227505.589930000714958 ], [ 683672.230160000035539, 8227505.52989000082016 ], [ 683672.260180000099353, 8227505.52989000082016 ], [ 683672.260180000099353, 8227505.469850000925362 ], [ 683672.290200000046752, 8227505.469850000925362 ], [ 683672.290200000046752, 8227505.439830001443624 ], [ 683672.320220000110567, 8227505.439830001443624 ], [ 683672.320220000110567, 8227505.379790000617504 ], [ 683672.350240000057966, 8227505.379790000617504 ], [ 683672.350240000057966, 8227505.349770001135767 ], [ 683672.38026, 8227505.349770001135767 ], [ 683672.38026, 8227505.289730001240969 ], [ 683672.410280000069179, 8227505.289730001240969 ], [ 683672.410280000069179, 8227505.259710000827909 ], [ 683672.440300000016578, 8227505.259710000827909 ], [ 683672.440300000016578, 8227505.199670000933111 ], [ 683672.470320000080392, 8227505.199670000933111 ], [ 683672.470320000080392, 8227505.169650001451373 ], [ 683672.500340000027791, 8227505.169650001451373 ], [ 683672.500340000027791, 8227505.109610000625253 ], [ 683672.530360000091605, 8227505.109610000625253 ], [ 683672.530360000091605, 8227505.079590001143515 ], [ 683672.560380000039004, 8227505.079590001143515 ], [ 683672.560380000039004, 8227505.019550001248717 ], [ 683672.590400000102818, 8227505.019550001248717 ], [ 683672.590400000102818, 8227504.95951000135392 ], [ 683672.620420000050217, 8227504.95951000135392 ], [ 683672.620420000050217, 8227504.929490000940859 ], [ 683672.650440000114031, 8227504.929490000940859 ], [ 683672.650440000114031, 8227504.869450001046062 ], [ 683672.68046000006143, 8227504.869450001046062 ], [ 683672.68046000006143, 8227504.839430000633001 ], [ 683672.71048, 8227504.839430000633001 ], [ 683672.71048, 8227504.779390000738204 ], [ 683672.740500000072643, 8227504.779390000738204 ], [ 683672.740500000072643, 8227504.749370001256466 ], [ 683672.770520000020042, 8227504.749370001256466 ], [ 683672.770520000020042, 8227504.689330001361668 ], [ 683672.800540000083856, 8227504.689330001361668 ], [ 683672.800540000083856, 8227504.659310000948608 ], [ 683672.830560000031255, 8227504.659310000948608 ], [ 683672.830560000031255, 8227504.59927000105381 ], [ 683672.860580000095069, 8227504.59927000105381 ], [ 683672.860580000095069, 8227504.56925000064075 ], [ 683672.890600000042468, 8227504.56925000064075 ], [ 683672.890600000042468, 8227504.509210000745952 ], [ 683672.920620000106283, 8227504.509210000745952 ], [ 683672.920620000106283, 8227504.449170000851154 ], [ 683672.950640000053681, 8227504.449170000851154 ], [ 683672.950640000053681, 8227504.419150001369417 ], [ 683672.98066, 8227504.419150001369417 ], [ 683672.98066, 8227504.359110001474619 ], [ 683673.010680000064895, 8227504.359110001474619 ], [ 683673.010680000064895, 8227504.329090001061559 ], [ 683673.040700000012293, 8227504.329090001061559 ], [ 683673.040700000012293, 8227504.269050001166761 ], [ 683673.070720000076108, 8227504.269050001166761 ], [ 683673.070720000076108, 8227504.239030000753701 ], [ 683673.100740000023507, 8227504.239030000753701 ], [ 683673.100740000023507, 8227504.178990000858903 ], [ 683673.130760000087321, 8227504.178990000858903 ], [ 683673.130760000087321, 8227504.148970001377165 ], [ 683673.16078000003472, 8227504.148970001377165 ], [ 683673.16078000003472, 8227504.088930000551045 ], [ 683673.190800000098534, 8227504.088930000551045 ], [ 683673.190800000098534, 8227504.058910001069307 ], [ 683673.220820000045933, 8227504.058910001069307 ], [ 683673.220820000045933, 8227503.99887000117451 ], [ 683673.250840000109747, 8227503.99887000117451 ], [ 683673.250840000109747, 8227503.938830001279712 ], [ 683673.280860000057146, 8227503.938830001279712 ], [ 683673.280860000057146, 8227503.908810000866652 ], [ 683673.31088, 8227503.908810000866652 ], [ 683673.31088, 8227503.848770000971854 ], [ 683673.340900000068359, 8227503.848770000971854 ], [ 683673.340900000068359, 8227503.818750000558794 ], [ 683673.370920000015758, 8227503.818750000558794 ], [ 683673.370920000015758, 8227503.758710000663996 ], [ 683673.400940000079572, 8227503.758710000663996 ], [ 683673.400940000079572, 8227503.728690001182258 ], [ 683673.430960000026971, 8227503.728690001182258 ], [ 683673.430960000026971, 8227503.66865000128746 ], [ 683673.460980000090785, 8227503.66865000128746 ], [ 683673.460980000090785, 8227503.6386300008744 ], [ 683673.491000000038184, 8227503.6386300008744 ], [ 683673.491000000038184, 8227503.578590000979602 ], [ 683673.521020000101998, 8227503.578590000979602 ], [ 683673.521020000101998, 8227503.548570000566542 ], [ 683673.551040000049397, 8227503.548570000566542 ], [ 683673.551040000049397, 8227503.488530000671744 ], [ 683673.581060000113212, 8227503.488530000671744 ], [ 683673.581060000113212, 8227503.428490000776947 ], [ 683673.61108000006061, 8227503.428490000776947 ], [ 683673.61108000006061, 8227503.398470001295209 ], [ 683673.6411, 8227503.398470001295209 ], [ 683673.6411, 8227503.338430001400411 ], [ 683673.671120000071824, 8227503.338430001400411 ], [ 683673.671120000071824, 8227503.308410000987351 ], [ 683673.701140000019222, 8227503.308410000987351 ], [ 683673.701140000019222, 8227503.248370001092553 ], [ 683673.731160000083037, 8227503.248370001092553 ], [ 683673.731160000083037, 8227503.218350000679493 ], [ 683673.761180000030436, 8227503.218350000679493 ], [ 683673.761180000030436, 8227503.158310000784695 ], [ 683673.79120000009425, 8227503.158310000784695 ], [ 683673.79120000009425, 8227503.128290001302958 ], [ 683673.821220000041649, 8227503.128290001302958 ], [ 683673.821220000041649, 8227503.06825000140816 ], [ 683673.851240000105463, 8227503.06825000140816 ], [ 683673.851240000105463, 8227503.0382300009951 ], [ 683673.881260000052862, 8227503.0382300009951 ], [ 683673.881260000052862, 8227502.978190001100302 ], [ 683673.91128, 8227502.978190001100302 ], [ 683673.91128, 8227502.918150001205504 ], [ 683673.941300000064075, 8227502.918150001205504 ], [ 683673.941300000064075, 8227502.888130000792444 ], [ 683673.971320000011474, 8227502.888130000792444 ], [ 683673.971320000011474, 8227502.828090000897646 ], [ 683674.001340000075288, 8227502.828090000897646 ], [ 683674.001340000075288, 8227502.798070001415908 ], [ 683674.031360000022687, 8227502.798070001415908 ], [ 683674.031360000022687, 8227502.738030000589788 ], [ 683674.061380000086501, 8227502.738030000589788 ], [ 683674.061380000086501, 8227502.70801000110805 ], [ 683674.0914000000339, 8227502.70801000110805 ], [ 683674.0914000000339, 8227502.647970001213253 ], [ 683674.121420000097714, 8227502.647970001213253 ], [ 683674.121420000097714, 8227502.617950000800192 ], [ 683674.151440000045113, 8227502.617950000800192 ], [ 683674.151440000045113, 8227502.557910000905395 ], [ 683674.181460000108927, 8227502.557910000905395 ], [ 683674.181460000108927, 8227502.527890001423657 ], [ 683674.211480000056326, 8227502.527890001423657 ], [ 683674.211480000056326, 8227502.467850000597537 ], [ 683674.2415, 8227502.467850000597537 ], [ 683674.2415, 8227502.407810000702739 ], [ 683674.27152000006754, 8227502.407810000702739 ], [ 683674.27152000006754, 8227502.377790001221001 ], [ 683674.301540000014938, 8227502.377790001221001 ], [ 683674.301540000014938, 8227502.317750001326203 ], [ 683674.331560000078753, 8227502.317750001326203 ], [ 683674.331560000078753, 8227502.287730000913143 ], [ 683674.361580000026152, 8227502.287730000913143 ], [ 683674.361580000026152, 8227502.227690001018345 ], [ 683674.391600000089966, 8227502.227690001018345 ], [ 683674.391600000089966, 8227502.197670000605285 ], [ 683674.421620000037365, 8227502.197670000605285 ], [ 683674.421620000037365, 8227502.137630000710487 ], [ 683674.451640000101179, 8227502.137630000710487 ], [ 683674.451640000101179, 8227502.10761000122875 ], [ 683674.481660000048578, 8227502.10761000122875 ], [ 683674.481660000048578, 8227502.047570001333952 ], [ 683674.511680000112392, 8227502.047570001333952 ], [ 683674.511680000112392, 8227502.017550000920892 ], [ 683674.541700000059791, 8227502.017550000920892 ], [ 683674.541700000059791, 8227501.957510001026094 ], [ 683674.57172, 8227501.957510001026094 ], [ 683674.57172, 8227501.897470001131296 ], [ 683674.601740000071004, 8227501.897470001131296 ], [ 683674.601740000071004, 8227501.867450000718236 ], [ 683674.631760000018403, 8227501.867450000718236 ], [ 683674.631760000018403, 8227501.807410000823438 ], [ 683674.661780000082217, 8227501.807410000823438 ], [ 683674.661780000082217, 8227501.777390001341701 ], [ 683674.691800000029616, 8227501.777390001341701 ], [ 683674.691800000029616, 8227501.717350001446903 ], [ 683674.72182000009343, 8227501.717350001446903 ], [ 683674.72182000009343, 8227501.687330001033843 ], [ 683674.751840000040829, 8227501.687330001033843 ], [ 683674.751840000040829, 8227501.627290001139045 ], [ 683674.781860000104643, 8227501.627290001139045 ], [ 683674.781860000104643, 8227501.597270000725985 ], [ 683674.811880000052042, 8227501.597270000725985 ], [ 683674.811880000052042, 8227501.537230000831187 ], [ 683674.8419, 8227501.537230000831187 ], [ 683674.8419, 8227501.507210001349449 ], [ 683674.871920000063255, 8227501.507210001349449 ], [ 683674.871920000063255, 8227501.447170001454651 ], [ 683674.901940000010654, 8227501.447170001454651 ], [ 683674.901940000010654, 8227501.387130000628531 ], [ 683674.931960000074469, 8227501.387130000628531 ], [ 683674.931960000074469, 8227501.357110001146793 ], [ 683674.961980000021867, 8227501.357110001146793 ], [ 683674.961980000021867, 8227501.297070001251996 ], [ 683674.992000000085682, 8227501.297070001251996 ], [ 683674.992000000085682, 8227501.267050000838935 ], [ 683675.022020000033081, 8227501.267050000838935 ], [ 683675.022020000033081, 8227501.207010000944138 ], [ 683675.052040000096895, 8227501.207010000944138 ], [ 683675.052040000096895, 8227501.1769900014624 ], [ 683675.082060000044294, 8227501.1769900014624 ], [ 683675.082060000044294, 8227501.11695000063628 ], [ 683675.112080000108108, 8227501.11695000063628 ], [ 683675.112080000108108, 8227501.086930001154542 ], [ 683675.142100000055507, 8227501.086930001154542 ], [ 683675.142100000055507, 8227501.026890001259744 ], [ 683675.17212, 8227501.026890001259744 ], [ 683675.17212, 8227500.996870000846684 ], [ 683675.20214000006672, 8227500.996870000846684 ], [ 683675.20214000006672, 8227500.936830000951886 ], [ 683675.232160000014119, 8227500.936830000951886 ], [ 683675.232160000014119, 8227500.876790001057088 ], [ 683675.262180000077933, 8227500.876790001057088 ], [ 683675.262180000077933, 8227500.846770000644028 ], [ 683675.292200000025332, 8227500.846770000644028 ], [ 683675.292200000025332, 8227500.78673000074923 ], [ 683675.322220000089146, 8227500.78673000074923 ], [ 683675.322220000089146, 8227500.756710001267493 ], [ 683675.352240000036545, 8227500.756710001267493 ], [ 683675.352240000036545, 8227500.696670001372695 ], [ 683675.382260000100359, 8227500.696670001372695 ], [ 683675.382260000100359, 8227500.666650000959635 ], [ 683675.412280000047758, 8227500.666650000959635 ], [ 683675.412280000047758, 8227500.606610001064837 ], [ 683675.442300000111572, 8227500.606610001064837 ], [ 683675.442300000111572, 8227500.576590000651777 ], [ 683675.472320000058971, 8227500.576590000651777 ], [ 683675.472320000058971, 8227500.516550000756979 ], [ 683675.50234, 8227500.516550000756979 ], [ 683675.50234, 8227500.486530001275241 ], [ 683675.532360000070184, 8227500.486530001275241 ], [ 683675.532360000070184, 8227500.426490001380444 ], [ 683675.562380000017583, 8227500.426490001380444 ], [ 683675.562380000017583, 8227500.366450000554323 ], [ 683675.592400000081398, 8227500.366450000554323 ], [ 683675.592400000081398, 8227500.336430001072586 ], [ 683675.622420000028796, 8227500.336430001072586 ], [ 683675.622420000028796, 8227500.276390001177788 ], [ 683675.652440000092611, 8227500.276390001177788 ], [ 683675.652440000092611, 8227500.246370000764728 ], [ 683675.68246000004001, 8227500.246370000764728 ], [ 683675.68246000004001, 8227500.18633000086993 ], [ 683675.712480000103824, 8227500.18633000086993 ], [ 683675.712480000103824, 8227500.156310001388192 ], [ 683675.742500000051223, 8227500.156310001388192 ], [ 683675.742500000051223, 8227500.096270000562072 ], [ 683675.772520000115037, 8227500.096270000562072 ], [ 683675.772520000115037, 8227500.066250001080334 ], [ 683675.802540000062436, 8227500.066250001080334 ], [ 683675.802540000062436, 8227500.006210001185536 ], [ 683675.83256, 8227500.006210001185536 ], [ 683675.83256, 8227499.976190000772476 ], [ 683675.862580000073649, 8227499.976190000772476 ], [ 683675.862580000073649, 8227499.916150000877678 ], [ 683675.892600000021048, 8227499.916150000877678 ], [ 683675.892600000021048, 8227499.856110000982881 ], [ 683675.922620000084862, 8227499.856110000982881 ], [ 683675.922620000084862, 8227499.82609000056982 ], [ 683675.952640000032261, 8227499.82609000056982 ], [ 683675.952640000032261, 8227499.766050000675023 ], [ 683675.982660000096075, 8227499.766050000675023 ], [ 683675.982660000096075, 8227499.736030001193285 ], [ 683676.012680000043474, 8227499.736030001193285 ], [ 683676.012680000043474, 8227499.675990001298487 ], [ 683676.042700000107288, 8227499.675990001298487 ], [ 683676.042700000107288, 8227499.645970000885427 ], [ 683676.072720000054687, 8227499.645970000885427 ], [ 683676.072720000054687, 8227499.585930000990629 ], [ 683676.10274, 8227499.585930000990629 ], [ 683676.10274, 8227499.555910000577569 ], [ 683676.1327600000659, 8227499.555910000577569 ], [ 683676.1327600000659, 8227499.495870000682771 ], [ 683676.162780000013299, 8227499.495870000682771 ], [ 683676.162780000013299, 8227499.465850001201034 ], [ 683676.192800000077114, 8227499.465850001201034 ], [ 683676.192800000077114, 8227499.405810001306236 ], [ 683676.222820000024512, 8227499.405810001306236 ], [ 683676.222820000024512, 8227499.345770001411438 ], [ 683676.252840000088327, 8227499.345770001411438 ], [ 683676.252840000088327, 8227499.315750000998378 ], [ 683676.282860000035726, 8227499.315750000998378 ], [ 683676.282860000035726, 8227499.25571000110358 ], [ 683676.31288000009954, 8227499.25571000110358 ], [ 683676.31288000009954, 8227499.22569000069052 ], [ 683676.342900000046939, 8227499.22569000069052 ], [ 683676.342900000046939, 8227499.165650000795722 ], [ 683676.372920000110753, 8227499.165650000795722 ], [ 683676.372920000110753, 8227499.135630001313984 ], [ 683676.402940000058152, 8227499.135630001313984 ], [ 683676.402940000058152, 8227499.075590001419187 ], [ 683676.43296, 8227499.075590001419187 ], [ 683676.43296, 8227499.045570001006126 ], [ 683676.462980000069365, 8227499.045570001006126 ], [ 683676.462980000069365, 8227498.985530001111329 ], [ 683676.493000000016764, 8227498.985530001111329 ], [ 683676.493000000016764, 8227498.955510000698268 ], [ 683676.523020000080578, 8227498.955510000698268 ], [ 683676.523020000080578, 8227498.895470000803471 ], [ 683676.553040000027977, 8227498.895470000803471 ], [ 683676.553040000027977, 8227498.835430000908673 ], [ 683676.583060000091791, 8227498.835430000908673 ], [ 683676.583060000091791, 8227498.805410001426935 ], [ 683676.61308000003919, 8227498.805410001426935 ], [ 683676.61308000003919, 8227498.745370000600815 ], [ 683676.643100000103004, 8227498.745370000600815 ], [ 683676.643100000103004, 8227498.715350001119077 ], [ 683676.673120000050403, 8227498.715350001119077 ], [ 683676.673120000050403, 8227498.655310001224279 ], [ 683676.703140000114217, 8227498.655310001224279 ], [ 683676.703140000114217, 8227498.625290000811219 ], [ 683676.733160000061616, 8227498.625290000811219 ], [ 683676.733160000061616, 8227498.565250000916421 ], [ 683676.76318, 8227498.565250000916421 ], [ 683676.76318, 8227498.535230001434684 ], [ 683676.793200000072829, 8227498.535230001434684 ], [ 683676.793200000072829, 8227498.475190000608563 ], [ 683676.823220000020228, 8227498.475190000608563 ], [ 683676.823220000020228, 8227498.445170001126826 ], [ 683676.853240000084043, 8227498.445170001126826 ], [ 683676.853240000084043, 8227498.385130001232028 ], [ 683676.883260000031441, 8227498.385130001232028 ], [ 683676.883260000031441, 8227498.32509000133723 ], [ 683676.913280000095256, 8227498.32509000133723 ], [ 683676.913280000095256, 8227498.29507000092417 ], [ 683676.943300000042655, 8227498.29507000092417 ], [ 683676.943300000042655, 8227498.235030001029372 ], [ 683676.973320000106469, 8227498.235030001029372 ], [ 683676.973320000106469, 8227498.205010000616312 ], [ 683677.003340000053868, 8227498.205010000616312 ], [ 683677.003340000053868, 8227498.144970000721514 ], [ 683677.03336, 8227498.144970000721514 ], [ 683677.03336, 8227498.114950001239777 ], [ 683677.063380000065081, 8227498.114950001239777 ], [ 683677.063380000065081, 8227498.054910001344979 ], [ 683677.09340000001248, 8227498.054910001344979 ], [ 683677.09340000001248, 8227498.024890000931919 ], [ 683677.123420000076294, 8227498.024890000931919 ], [ 683677.123420000076294, 8227497.964850001037121 ], [ 683677.153440000023693, 8227497.964850001037121 ], [ 683677.153440000023693, 8227497.934830000624061 ], [ 683677.183460000087507, 8227497.934830000624061 ], [ 683677.183460000087507, 8227497.874790000729263 ], [ 683677.213480000034906, 8227497.874790000729263 ], [ 683677.213480000034906, 8227497.814750000834465 ], [ 683677.24350000009872, 8227497.814750000834465 ], [ 683677.24350000009872, 8227497.784730001352727 ], [ 683677.273520000046119, 8227497.784730001352727 ], [ 683677.273520000046119, 8227497.72469000145793 ], [ 683677.303540000109933, 8227497.72469000145793 ], [ 683677.303540000109933, 8227497.694670001044869 ], [ 683677.333560000057332, 8227497.694670001044869 ], [ 683677.333560000057332, 8227497.634630001150072 ], [ 683677.36358, 8227497.634630001150072 ], [ 683677.36358, 8227497.604610000737011 ], [ 683677.393600000068545, 8227497.604610000737011 ], [ 683677.393600000068545, 8227497.544570000842214 ], [ 683677.423620000015944, 8227497.544570000842214 ], [ 683677.423620000015944, 8227497.514550001360476 ], [ 683677.453640000079758, 8227497.514550001360476 ], [ 683677.453640000079758, 8227497.454510001465678 ], [ 683677.483660000027157, 8227497.454510001465678 ], [ 683677.483660000027157, 8227497.424490001052618 ], [ 683677.513680000090972, 8227497.424490001052618 ], [ 683677.513680000090972, 8227497.36445000115782 ], [ 683677.54370000003837, 8227497.36445000115782 ], [ 683677.54370000003837, 8227497.304410001263022 ], [ 683677.573720000102185, 8227497.304410001263022 ], [ 683677.573720000102185, 8227497.274390000849962 ], [ 683677.603740000049584, 8227497.274390000849962 ], [ 683677.603740000049584, 8227497.214350000955164 ], [ 683677.633760000113398, 8227497.214350000955164 ], [ 683677.633760000113398, 8227497.184330001473427 ], [ 683677.663780000060797, 8227497.184330001473427 ], [ 683677.663780000060797, 8227497.124290000647306 ], [ 683677.6938, 8227497.124290000647306 ], [ 683677.6938, 8227497.094270001165569 ], [ 683677.72382000007201, 8227497.094270001165569 ], [ 683677.72382000007201, 8227497.034230001270771 ], [ 683677.753840000019409, 8227497.034230001270771 ], [ 683677.753840000019409, 8227497.004210000857711 ], [ 683677.783860000083223, 8227497.004210000857711 ], [ 683677.783860000083223, 8227496.944170000962913 ], [ 683677.813880000030622, 8227496.944170000962913 ], [ 683677.813880000030622, 8227496.914150000549853 ], [ 683677.843900000094436, 8227496.914150000549853 ], [ 683677.843900000094436, 8227496.854110000655055 ], [ 683677.873920000041835, 8227496.854110000655055 ], [ 683677.873920000041835, 8227496.794070000760257 ], [ 683677.903940000105649, 8227496.794070000760257 ], [ 683677.903940000105649, 8227496.76405000127852 ], [ 683677.933960000053048, 8227496.76405000127852 ], [ 683677.933960000053048, 8227496.704010001383722 ], [ 683677.96398, 8227496.704010001383722 ], [ 683677.96398, 8227496.673990000970662 ], [ 683677.994000000064261, 8227496.673990000970662 ], [ 683677.994000000064261, 8227496.613950001075864 ], [ 683678.02402000001166, 8227496.613950001075864 ], [ 683678.02402000001166, 8227496.583930000662804 ], [ 683678.054040000075474, 8227496.583930000662804 ], [ 683678.054040000075474, 8227496.523890000768006 ], [ 683678.084060000022873, 8227496.523890000768006 ], [ 683678.084060000022873, 8227496.493870001286268 ], [ 683678.114080000086688, 8227496.493870001286268 ], [ 683678.114080000086688, 8227496.43383000139147 ], [ 683678.144100000034086, 8227496.43383000139147 ], [ 683678.144100000034086, 8227496.40381000097841 ], [ 683678.174120000097901, 8227496.40381000097841 ], [ 683678.174120000097901, 8227496.343770001083612 ], [ 683678.2041400000453, 8227496.343770001083612 ], [ 683678.2041400000453, 8227496.283730001188815 ], [ 683678.234160000109114, 8227496.283730001188815 ], [ 683678.234160000109114, 8227496.253710000775754 ], [ 683678.264180000056513, 8227496.253710000775754 ], [ 683678.264180000056513, 8227496.193670000880957 ], [ 683678.2942, 8227496.193670000880957 ], [ 683678.2942, 8227496.163650001399219 ], [ 683678.324220000067726, 8227496.163650001399219 ], [ 683678.324220000067726, 8227496.103610000573099 ], [ 683678.354240000015125, 8227496.103610000573099 ], [ 683678.354240000015125, 8227496.073590001091361 ], [ 683678.384260000078939, 8227496.073590001091361 ], [ 683678.384260000078939, 8227496.013550001196563 ], [ 683678.414280000026338, 8227496.013550001196563 ], [ 683678.414280000026338, 8227495.983530000783503 ], [ 683678.444300000090152, 8227495.983530000783503 ], [ 683678.444300000090152, 8227495.923490000888705 ], [ 683678.474320000037551, 8227495.923490000888705 ], [ 683678.474320000037551, 8227495.893470001406968 ], [ 683678.504340000101365, 8227495.893470001406968 ], [ 683678.504340000101365, 8227495.833430000580847 ], [ 683678.534360000048764, 8227495.833430000580847 ], [ 683678.534360000048764, 8227495.773390000686049 ], [ 683678.564380000112578, 8227495.773390000686049 ], [ 683678.564380000112578, 8227495.743370001204312 ], [ 683678.594400000059977, 8227495.743370001204312 ], [ 683678.594400000059977, 8227495.683330001309514 ], [ 683678.62442, 8227495.683330001309514 ], [ 683678.62442, 8227495.653310000896454 ], [ 683678.65444000007119, 8227495.653310000896454 ], [ 683678.65444000007119, 8227495.593270001001656 ], [ 683678.684460000018589, 8227495.593270001001656 ], [ 683678.684460000018589, 8227495.563250000588596 ], [ 683678.714480000082403, 8227495.563250000588596 ], [ 683678.714480000082403, 8227495.503210000693798 ], [ 683678.744500000029802, 8227495.503210000693798 ], [ 683678.744500000029802, 8227495.47319000121206 ], [ 683678.774520000093617, 8227495.47319000121206 ], [ 683678.774520000093617, 8227495.413150001317263 ], [ 683678.804540000041015, 8227495.413150001317263 ], [ 683678.804540000041015, 8227495.383130000904202 ], [ 683678.83456000010483, 8227495.383130000904202 ], [ 683678.83456000010483, 8227495.323090001009405 ], [ 683678.864580000052229, 8227495.323090001009405 ], [ 683678.864580000052229, 8227495.263050001114607 ], [ 683678.8946, 8227495.263050001114607 ], [ 683678.8946, 8227495.233030000701547 ], [ 683678.924620000063442, 8227495.233030000701547 ], [ 683678.924620000063442, 8227495.172990000806749 ], [ 683678.954640000010841, 8227495.172990000806749 ], [ 683678.954640000010841, 8227495.142970001325011 ], [ 683678.984660000074655, 8227495.142970001325011 ], [ 683678.984660000074655, 8227495.082930001430213 ], [ 683679.014680000022054, 8227495.082930001430213 ], [ 683679.014680000022054, 8227495.052910001017153 ], [ 683679.044700000085868, 8227495.052910001017153 ], [ 683679.044700000085868, 8227494.992870001122355 ], [ 683679.074720000033267, 8227494.992870001122355 ], [ 683679.074720000033267, 8227494.962850000709295 ], [ 683679.104740000097081, 8227494.962850000709295 ], [ 683679.104740000097081, 8227494.902810000814497 ], [ 683679.13476000004448, 8227494.902810000814497 ], [ 683679.13476000004448, 8227494.87279000133276 ], [ 683679.164780000108294, 8227494.87279000133276 ], [ 683679.164780000108294, 8227494.812750001437962 ], [ 683679.194800000055693, 8227494.812750001437962 ], [ 683679.194800000055693, 8227494.752710000611842 ], [ 683679.22482, 8227494.752710000611842 ], [ 683679.22482, 8227494.722690001130104 ], [ 683679.254840000066906, 8227494.722690001130104 ], [ 683679.254840000066906, 8227494.662650001235306 ], [ 683679.284860000014305, 8227494.662650001235306 ], [ 683679.284860000014305, 8227494.632630000822246 ], [ 683679.314880000078119, 8227494.632630000822246 ], [ 683679.314880000078119, 8227494.572590000927448 ], [ 683679.344900000025518, 8227494.572590000927448 ], [ 683679.344900000025518, 8227494.542570001445711 ], [ 683679.374920000089332, 8227494.542570001445711 ], [ 683679.374920000089332, 8227494.48253000061959 ], [ 683679.404940000036731, 8227494.48253000061959 ], [ 683679.404940000036731, 8227494.452510001137853 ], [ 683679.434960000100546, 8227494.452510001137853 ], [ 683679.434960000100546, 8227494.392470001243055 ], [ 683679.464980000047944, 8227494.392470001243055 ], [ 683679.464980000047944, 8227494.362450000829995 ], [ 683679.495000000111759, 8227494.362450000829995 ], [ 683679.495000000111759, 8227494.302410000935197 ], [ 683679.525020000059158, 8227494.302410000935197 ], [ 683679.525020000059158, 8227494.242370001040399 ], [ 683679.55504, 8227494.242370001040399 ], [ 683679.55504, 8227494.212350000627339 ], [ 683679.585060000070371, 8227494.212350000627339 ], [ 683679.585060000070371, 8227494.152310000732541 ], [ 683679.61508000001777, 8227494.152310000732541 ], [ 683679.61508000001777, 8227494.122290001250803 ], [ 683679.645100000081584, 8227494.122290001250803 ], [ 683679.645100000081584, 8227494.062250001356006 ], [ 683679.675120000028983, 8227494.062250001356006 ], [ 683679.675120000028983, 8227494.032230000942945 ], [ 683679.705140000092797, 8227494.032230000942945 ], [ 683679.705140000092797, 8227493.972190001048148 ], [ 683679.735160000040196, 8227493.972190001048148 ], [ 683679.735160000040196, 8227493.942170000635087 ], [ 683679.76518000010401, 8227493.942170000635087 ], [ 683679.76518000010401, 8227493.88213000074029 ], [ 683679.795200000051409, 8227493.88213000074029 ], [ 683679.795200000051409, 8227493.852110001258552 ], [ 683679.825220000115223, 8227493.852110001258552 ], [ 683679.825220000115223, 8227493.792070001363754 ], [ 683679.855240000062622, 8227493.792070001363754 ], [ 683679.855240000062622, 8227493.732030001468956 ], [ 683679.885260000010021, 8227493.732030001468956 ], [ 683679.885260000010021, 8227493.702010001055896 ], [ 683679.915280000073835, 8227493.702010001055896 ], [ 683679.915280000073835, 8227493.641970001161098 ], [ 683679.945300000021234, 8227493.641970001161098 ], [ 683679.945300000021234, 8227493.611950000748038 ], [ 683679.975320000085048, 8227493.611950000748038 ], [ 683679.975320000085048, 8227493.55191000085324 ], [ 683680.005340000032447, 8227493.55191000085324 ], [ 683680.005340000032447, 8227493.521890001371503 ], [ 683680.035360000096262, 8227493.521890001371503 ], [ 683680.035360000096262, 8227493.461850001476705 ], [ 683680.06538000004366, 8227493.461850001476705 ], [ 683680.06538000004366, 8227493.431830001063645 ], [ 683680.095400000107475, 8227493.431830001063645 ], [ 683680.095400000107475, 8227493.371790001168847 ], [ 683680.125420000054874, 8227493.371790001168847 ], [ 683680.125420000054874, 8227493.341770000755787 ], [ 683680.15544, 8227493.341770000755787 ], [ 683680.15544, 8227493.281730000860989 ], [ 683680.185460000066087, 8227493.281730000860989 ], [ 683680.185460000066087, 8227493.221690000966191 ], [ 683680.215480000013486, 8227493.221690000966191 ], [ 683680.215480000013486, 8227493.191670000553131 ], [ 683680.2455000000773, 8227493.191670000553131 ], [ 683680.2455000000773, 8227493.131630000658333 ], [ 683680.275520000024699, 8227493.131630000658333 ], [ 683680.275520000024699, 8227493.101610001176596 ], [ 683680.305540000088513, 8227493.101610001176596 ], [ 683680.305540000088513, 8227493.041570001281798 ], [ 683680.335560000035912, 8227493.041570001281798 ], [ 683680.335560000035912, 8227493.011550000868738 ], [ 683680.365580000099726, 8227493.011550000868738 ], [ 683680.365580000099726, 8227492.95151000097394 ], [ 683680.395600000047125, 8227492.95151000097394 ], [ 683680.395600000047125, 8227492.92149000056088 ], [ 683680.425620000110939, 8227492.92149000056088 ], [ 683680.425620000110939, 8227492.861450000666082 ], [ 683680.455640000058338, 8227492.861450000666082 ], [ 683680.455640000058338, 8227492.831430001184344 ], [ 683680.48566, 8227492.831430001184344 ], [ 683680.48566, 8227492.771390001289546 ], [ 683680.515680000069551, 8227492.771390001289546 ], [ 683680.515680000069551, 8227492.741370000876486 ], [ 683680.54570000001695, 8227492.741370000876486 ], [ 683680.54570000001695, 8227492.681330000981688 ], [ 683680.575720000080764, 8227492.681330000981688 ], [ 683680.575720000080764, 8227492.621290001086891 ], [ 683680.605740000028163, 8227492.621290001086891 ], [ 683680.605740000028163, 8227492.591270000673831 ], [ 683680.635760000091977, 8227492.591270000673831 ], [ 683680.635760000091977, 8227492.531230000779033 ], [ 683680.665780000039376, 8227492.531230000779033 ], [ 683680.665780000039376, 8227492.501210001297295 ], [ 683680.695800000103191, 8227492.501210001297295 ], [ 683680.695800000103191, 8227492.441170001402497 ], [ 683680.725820000050589, 8227492.441170001402497 ], [ 683680.725820000050589, 8227492.411150000989437 ], [ 683680.755840000114404, 8227492.411150000989437 ], [ 683680.755840000114404, 8227492.351110001094639 ], [ 683680.785860000061803, 8227492.351110001094639 ], [ 683680.785860000061803, 8227492.321090000681579 ], [ 683680.81588, 8227492.321090000681579 ], [ 683680.81588, 8227492.261050000786781 ], [ 683680.845900000073016, 8227492.261050000786781 ], [ 683680.845900000073016, 8227492.231030001305044 ], [ 683680.875920000020415, 8227492.231030001305044 ], [ 683680.875920000020415, 8227492.170990001410246 ], [ 683680.905940000084229, 8227492.170990001410246 ], [ 683680.905940000084229, 8227492.110950000584126 ], [ 683680.935960000031628, 8227492.110950000584126 ], [ 683680.935960000031628, 8227492.080930001102388 ], [ 683680.965980000095442, 8227492.080930001102388 ], [ 683680.965980000095442, 8227492.02089000120759 ], [ 683680.996000000042841, 8227492.02089000120759 ], [ 683680.996000000042841, 8227491.99087000079453 ], [ 683681.026020000106655, 8227491.99087000079453 ], [ 683681.026020000106655, 8227491.930830000899732 ], [ 683681.056040000054054, 8227491.930830000899732 ], [ 683681.056040000054054, 8227491.900810001417994 ], [ 683681.08606, 8227491.900810001417994 ], [ 683681.08606, 8227491.840770000591874 ], [ 683681.116080000065267, 8227491.840770000591874 ], [ 683681.116080000065267, 8227491.810750001110137 ], [ 683681.146100000012666, 8227491.810750001110137 ], [ 683681.146100000012666, 8227491.750710001215339 ], [ 683681.17612000007648, 8227491.750710001215339 ], [ 683681.17612000007648, 8227491.720690000802279 ], [ 683681.206140000023879, 8227491.720690000802279 ], [ 683681.206140000023879, 8227491.660650000907481 ], [ 683681.236160000087693, 8227491.660650000907481 ], [ 683681.236160000087693, 8227491.600610001012683 ], [ 683681.266180000035092, 8227491.600610001012683 ], [ 683681.266180000035092, 8227491.570590000599623 ], [ 683681.296200000098906, 8227491.570590000599623 ], [ 683681.296200000098906, 8227491.510550000704825 ], [ 683681.326220000046305, 8227491.510550000704825 ], [ 683681.326220000046305, 8227491.480530001223087 ], [ 683681.35624000011012, 8227491.480530001223087 ], [ 683681.35624000011012, 8227491.42049000132829 ], [ 683681.386260000057518, 8227491.42049000132829 ], [ 683681.386260000057518, 8227491.390470000915229 ], [ 683681.41628, 8227491.390470000915229 ], [ 683681.41628, 8227491.330430001020432 ], [ 683681.446300000068732, 8227491.330430001020432 ], [ 683681.446300000068732, 8227491.300410000607371 ], [ 683681.476320000016131, 8227491.300410000607371 ], [ 683681.476320000016131, 8227491.240370000712574 ], [ 683681.506340000079945, 8227491.240370000712574 ], [ 683681.506340000079945, 8227491.210350001230836 ], [ 683681.536360000027344, 8227491.210350001230836 ], [ 683681.536360000027344, 8227491.150310001336038 ], [ 683681.566380000091158, 8227491.150310001336038 ], [ 683681.566380000091158, 8227491.09027000144124 ], [ 683681.596400000038557, 8227491.09027000144124 ], [ 683681.596400000038557, 8227491.06025000102818 ], [ 683681.626420000102371, 8227491.06025000102818 ], [ 683681.626420000102371, 8227491.000210001133382 ], [ 683681.65644000004977, 8227491.000210001133382 ], [ 683681.65644000004977, 8227490.970190000720322 ], [ 683681.686460000113584, 8227490.970190000720322 ], [ 683681.686460000113584, 8227490.910150000825524 ], [ 683681.716480000060983, 8227490.910150000825524 ], [ 683681.716480000060983, 8227490.880130001343787 ], [ 683681.7465, 8227490.880130001343787 ], [ 683681.7465, 8227490.820090001448989 ], [ 683681.776520000072196, 8227490.820090001448989 ], [ 683681.776520000072196, 8227490.790070001035929 ], [ 683681.806540000019595, 8227490.790070001035929 ], [ 683681.806540000019595, 8227490.730030001141131 ], [ 683681.836560000083409, 8227490.730030001141131 ], [ 683681.836560000083409, 8227490.700010000728071 ], [ 683681.866580000030808, 8227490.700010000728071 ], [ 683681.866580000030808, 8227490.639970000833273 ], [ 683681.896600000094622, 8227490.639970000833273 ], [ 683681.896600000094622, 8227490.579930000938475 ], [ 683681.926620000042021, 8227490.579930000938475 ], [ 683681.926620000042021, 8227490.549910001456738 ], [ 683681.956640000105835, 8227490.549910001456738 ], [ 683681.956640000105835, 8227490.489870000630617 ], [ 683681.986660000053234, 8227490.489870000630617 ], [ 683681.986660000053234, 8227490.45985000114888 ], [ 683682.01668, 8227490.45985000114888 ], [ 683682.01668, 8227490.399810001254082 ], [ 683682.046700000064448, 8227490.399810001254082 ], [ 683682.046700000064448, 8227490.369790000841022 ], [ 683682.076720000011846, 8227490.369790000841022 ], [ 683682.076720000011846, 8227490.309750000946224 ], [ 683682.106740000075661, 8227490.309750000946224 ], [ 683682.106740000075661, 8227490.279730001464486 ], [ 683682.13676000002306, 8227490.279730001464486 ], [ 683682.13676000002306, 8227490.219690000638366 ], [ 683682.166780000086874, 8227490.219690000638366 ], [ 683682.166780000086874, 8227490.189670001156628 ], [ 683682.196800000034273, 8227490.189670001156628 ], [ 683682.196800000034273, 8227490.12963000126183 ], [ 683682.226820000098087, 8227490.12963000126183 ], [ 683682.226820000098087, 8227490.069590001367033 ], [ 683682.256840000045486, 8227490.069590001367033 ], [ 683682.256840000045486, 8227490.039570000953972 ], [ 683682.2868600001093, 8227490.039570000953972 ], [ 683682.2868600001093, 8227489.979530001059175 ], [ 683682.316880000056699, 8227489.979530001059175 ], [ 683682.316880000056699, 8227489.949510000646114 ], [ 683682.3469, 8227489.949510000646114 ], [ 683682.3469, 8227489.889470000751317 ], [ 683682.376920000067912, 8227489.889470000751317 ], [ 683682.376920000067912, 8227489.859450001269579 ], [ 683682.406940000015311, 8227489.859450001269579 ], [ 683682.406940000015311, 8227489.799410001374781 ], [ 683682.436960000079125, 8227489.799410001374781 ], [ 683682.436960000079125, 8227489.769390000961721 ], [ 683682.466980000026524, 8227489.769390000961721 ], [ 683682.466980000026524, 8227489.709350001066923 ], [ 683682.497000000090338, 8227489.709350001066923 ], [ 683682.497000000090338, 8227489.679330000653863 ], [ 683682.527020000037737, 8227489.679330000653863 ], [ 683682.527020000037737, 8227489.619290000759065 ], [ 683682.557040000101551, 8227489.619290000759065 ], [ 683682.557040000101551, 8227489.559250000864267 ], [ 683682.58706000004895, 8227489.559250000864267 ], [ 683682.58706000004895, 8227489.52923000138253 ], [ 683682.617080000112765, 8227489.52923000138253 ], [ 683682.617080000112765, 8227489.469190000556409 ], [ 683682.647100000060163, 8227489.469190000556409 ], [ 683682.647100000060163, 8227489.439170001074672 ], [ 683682.67712, 8227489.439170001074672 ], [ 683682.67712, 8227489.379130001179874 ], [ 683682.707140000071377, 8227489.379130001179874 ], [ 683682.707140000071377, 8227489.349110000766814 ], [ 683682.737160000018775, 8227489.349110000766814 ], [ 683682.737160000018775, 8227489.289070000872016 ], [ 683682.76718000008259, 8227489.289070000872016 ], [ 683682.76718000008259, 8227489.259050001390278 ], [ 683682.797200000029989, 8227489.259050001390278 ], [ 683682.797200000029989, 8227489.199010000564158 ], [ 683682.827220000093803, 8227489.199010000564158 ], [ 683682.827220000093803, 8227489.16899000108242 ], [ 683682.857240000041202, 8227489.16899000108242 ], [ 683682.857240000041202, 8227489.108950001187623 ], [ 683682.887260000105016, 8227489.108950001187623 ], [ 683682.887260000105016, 8227489.048910001292825 ], [ 683682.917280000052415, 8227489.048910001292825 ], [ 683682.917280000052415, 8227489.018890000879765 ], [ 683682.9473, 8227489.018890000879765 ], [ 683682.9473, 8227488.958850000984967 ], [ 683682.977320000063628, 8227488.958850000984967 ], [ 683682.977320000063628, 8227488.928830000571907 ], [ 683683.007340000011027, 8227488.928830000571907 ], [ 683683.007340000011027, 8227488.868790000677109 ], [ 683683.037360000074841, 8227488.868790000677109 ], [ 683683.037360000074841, 8227488.838770001195371 ], [ 683683.06738000002224, 8227488.838770001195371 ], [ 683683.06738000002224, 8227488.778730001300573 ], [ 683683.097400000086054, 8227488.778730001300573 ], [ 683683.097400000086054, 8227488.748710000887513 ], [ 683683.127420000033453, 8227488.748710000887513 ], [ 683683.127420000033453, 8227488.688670000992715 ], [ 683683.157440000097267, 8227488.688670000992715 ], [ 683683.157440000097267, 8227488.658650000579655 ], [ 683683.187460000044666, 8227488.658650000579655 ], [ 683683.187460000044666, 8227488.598610000684857 ], [ 683683.21748000010848, 8227488.598610000684857 ], [ 683683.21748000010848, 8227488.53857000079006 ], [ 683683.247500000055879, 8227488.53857000079006 ], [ 683683.247500000055879, 8227488.508550001308322 ], [ 683683.27752, 8227488.508550001308322 ], [ 683683.27752, 8227488.448510001413524 ], [ 683683.307540000067092, 8227488.448510001413524 ], [ 683683.307540000067092, 8227488.418490001000464 ], [ 683683.337560000014491, 8227488.418490001000464 ], [ 683683.337560000014491, 8227488.358450001105666 ], [ 683683.367580000078306, 8227488.358450001105666 ], [ 683683.367580000078306, 8227488.328430000692606 ], [ 683683.397600000025705, 8227488.328430000692606 ], [ 683683.397600000025705, 8227488.268390000797808 ], [ 683683.427620000089519, 8227488.268390000797808 ], [ 683683.427620000089519, 8227488.238370001316071 ], [ 683683.457640000036918, 8227488.238370001316071 ], [ 683683.457640000036918, 8227488.178330001421273 ], [ 683683.487660000100732, 8227488.178330001421273 ], [ 683683.487660000100732, 8227488.148310001008213 ], [ 683683.517680000048131, 8227488.148310001008213 ], [ 683683.517680000048131, 8227488.088270001113415 ], [ 683683.547700000111945, 8227488.088270001113415 ], [ 683683.547700000111945, 8227488.028230001218617 ], [ 683683.577720000059344, 8227488.028230001218617 ], [ 683683.577720000059344, 8227487.998210000805557 ], [ 683683.60774, 8227487.998210000805557 ], [ 683683.60774, 8227487.938170000910759 ], [ 683683.637760000070557, 8227487.938170000910759 ], [ 683683.637760000070557, 8227487.908150001429021 ], [ 683683.667780000017956, 8227487.908150001429021 ], [ 683683.667780000017956, 8227487.848110000602901 ], [ 683683.69780000008177, 8227487.848110000602901 ], [ 683683.69780000008177, 8227487.818090001121163 ], [ 683683.727820000029169, 8227487.818090001121163 ], [ 683683.727820000029169, 8227487.758050001226366 ], [ 683683.757840000092983, 8227487.758050001226366 ], [ 683683.757840000092983, 8227487.728030000813305 ], [ 683683.787860000040382, 8227487.728030000813305 ], [ 683683.787860000040382, 8227487.667990000918508 ], [ 683683.817880000104196, 8227487.667990000918508 ], [ 683683.817880000104196, 8227487.63797000143677 ], [ 683683.847900000051595, 8227487.63797000143677 ], [ 683683.847900000051595, 8227487.57793000061065 ], [ 683683.877920000115409, 8227487.57793000061065 ], [ 683683.877920000115409, 8227487.517890000715852 ], [ 683683.907940000062808, 8227487.517890000715852 ], [ 683683.907940000062808, 8227487.487870001234114 ], [ 683683.937960000010207, 8227487.487870001234114 ], [ 683683.937960000010207, 8227487.427830001339316 ], [ 683683.967980000074022, 8227487.427830001339316 ], [ 683683.967980000074022, 8227487.397810000926256 ], [ 683683.99800000002142, 8227487.397810000926256 ], [ 683683.99800000002142, 8227487.337770001031458 ], [ 683684.028020000085235, 8227487.337770001031458 ], [ 683684.028020000085235, 8227487.307750000618398 ], [ 683684.058040000032634, 8227487.307750000618398 ], [ 683684.058040000032634, 8227487.2477100007236 ], [ 683684.088060000096448, 8227487.2477100007236 ], [ 683684.088060000096448, 8227487.217690001241863 ], [ 683684.118080000043847, 8227487.217690001241863 ], [ 683684.118080000043847, 8227487.157650001347065 ], [ 683684.148100000107661, 8227487.157650001347065 ], [ 683684.148100000107661, 8227487.127630000934005 ], [ 683684.17812000005506, 8227487.127630000934005 ], [ 683684.17812000005506, 8227487.067590001039207 ], [ 683684.20814, 8227487.067590001039207 ], [ 683684.20814, 8227487.007550001144409 ], [ 683684.238160000066273, 8227487.007550001144409 ], [ 683684.238160000066273, 8227486.977530000731349 ], [ 683684.268180000013672, 8227486.977530000731349 ], [ 683684.268180000013672, 8227486.917490000836551 ], [ 683684.298200000077486, 8227486.917490000836551 ], [ 683684.298200000077486, 8227486.887470001354814 ], [ 683684.328220000024885, 8227486.887470001354814 ], [ 683684.328220000024885, 8227486.827430001460016 ], [ 683684.358240000088699, 8227486.827430001460016 ], [ 683684.358240000088699, 8227486.797410001046956 ], [ 683684.388260000036098, 8227486.797410001046956 ], [ 683684.388260000036098, 8227486.737370001152158 ], [ 683684.418280000099912, 8227486.737370001152158 ], [ 683684.418280000099912, 8227486.707350000739098 ], [ 683684.448300000047311, 8227486.707350000739098 ], [ 683684.448300000047311, 8227486.6473100008443 ], [ 683684.478320000111125, 8227486.6473100008443 ], [ 683684.478320000111125, 8227486.617290001362562 ], [ 683684.508340000058524, 8227486.617290001362562 ], [ 683684.508340000058524, 8227486.557250001467764 ], [ 683684.53836, 8227486.557250001467764 ], [ 683684.53836, 8227486.497210000641644 ], [ 683684.568380000069737, 8227486.497210000641644 ], [ 683684.568380000069737, 8227486.467190001159906 ], [ 683684.598400000017136, 8227486.467190001159906 ], [ 683684.598400000017136, 8227486.407150001265109 ], [ 683684.628420000080951, 8227486.407150001265109 ], [ 683684.628420000080951, 8227486.377130000852048 ], [ 683684.658440000028349, 8227486.377130000852048 ], [ 683684.658440000028349, 8227486.317090000957251 ], [ 683684.688460000092164, 8227486.317090000957251 ], [ 683684.688460000092164, 8227486.287070001475513 ], [ 683684.718480000039563, 8227486.287070001475513 ], [ 683684.718480000039563, 8227486.227030000649393 ], [ 683684.748500000103377, 8227486.227030000649393 ], [ 683684.748500000103377, 8227486.197010001167655 ], [ 683684.778520000050776, 8227486.197010001167655 ], [ 683684.778520000050776, 8227486.136970001272857 ], [ 683684.80854000011459, 8227486.136970001272857 ], [ 683684.80854000011459, 8227486.106950000859797 ], [ 683684.838560000061989, 8227486.106950000859797 ], [ 683684.838560000061989, 8227486.046910000964999 ], [ 683684.86858, 8227486.046910000964999 ], [ 683684.86858, 8227485.986870001070201 ], [ 683684.898600000073202, 8227485.986870001070201 ], [ 683684.898600000073202, 8227485.956850000657141 ], [ 683684.928620000020601, 8227485.956850000657141 ], [ 683684.928620000020601, 8227485.896810000762343 ], [ 683684.958640000084415, 8227485.896810000762343 ], [ 683684.958640000084415, 8227485.866790001280606 ], [ 683684.988660000031814, 8227485.866790001280606 ], [ 683684.988660000031814, 8227485.806750001385808 ], [ 683685.018680000095628, 8227485.806750001385808 ], [ 683685.018680000095628, 8227485.776730000972748 ], [ 683685.048700000043027, 8227485.776730000972748 ], [ 683685.048700000043027, 8227485.71669000107795 ], [ 683685.078720000106841, 8227485.71669000107795 ], [ 683685.078720000106841, 8227485.68667000066489 ], [ 683685.10874000005424, 8227485.68667000066489 ], [ 683685.10874000005424, 8227485.626630000770092 ], [ 683685.13876, 8227485.626630000770092 ], [ 683685.13876, 8227485.596610001288354 ], [ 683685.168780000065453, 8227485.596610001288354 ], [ 683685.168780000065453, 8227485.536570001393557 ], [ 683685.198800000012852, 8227485.536570001393557 ], [ 683685.198800000012852, 8227485.476530000567436 ], [ 683685.228820000076666, 8227485.476530000567436 ], [ 683685.228820000076666, 8227485.446510001085699 ], [ 683685.258840000024065, 8227485.446510001085699 ], [ 683685.258840000024065, 8227485.386470001190901 ], [ 683685.28886000008788, 8227485.386470001190901 ], [ 683685.28886000008788, 8227485.356450000777841 ], [ 683685.318880000035278, 8227485.356450000777841 ], [ 683685.318880000035278, 8227485.296410000883043 ], [ 683685.348900000099093, 8227485.296410000883043 ], [ 683685.348900000099093, 8227485.266390001401305 ], [ 683685.378920000046492, 8227485.266390001401305 ], [ 683685.378920000046492, 8227485.206350000575185 ], [ 683685.408940000110306, 8227485.206350000575185 ], [ 683685.408940000110306, 8227485.176330001093447 ], [ 683685.438960000057705, 8227485.176330001093447 ], [ 683685.438960000057705, 8227485.116290001198649 ], [ 683685.46898, 8227485.116290001198649 ], [ 683685.46898, 8227485.086270000785589 ], [ 683685.499000000068918, 8227485.086270000785589 ], [ 683685.499000000068918, 8227485.026230000890791 ], [ 683685.529020000016317, 8227485.026230000890791 ], [ 683685.529020000016317, 8227484.966190000995994 ], [ 683685.559040000080131, 8227484.966190000995994 ], [ 683685.559040000080131, 8227484.936170000582933 ], [ 683685.58906000002753, 8227484.936170000582933 ], [ 683685.58906000002753, 8227484.876130000688136 ], [ 683685.619080000091344, 8227484.876130000688136 ], [ 683685.619080000091344, 8227484.846110001206398 ], [ 683685.649100000038743, 8227484.846110001206398 ], [ 683685.649100000038743, 8227484.7860700013116 ], [ 683685.679120000102557, 8227484.7860700013116 ], [ 683685.679120000102557, 8227484.75605000089854 ], [ 683685.709140000049956, 8227484.75605000089854 ], [ 683685.709140000049956, 8227484.696010001003742 ], [ 683685.73916000011377, 8227484.696010001003742 ], [ 683685.73916000011377, 8227484.665990000590682 ], [ 683685.769180000061169, 8227484.665990000590682 ], [ 683685.769180000061169, 8227484.605950000695884 ], [ 683685.7992, 8227484.605950000695884 ], [ 683685.7992, 8227484.575930001214147 ], [ 683685.829220000072382, 8227484.575930001214147 ], [ 683685.829220000072382, 8227484.515890001319349 ], [ 683685.859240000019781, 8227484.515890001319349 ], [ 683685.859240000019781, 8227484.455850001424551 ], [ 683685.889260000083596, 8227484.455850001424551 ], [ 683685.889260000083596, 8227484.425830001011491 ], [ 683685.919280000030994, 8227484.425830001011491 ], [ 683685.919280000030994, 8227484.365790001116693 ], [ 683685.949300000094809, 8227484.365790001116693 ], [ 683685.949300000094809, 8227484.335770000703633 ], [ 683685.979320000042208, 8227484.335770000703633 ], [ 683685.979320000042208, 8227484.275730000808835 ], [ 683686.009340000106022, 8227484.275730000808835 ], [ 683686.009340000106022, 8227484.245710001327097 ], [ 683686.039360000053421, 8227484.245710001327097 ], [ 683686.039360000053421, 8227484.1856700014323 ], [ 683686.06938, 8227484.1856700014323 ], [ 683686.06938, 8227484.155650001019239 ], [ 683686.099400000064634, 8227484.155650001019239 ], [ 683686.099400000064634, 8227484.095610001124442 ], [ 683686.129420000012033, 8227484.095610001124442 ], [ 683686.129420000012033, 8227484.065590000711381 ], [ 683686.159440000075847, 8227484.065590000711381 ], [ 683686.159440000075847, 8227484.005550000816584 ], [ 683686.189460000023246, 8227484.005550000816584 ], [ 683686.189460000023246, 8227483.945510000921786 ], [ 683686.21948000008706, 8227483.945510000921786 ], [ 683686.21948000008706, 8227483.915490001440048 ], [ 683686.249500000034459, 8227483.915490001440048 ], [ 683686.249500000034459, 8227483.855450000613928 ], [ 683686.279520000098273, 8227483.855450000613928 ], [ 683686.279520000098273, 8227483.82543000113219 ], [ 683686.309540000045672, 8227483.82543000113219 ], [ 683686.309540000045672, 8227483.765390001237392 ], [ 683686.339560000109486, 8227483.765390001237392 ], [ 683686.339560000109486, 8227483.735370000824332 ], [ 683686.369580000056885, 8227483.735370000824332 ], [ 683686.369580000056885, 8227483.675330000929534 ], [ 683686.3996, 8227483.675330000929534 ], [ 683686.3996, 8227483.645310001447797 ], [ 683686.429620000068098, 8227483.645310001447797 ], [ 683686.429620000068098, 8227483.585270000621676 ], [ 683686.459640000015497, 8227483.585270000621676 ], [ 683686.459640000015497, 8227483.555250001139939 ], [ 683686.489660000079311, 8227483.555250001139939 ], [ 683686.489660000079311, 8227483.495210001245141 ], [ 683686.51968000002671, 8227483.495210001245141 ], [ 683686.51968000002671, 8227483.435170001350343 ], [ 683686.549700000090525, 8227483.435170001350343 ], [ 683686.549700000090525, 8227483.405150000937283 ], [ 683686.579720000037923, 8227483.405150000937283 ], [ 683686.579720000037923, 8227483.345110001042485 ], [ 683686.609740000101738, 8227483.345110001042485 ], [ 683686.609740000101738, 8227483.315090000629425 ], [ 683686.639760000049137, 8227483.315090000629425 ], [ 683686.639760000049137, 8227483.255050000734627 ], [ 683686.669780000112951, 8227483.255050000734627 ], [ 683686.669780000112951, 8227483.22503000125289 ], [ 683686.69980000006035, 8227483.22503000125289 ], [ 683686.69980000006035, 8227483.164990001358092 ], [ 683686.72982, 8227483.164990001358092 ], [ 683686.72982, 8227483.134970000945032 ], [ 683686.759840000071563, 8227483.134970000945032 ], [ 683686.759840000071563, 8227483.074930001050234 ], [ 683686.789860000018962, 8227483.074930001050234 ], [ 683686.789860000018962, 8227483.044910000637174 ], [ 683686.819880000082776, 8227483.044910000637174 ], [ 683686.819880000082776, 8227482.984870000742376 ], [ 683686.849900000030175, 8227482.984870000742376 ], [ 683686.849900000030175, 8227482.924830000847578 ], [ 683686.879920000093989, 8227482.924830000847578 ], [ 683686.879920000093989, 8227482.89481000136584 ], [ 683686.909940000041388, 8227482.89481000136584 ], [ 683686.909940000041388, 8227482.834770001471043 ], [ 683686.939960000105202, 8227482.834770001471043 ], [ 683686.939960000105202, 8227482.804750001057982 ], [ 683686.969980000052601, 8227482.804750001057982 ], [ 683686.969980000052601, 8227482.744710001163185 ], [ 683687.0, 8227482.744710001163185 ], [ 683687.0, 8227482.714690000750124 ], [ 683687.030020000063814, 8227482.714690000750124 ], [ 683687.030020000063814, 8227482.654650000855327 ], [ 683687.060040000011213, 8227482.654650000855327 ], [ 683687.060040000011213, 8227482.624630001373589 ], [ 683687.090060000075027, 8227482.624630001373589 ], [ 683687.090060000075027, 8227482.564590001478791 ], [ 683687.120080000022426, 8227482.564590001478791 ], [ 683687.120080000022426, 8227482.534570001065731 ], [ 683687.15010000008624, 8227482.534570001065731 ], [ 683687.15010000008624, 8227482.474530001170933 ], [ 683687.180120000033639, 8227482.474530001170933 ], [ 683687.180120000033639, 8227482.414490001276135 ], [ 683687.210140000097454, 8227482.414490001276135 ], [ 683687.210140000097454, 8227482.384470000863075 ], [ 683687.240160000044852, 8227482.384470000863075 ], [ 683687.240160000044852, 8227482.324430000968277 ], [ 683687.270180000108667, 8227482.324430000968277 ], [ 683687.270180000108667, 8227482.294410000555217 ], [ 683687.300200000056066, 8227482.294410000555217 ], [ 683687.300200000056066, 8227482.234370000660419 ], [ 683687.33022, 8227482.234370000660419 ], [ 683687.33022, 8227482.204350001178682 ], [ 683687.360240000067279, 8227482.204350001178682 ], [ 683687.360240000067279, 8227482.144310001283884 ], [ 683687.390260000014678, 8227482.144310001283884 ], [ 683687.390260000014678, 8227482.114290000870824 ], [ 683687.420280000078492, 8227482.114290000870824 ], [ 683687.420280000078492, 8227482.054250000976026 ], [ 683687.450300000025891, 8227482.054250000976026 ], [ 683687.450300000025891, 8227482.024230000562966 ], [ 683687.480320000089705, 8227482.024230000562966 ], [ 683687.480320000089705, 8227481.964190000668168 ], [ 683687.510340000037104, 8227481.964190000668168 ], [ 683687.510340000037104, 8227481.90415000077337 ], [ 683687.540360000100918, 8227481.90415000077337 ], [ 683687.540360000100918, 8227481.874130001291633 ], [ 683687.570380000048317, 8227481.874130001291633 ], [ 683687.570380000048317, 8227481.814090001396835 ], [ 683687.600400000112131, 8227481.814090001396835 ], [ 683687.600400000112131, 8227481.784070000983775 ], [ 683687.63042000005953, 8227481.784070000983775 ], [ 683687.63042000005953, 8227481.724030001088977 ], [ 683687.66044, 8227481.724030001088977 ], [ 683687.66044, 8227481.694010000675917 ], [ 683687.690460000070743, 8227481.694010000675917 ], [ 683687.690460000070743, 8227481.633970000781119 ], [ 683687.720480000018142, 8227481.633970000781119 ], [ 683687.720480000018142, 8227481.603950001299381 ], [ 683687.750500000081956, 8227481.603950001299381 ], [ 683687.750500000081956, 8227481.543910001404583 ], [ 683687.780520000029355, 8227481.543910001404583 ], [ 683687.780520000029355, 8227481.513890000991523 ], [ 683687.81054000009317, 8227481.513890000991523 ], [ 683687.81054000009317, 8227481.453850001096725 ], [ 683687.840560000040568, 8227481.453850001096725 ], [ 683687.840560000040568, 8227481.393810001201928 ], [ 683687.870580000104383, 8227481.393810001201928 ], [ 683687.870580000104383, 8227481.363790000788867 ], [ 683687.900600000051782, 8227481.363790000788867 ], [ 683687.900600000051782, 8227481.30375000089407 ], [ 683687.93062, 8227481.30375000089407 ], [ 683687.93062, 8227481.273730001412332 ], [ 683687.960640000062995, 8227481.273730001412332 ], [ 683687.960640000062995, 8227481.213690000586212 ], [ 683687.990660000010394, 8227481.213690000586212 ], [ 683687.990660000010394, 8227481.183670001104474 ], [ 683688.020680000074208, 8227481.183670001104474 ], [ 683688.020680000074208, 8227481.123630001209676 ], [ 683688.050700000021607, 8227481.123630001209676 ], [ 683688.050700000021607, 8227481.093610000796616 ], [ 683688.080720000085421, 8227481.093610000796616 ], [ 683688.080720000085421, 8227481.033570000901818 ], [ 683688.11074000003282, 8227481.033570000901818 ], [ 683688.11074000003282, 8227481.003550001420081 ], [ 683688.140760000096634, 8227481.003550001420081 ], [ 683688.140760000096634, 8227480.94351000059396 ], [ 683688.170780000044033, 8227480.94351000059396 ], [ 683688.170780000044033, 8227480.883470000699162 ], [ 683688.200800000107847, 8227480.883470000699162 ], [ 683688.200800000107847, 8227480.853450001217425 ], [ 683688.230820000055246, 8227480.853450001217425 ], [ 683688.230820000055246, 8227480.793410001322627 ], [ 683688.26084, 8227480.793410001322627 ], [ 683688.26084, 8227480.763390000909567 ], [ 683688.290860000066459, 8227480.763390000909567 ], [ 683688.290860000066459, 8227480.703350001014769 ], [ 683688.320880000013858, 8227480.703350001014769 ], [ 683688.320880000013858, 8227480.673330000601709 ], [ 683688.350900000077672, 8227480.673330000601709 ], [ 683688.350900000077672, 8227480.613290000706911 ], [ 683688.380920000025071, 8227480.613290000706911 ], [ 683688.380920000025071, 8227480.583270001225173 ], [ 683688.410940000088885, 8227480.583270001225173 ], [ 683688.410940000088885, 8227480.523230001330376 ], [ 683688.440960000036284, 8227480.523230001330376 ], [ 683688.440960000036284, 8227480.493210000917315 ], [ 683688.470980000100099, 8227480.493210000917315 ], [ 683688.470980000100099, 8227480.433170001022518 ], [ 683688.501000000047497, 8227480.433170001022518 ], [ 683688.501000000047497, 8227480.37313000112772 ], [ 683688.531020000111312, 8227480.37313000112772 ], [ 683688.531020000111312, 8227480.34311000071466 ], [ 683688.561040000058711, 8227480.34311000071466 ], [ 683688.561040000058711, 8227480.283070000819862 ], [ 683688.59106, 8227480.283070000819862 ], [ 683688.59106, 8227480.253050001338124 ], [ 683688.621080000069924, 8227480.253050001338124 ], [ 683688.621080000069924, 8227480.193010001443326 ], [ 683688.651100000017323, 8227480.193010001443326 ], [ 683688.651100000017323, 8227480.162990001030266 ], [ 683688.681120000081137, 8227480.162990001030266 ], [ 683688.681120000081137, 8227480.102950001135468 ], [ 683688.711140000028536, 8227480.102950001135468 ], [ 683688.711140000028536, 8227480.072930000722408 ], [ 683688.74116000009235, 8227480.072930000722408 ], [ 683688.74116000009235, 8227480.01289000082761 ], [ 683688.771180000039749, 8227480.01289000082761 ], [ 683688.771180000039749, 8227479.982870001345873 ], [ 683688.801200000103563, 8227479.982870001345873 ], [ 683688.801200000103563, 8227479.922830001451075 ], [ 683688.831220000050962, 8227479.922830001451075 ], [ 683688.831220000050962, 8227479.862790000624955 ], [ 683688.861240000114776, 8227479.862790000624955 ], [ 683688.861240000114776, 8227479.832770001143217 ], [ 683688.891260000062175, 8227479.832770001143217 ], [ 683688.891260000062175, 8227479.772730001248419 ], [ 683688.92128, 8227479.772730001248419 ], [ 683688.92128, 8227479.742710000835359 ], [ 683688.951300000073388, 8227479.742710000835359 ], [ 683688.951300000073388, 8227479.682670000940561 ], [ 683688.981320000020787, 8227479.682670000940561 ], [ 683688.981320000020787, 8227479.652650001458824 ], [ 683689.011340000084601, 8227479.652650001458824 ], [ 683689.011340000084601, 8227479.592610000632703 ], [ 683689.041360000032, 8227479.592610000632703 ], [ 683689.041360000032, 8227479.562590001150966 ], [ 683689.071380000095814, 8227479.562590001150966 ], [ 683689.071380000095814, 8227479.502550001256168 ], [ 683689.101400000043213, 8227479.502550001256168 ], [ 683689.101400000043213, 8227479.472530000843108 ], [ 683689.131420000107028, 8227479.472530000843108 ], [ 683689.131420000107028, 8227479.41249000094831 ], [ 683689.161440000054426, 8227479.41249000094831 ], [ 683689.161440000054426, 8227479.352450001053512 ], [ 683689.19146, 8227479.352450001053512 ], [ 683689.19146, 8227479.322430000640452 ], [ 683689.22148000006564, 8227479.322430000640452 ], [ 683689.22148000006564, 8227479.262390000745654 ], [ 683689.251500000013039, 8227479.262390000745654 ], [ 683689.251500000013039, 8227479.232370001263916 ], [ 683689.281520000076853, 8227479.232370001263916 ], [ 683689.281520000076853, 8227479.172330001369119 ], [ 683689.311540000024252, 8227479.172330001369119 ], [ 683689.311540000024252, 8227479.142310000956059 ], [ 683689.341560000088066, 8227479.142310000956059 ], [ 683689.341560000088066, 8227479.082270001061261 ], [ 683689.371580000035465, 8227479.082270001061261 ], [ 683689.371580000035465, 8227479.052250000648201 ], [ 683689.401600000099279, 8227479.052250000648201 ], [ 683689.401600000099279, 8227478.992210000753403 ], [ 683689.431620000046678, 8227478.992210000753403 ], [ 683689.431620000046678, 8227478.962190001271665 ], [ 683689.461640000110492, 8227478.962190001271665 ], [ 683689.461640000110492, 8227478.902150001376867 ], [ 683689.491660000057891, 8227478.902150001376867 ], [ 683689.491660000057891, 8227478.842110000550747 ], [ 683689.52168, 8227478.842110000550747 ], [ 683689.52168, 8227478.812090001069009 ], [ 683689.551700000069104, 8227478.812090001069009 ], [ 683689.551700000069104, 8227478.752050001174212 ], [ 683689.581720000016503, 8227478.752050001174212 ], [ 683689.581720000016503, 8227478.722030000761151 ], [ 683689.611740000080317, 8227478.722030000761151 ], [ 683689.611740000080317, 8227478.661990000866354 ], [ 683689.641760000027716, 8227478.661990000866354 ], [ 683689.641760000027716, 8227478.631970001384616 ], [ 683689.67178000009153, 8227478.631970001384616 ], [ 683689.67178000009153, 8227478.571930000558496 ], [ 683689.701800000038929, 8227478.571930000558496 ], [ 683689.701800000038929, 8227478.541910001076758 ], [ 683689.731820000102744, 8227478.541910001076758 ], [ 683689.731820000102744, 8227478.48187000118196 ], [ 683689.761840000050142, 8227478.48187000118196 ], [ 683689.761840000050142, 8227478.4518500007689 ], [ 683689.791860000113957, 8227478.4518500007689 ], [ 683689.791860000113957, 8227478.391810000874102 ], [ 683689.821880000061356, 8227478.391810000874102 ], [ 683689.821880000061356, 8227478.331770000979304 ], [ 683689.8519, 8227478.331770000979304 ], [ 683689.8519, 8227478.301750000566244 ], [ 683689.881920000072569, 8227478.301750000566244 ], [ 683689.881920000072569, 8227478.241710000671446 ], [ 683689.911940000019968, 8227478.241710000671446 ], [ 683689.911940000019968, 8227478.211690001189709 ], [ 683689.941960000083782, 8227478.211690001189709 ], [ 683689.941960000083782, 8227478.151650001294911 ], [ 683689.971980000031181, 8227478.151650001294911 ], [ 683689.971980000031181, 8227478.121630000881851 ], [ 683690.002000000094995, 8227478.121630000881851 ], [ 683690.002000000094995, 8227478.061590000987053 ], [ 683690.032020000042394, 8227478.061590000987053 ], [ 683690.032020000042394, 8227478.031570000573993 ], [ 683690.062040000106208, 8227478.031570000573993 ], [ 683690.062040000106208, 8227477.971530000679195 ], [ 683690.092060000053607, 8227477.971530000679195 ], [ 683690.092060000053607, 8227477.941510001197457 ], [ 683690.12208, 8227477.941510001197457 ], [ 683690.12208, 8227477.88147000130266 ], [ 683690.15210000006482, 8227477.88147000130266 ], [ 683690.15210000006482, 8227477.821430001407862 ], [ 683690.182120000012219, 8227477.821430001407862 ], [ 683690.182120000012219, 8227477.791410000994802 ], [ 683690.212140000076033, 8227477.791410000994802 ], [ 683690.212140000076033, 8227477.731370001100004 ], [ 683690.242160000023432, 8227477.731370001100004 ], [ 683690.242160000023432, 8227477.701350000686944 ], [ 683690.272180000087246, 8227477.701350000686944 ], [ 683690.272180000087246, 8227477.641310000792146 ], [ 683690.302200000034645, 8227477.641310000792146 ], [ 683690.302200000034645, 8227477.611290001310408 ], [ 683690.332220000098459, 8227477.611290001310408 ], [ 683690.332220000098459, 8227477.55125000141561 ], [ 683690.362240000045858, 8227477.55125000141561 ], [ 683690.362240000045858, 8227477.52123000100255 ], [ 683690.392260000109673, 8227477.52123000100255 ], [ 683690.392260000109673, 8227477.461190001107752 ], [ 683690.422280000057071, 8227477.461190001107752 ], [ 683690.422280000057071, 8227477.431170000694692 ], [ 683690.4523, 8227477.431170000694692 ], [ 683690.4523, 8227477.371130000799894 ], [ 683690.482320000068285, 8227477.371130000799894 ], [ 683690.482320000068285, 8227477.311090000905097 ], [ 683690.512340000015683, 8227477.311090000905097 ], [ 683690.512340000015683, 8227477.281070001423359 ], [ 683690.542360000079498, 8227477.281070001423359 ], [ 683690.542360000079498, 8227477.221030000597239 ], [ 683690.572380000026897, 8227477.221030000597239 ], [ 683690.572380000026897, 8227477.191010001115501 ], [ 683690.602400000090711, 8227477.191010001115501 ], [ 683690.602400000090711, 8227477.130970001220703 ], [ 683690.63242000003811, 8227477.130970001220703 ], [ 683690.63242000003811, 8227477.100950000807643 ], [ 683690.662440000101924, 8227477.100950000807643 ], [ 683690.662440000101924, 8227477.040910000912845 ], [ 683690.692460000049323, 8227477.040910000912845 ], [ 683690.692460000049323, 8227477.010890001431108 ], [ 683690.722480000113137, 8227477.010890001431108 ], [ 683690.722480000113137, 8227476.950850000604987 ], [ 683690.752500000060536, 8227476.950850000604987 ], [ 683690.752500000060536, 8227476.92083000112325 ], [ 683690.78252, 8227476.92083000112325 ], [ 683690.78252, 8227476.860790001228452 ], [ 683690.812540000071749, 8227476.860790001228452 ], [ 683690.812540000071749, 8227476.800750001333654 ], [ 683690.842560000019148, 8227476.800750001333654 ], [ 683690.842560000019148, 8227476.770730000920594 ], [ 683690.872580000082962, 8227476.770730000920594 ], [ 683690.872580000082962, 8227476.710690001025796 ], [ 683690.902600000030361, 8227476.710690001025796 ], [ 683690.902600000030361, 8227476.680670000612736 ], [ 683690.932620000094175, 8227476.680670000612736 ], [ 683690.932620000094175, 8227476.620630000717938 ], [ 683690.962640000041574, 8227476.620630000717938 ], [ 683690.962640000041574, 8227476.5906100012362 ], [ 683690.992660000105388, 8227476.5906100012362 ], [ 683690.992660000105388, 8227476.530570001341403 ], [ 683691.022680000052787, 8227476.530570001341403 ], [ 683691.022680000052787, 8227476.500550000928342 ], [ 683691.0527, 8227476.500550000928342 ], [ 683691.0527, 8227476.440510001033545 ], [ 683691.082720000064, 8227476.440510001033545 ], [ 683691.082720000064, 8227476.410490000620484 ], [ 683691.112740000011399, 8227476.410490000620484 ], [ 683691.112740000011399, 8227476.350450000725687 ], [ 683691.142760000075214, 8227476.350450000725687 ], [ 683691.142760000075214, 8227476.290410000830889 ], [ 683691.172780000022613, 8227476.290410000830889 ], [ 683691.172780000022613, 8227476.260390001349151 ], [ 683691.202800000086427, 8227476.260390001349151 ], [ 683691.202800000086427, 8227476.200350001454353 ], [ 683691.232820000033826, 8227476.200350001454353 ], [ 683691.232820000033826, 8227476.170330001041293 ], [ 683691.26284000009764, 8227476.170330001041293 ], [ 683691.26284000009764, 8227476.110290001146495 ], [ 683691.292860000045039, 8227476.110290001146495 ], [ 683691.292860000045039, 8227476.080270000733435 ], [ 683691.322880000108853, 8227476.080270000733435 ], [ 683691.322880000108853, 8227476.020230000838637 ], [ 683691.352900000056252, 8227476.020230000838637 ], [ 683691.352900000056252, 8227475.9902100013569 ], [ 683691.38292, 8227475.9902100013569 ], [ 683691.38292, 8227475.930170001462102 ], [ 683691.412940000067465, 8227475.930170001462102 ], [ 683691.412940000067465, 8227475.900150001049042 ], [ 683691.442960000014864, 8227475.900150001049042 ], [ 683691.442960000014864, 8227475.840110001154244 ], [ 683691.472980000078678, 8227475.840110001154244 ], [ 683691.472980000078678, 8227475.780070001259446 ], [ 683691.503000000026077, 8227475.780070001259446 ], [ 683691.503000000026077, 8227475.750050000846386 ], [ 683691.533020000089891, 8227475.750050000846386 ], [ 683691.533020000089891, 8227475.690010000951588 ], [ 683691.56304000003729, 8227475.690010000951588 ], [ 683691.56304000003729, 8227475.659990001469851 ], [ 683691.593060000101104, 8227475.659990001469851 ], [ 683691.593060000101104, 8227475.59995000064373 ], [ 683691.623080000048503, 8227475.59995000064373 ], [ 683691.623080000048503, 8227475.569930001161993 ], [ 683691.653100000112318, 8227475.569930001161993 ], [ 683691.653100000112318, 8227475.509890001267195 ], [ 683691.683120000059716, 8227475.509890001267195 ], [ 683691.683120000059716, 8227475.479870000854135 ], [ 683691.71314, 8227475.479870000854135 ], [ 683691.71314, 8227475.419830000959337 ], [ 683691.74316000007093, 8227475.419830000959337 ], [ 683691.74316000007093, 8227475.389810001477599 ], [ 683691.773180000018328, 8227475.389810001477599 ], [ 683691.773180000018328, 8227475.329770000651479 ], [ 683691.803200000082143, 8227475.329770000651479 ], [ 683691.803200000082143, 8227475.269730000756681 ], [ 683691.833220000029542, 8227475.269730000756681 ], [ 683691.833220000029542, 8227475.239710001274943 ], [ 683691.863240000093356, 8227475.239710001274943 ], [ 683691.863240000093356, 8227475.179670001380146 ], [ 683691.893260000040755, 8227475.179670001380146 ], [ 683691.893260000040755, 8227475.149650000967085 ], [ 683691.923280000104569, 8227475.149650000967085 ], [ 683691.923280000104569, 8227475.089610001072288 ], [ 683691.953300000051968, 8227475.089610001072288 ], [ 683691.953300000051968, 8227475.059590000659227 ], [ 683691.98332, 8227475.059590000659227 ], [ 683691.98332, 8227474.99955000076443 ], [ 683692.013340000063181, 8227474.99955000076443 ], [ 683692.013340000063181, 8227474.969530001282692 ], [ 683692.04336000001058, 8227474.969530001282692 ], [ 683692.04336000001058, 8227474.909490001387894 ], [ 683692.073380000074394, 8227474.909490001387894 ], [ 683692.073380000074394, 8227474.879470000974834 ], [ 683692.103400000021793, 8227474.879470000974834 ], [ 683692.103400000021793, 8227474.819430001080036 ], [ 683692.133420000085607, 8227474.819430001080036 ], [ 683692.133420000085607, 8227474.759390001185238 ], [ 683692.163440000033006, 8227474.759390001185238 ], [ 683692.163440000033006, 8227474.729370000772178 ], [ 683692.19346000009682, 8227474.729370000772178 ], [ 683692.19346000009682, 8227474.66933000087738 ], [ 683692.223480000044219, 8227474.66933000087738 ], [ 683692.223480000044219, 8227474.639310001395643 ], [ 683692.253500000108033, 8227474.639310001395643 ], [ 683692.253500000108033, 8227474.579270000569522 ], [ 683692.283520000055432, 8227474.579270000569522 ], [ 683692.283520000055432, 8227474.549250001087785 ], [ 683692.31354, 8227474.549250001087785 ], [ 683692.31354, 8227474.489210001192987 ], [ 683692.343560000066645, 8227474.489210001192987 ], [ 683692.343560000066645, 8227474.459190000779927 ], [ 683692.373580000014044, 8227474.459190000779927 ], [ 683692.373580000014044, 8227474.399150000885129 ], [ 683692.403600000077859, 8227474.399150000885129 ], [ 683692.403600000077859, 8227474.369130001403391 ], [ 683692.433620000025257, 8227474.369130001403391 ], [ 683692.433620000025257, 8227474.309090000577271 ], [ 683692.463640000089072, 8227474.309090000577271 ], [ 683692.463640000089072, 8227474.249050000682473 ], [ 683692.493660000036471, 8227474.249050000682473 ], [ 683692.493660000036471, 8227474.219030001200736 ], [ 683692.523680000100285, 8227474.219030001200736 ], [ 683692.523680000100285, 8227474.158990001305938 ], [ 683692.553700000047684, 8227474.158990001305938 ], [ 683692.553700000047684, 8227474.128970000892878 ], [ 683692.583720000111498, 8227474.128970000892878 ], [ 683692.583720000111498, 8227474.06893000099808 ], [ 683692.613740000058897, 8227474.06893000099808 ], [ 683692.613740000058897, 8227474.03891000058502 ], [ 683692.64376, 8227474.03891000058502 ], [ 683692.64376, 8227473.978870000690222 ], [ 683692.67378000007011, 8227473.978870000690222 ], [ 683692.67378000007011, 8227473.948850001208484 ], [ 683692.703800000017509, 8227473.948850001208484 ], [ 683692.703800000017509, 8227473.888810001313686 ], [ 683692.733820000081323, 8227473.888810001313686 ], [ 683692.733820000081323, 8227473.858790000900626 ], [ 683692.763840000028722, 8227473.858790000900626 ], [ 683692.763840000028722, 8227473.798750001005828 ], [ 683692.793860000092536, 8227473.798750001005828 ], [ 683692.793860000092536, 8227473.738710001111031 ], [ 683692.823880000039935, 8227473.738710001111031 ], [ 683692.823880000039935, 8227473.70869000069797 ], [ 683692.853900000103749, 8227473.70869000069797 ], [ 683692.853900000103749, 8227473.648650000803173 ], [ 683692.883920000051148, 8227473.648650000803173 ], [ 683692.883920000051148, 8227473.618630001321435 ], [ 683692.913940000114962, 8227473.618630001321435 ], [ 683692.913940000114962, 8227473.558590001426637 ], [ 683692.943960000062361, 8227473.558590001426637 ], [ 683692.943960000062361, 8227473.528570001013577 ], [ 683692.97398, 8227473.528570001013577 ], [ 683692.97398, 8227473.468530001118779 ], [ 683693.004000000073574, 8227473.468530001118779 ], [ 683693.004000000073574, 8227473.438510000705719 ], [ 683693.034020000020973, 8227473.438510000705719 ], [ 683693.034020000020973, 8227473.378470000810921 ], [ 683693.064040000084788, 8227473.378470000810921 ], [ 683693.064040000084788, 8227473.348450001329184 ], [ 683693.094060000032187, 8227473.348450001329184 ], [ 683693.094060000032187, 8227473.288410001434386 ], [ 683693.124080000096001, 8227473.288410001434386 ], [ 683693.124080000096001, 8227473.228370000608265 ], [ 683693.1541000000434, 8227473.228370000608265 ], [ 683693.1541000000434, 8227473.198350001126528 ], [ 683693.184120000107214, 8227473.198350001126528 ], [ 683693.184120000107214, 8227473.13831000123173 ], [ 683693.214140000054613, 8227473.13831000123173 ], [ 683693.214140000054613, 8227473.10829000081867 ], [ 683693.24416, 8227473.10829000081867 ], [ 683693.24416, 8227473.048250000923872 ], [ 683693.274180000065826, 8227473.048250000923872 ], [ 683693.274180000065826, 8227473.018230001442134 ], [ 683693.304200000013225, 8227473.018230001442134 ], [ 683693.304200000013225, 8227472.958190000616014 ], [ 683693.334220000077039, 8227472.958190000616014 ], [ 683693.334220000077039, 8227472.928170001134276 ], [ 683693.364240000024438, 8227472.928170001134276 ], [ 683693.364240000024438, 8227472.868130001239479 ], [ 683693.394260000088252, 8227472.868130001239479 ], [ 683693.394260000088252, 8227472.838110000826418 ], [ 683693.424280000035651, 8227472.838110000826418 ], [ 683693.424280000035651, 8227472.778070000931621 ], [ 683693.454300000099465, 8227472.778070000931621 ], [ 683693.454300000099465, 8227472.718030001036823 ], [ 683693.484320000046864, 8227472.718030001036823 ], [ 683693.484320000046864, 8227472.688010000623763 ], [ 683693.514340000110678, 8227472.688010000623763 ], [ 683693.514340000110678, 8227472.627970000728965 ], [ 683693.544360000058077, 8227472.627970000728965 ], [ 683693.544360000058077, 8227472.597950001247227 ], [ 683693.57438, 8227472.597950001247227 ], [ 683693.57438, 8227472.537910001352429 ], [ 683693.60440000006929, 8227472.537910001352429 ], [ 683693.60440000006929, 8227472.507890000939369 ], [ 683693.634420000016689, 8227472.507890000939369 ], [ 683693.634420000016689, 8227472.447850001044571 ], [ 683693.664440000080504, 8227472.447850001044571 ], [ 683693.664440000080504, 8227472.417830000631511 ], [ 683693.694460000027902, 8227472.417830000631511 ], [ 683693.694460000027902, 8227472.357790000736713 ], [ 683693.724480000091717, 8227472.357790000736713 ], [ 683693.724480000091717, 8227472.327770001254976 ], [ 683693.754500000039116, 8227472.327770001254976 ], [ 683693.754500000039116, 8227472.267730001360178 ], [ 683693.78452000010293, 8227472.267730001360178 ], [ 683693.78452000010293, 8227472.20769000146538 ], [ 683693.814540000050329, 8227472.20769000146538 ], [ 683693.814540000050329, 8227472.17767000105232 ], [ 683693.844560000114143, 8227472.17767000105232 ], [ 683693.844560000114143, 8227472.117630001157522 ], [ 683693.874580000061542, 8227472.117630001157522 ], [ 683693.874580000061542, 8227472.087610000744462 ], [ 683693.9046, 8227472.087610000744462 ], [ 683693.9046, 8227472.027570000849664 ], [ 683693.934620000072755, 8227472.027570000849664 ], [ 683693.934620000072755, 8227471.997550001367927 ], [ 683693.964640000020154, 8227471.997550001367927 ], [ 683693.964640000020154, 8227471.937510001473129 ], [ 683693.994660000083968, 8227471.937510001473129 ], [ 683693.994660000083968, 8227471.907490001060069 ], [ 683694.024680000031367, 8227471.907490001060069 ], [ 683694.024680000031367, 8227471.847450001165271 ], [ 683694.054700000095181, 8227471.847450001165271 ], [ 683694.054700000095181, 8227471.817430000752211 ], [ 683694.08472000004258, 8227471.817430000752211 ], [ 683694.08472000004258, 8227471.757390000857413 ], [ 683694.114740000106394, 8227471.757390000857413 ], [ 683694.114740000106394, 8227471.697350000962615 ], [ 683694.144760000053793, 8227471.697350000962615 ], [ 683694.144760000053793, 8227471.667330000549555 ], [ 683694.17478, 8227471.667330000549555 ], [ 683694.17478, 8227471.607290000654757 ], [ 683694.204800000065006, 8227471.607290000654757 ], [ 683694.204800000065006, 8227471.577270001173019 ], [ 683694.234820000012405, 8227471.577270001173019 ], [ 683694.234820000012405, 8227471.517230001278222 ], [ 683694.264840000076219, 8227471.517230001278222 ], [ 683694.264840000076219, 8227471.487210000865161 ], [ 683694.294860000023618, 8227471.487210000865161 ], [ 683694.294860000023618, 8227471.427170000970364 ], [ 683694.324880000087433, 8227471.427170000970364 ], [ 683694.324880000087433, 8227471.397150000557303 ], [ 683694.354900000034831, 8227471.397150000557303 ], [ 683694.354900000034831, 8227471.337110000662506 ], [ 683694.384920000098646, 8227471.337110000662506 ], [ 683694.384920000098646, 8227471.307090001180768 ], [ 683694.414940000046045, 8227471.307090001180768 ], [ 683694.414940000046045, 8227471.24705000128597 ], [ 683694.444960000109859, 8227471.24705000128597 ], [ 683694.444960000109859, 8227471.187010001391172 ], [ 683694.474980000057258, 8227471.187010001391172 ], [ 683694.474980000057258, 8227471.156990000978112 ], [ 683694.505, 8227471.156990000978112 ], [ 683694.505, 8227471.096950001083314 ], [ 683694.535020000068471, 8227471.096950001083314 ], [ 683694.535020000068471, 8227471.066930000670254 ], [ 683694.56504000001587, 8227471.066930000670254 ], [ 683694.56504000001587, 8227471.006890000775456 ], [ 683694.595060000079684, 8227471.006890000775456 ], [ 683694.595060000079684, 8227470.976870001293719 ], [ 683694.625080000027083, 8227470.976870001293719 ], [ 683694.625080000027083, 8227470.916830001398921 ], [ 683694.655100000090897, 8227470.916830001398921 ], [ 683694.655100000090897, 8227470.886810000985861 ], [ 683694.685120000038296, 8227470.886810000985861 ], [ 683694.685120000038296, 8227470.826770001091063 ], [ 683694.71514000010211, 8227470.826770001091063 ], [ 683694.71514000010211, 8227470.796750000678003 ], [ 683694.745160000049509, 8227470.796750000678003 ], [ 683694.745160000049509, 8227470.736710000783205 ], [ 683694.775180000113323, 8227470.736710000783205 ], [ 683694.775180000113323, 8227470.676670000888407 ], [ 683694.805200000060722, 8227470.676670000888407 ], [ 683694.805200000060722, 8227470.64665000140667 ], [ 683694.83522, 8227470.64665000140667 ], [ 683694.83522, 8227470.586610000580549 ], [ 683694.865240000071935, 8227470.586610000580549 ], [ 683694.865240000071935, 8227470.556590001098812 ], [ 683694.895260000019334, 8227470.556590001098812 ], [ 683694.895260000019334, 8227470.496550001204014 ], [ 683694.925280000083148, 8227470.496550001204014 ], [ 683694.925280000083148, 8227470.466530000790954 ], [ 683694.955300000030547, 8227470.466530000790954 ], [ 683694.955300000030547, 8227470.406490000896156 ], [ 683694.985320000094362, 8227470.406490000896156 ], [ 683694.985320000094362, 8227470.376470001414418 ], [ 683695.015340000041761, 8227470.376470001414418 ], [ 683695.015340000041761, 8227470.316430000588298 ], [ 683695.045360000105575, 8227470.316430000588298 ], [ 683695.045360000105575, 8227470.28641000110656 ], [ 683695.075380000052974, 8227470.28641000110656 ], [ 683695.075380000052974, 8227470.226370001211762 ], [ 683695.1054, 8227470.226370001211762 ], [ 683695.1054, 8227470.196350000798702 ], [ 683695.135420000064187, 8227470.196350000798702 ], [ 683695.135420000064187, 8227470.136310000903904 ], [ 683695.165440000011586, 8227470.136310000903904 ], [ 683695.165440000011586, 8227470.076270001009107 ], [ 683695.1954600000754, 8227470.076270001009107 ], [ 683695.1954600000754, 8227470.046250000596046 ], [ 683695.225480000022799, 8227470.046250000596046 ], [ 683695.225480000022799, 8227469.986210000701249 ], [ 683695.255500000086613, 8227469.986210000701249 ], [ 683695.255500000086613, 8227469.956190001219511 ], [ 683695.285520000034012, 8227469.956190001219511 ], [ 683695.285520000034012, 8227469.896150001324713 ], [ 683695.315540000097826, 8227469.896150001324713 ], [ 683695.315540000097826, 8227469.866130000911653 ], [ 683695.345560000045225, 8227469.866130000911653 ], [ 683695.345560000045225, 8227469.806090001016855 ], [ 683695.375580000109039, 8227469.806090001016855 ], [ 683695.375580000109039, 8227469.776070000603795 ], [ 683695.405600000056438, 8227469.776070000603795 ], [ 683695.405600000056438, 8227469.716030000708997 ], [ 683695.43562, 8227469.716030000708997 ], [ 683695.43562, 8227469.68601000122726 ], [ 683695.465640000067651, 8227469.68601000122726 ], [ 683695.465640000067651, 8227469.625970001332462 ], [ 683695.49566000001505, 8227469.625970001332462 ], [ 683695.49566000001505, 8227469.565930001437664 ], [ 683695.525680000078864, 8227469.565930001437664 ], [ 683695.525680000078864, 8227469.535910001024604 ], [ 683695.555700000026263, 8227469.535910001024604 ], [ 683695.555700000026263, 8227469.475870001129806 ], [ 683695.585720000090078, 8227469.475870001129806 ], [ 683695.585720000090078, 8227469.445850000716746 ], [ 683695.615740000037476, 8227469.445850000716746 ], [ 683695.615740000037476, 8227469.385810000821948 ], [ 683695.645760000101291, 8227469.385810000821948 ], [ 683695.645760000101291, 8227469.35579000134021 ], [ 683695.67578000004869, 8227469.35579000134021 ], [ 683695.67578000004869, 8227469.295750001445413 ], [ 683695.705800000112504, 8227469.295750001445413 ], [ 683695.705800000112504, 8227469.265730001032352 ], [ 683695.735820000059903, 8227469.265730001032352 ], [ 683695.735820000059903, 8227469.205690001137555 ], [ 683695.76584, 8227469.205690001137555 ], [ 683695.76584, 8227469.175670000724494 ], [ 683695.795860000071116, 8227469.175670000724494 ], [ 683695.795860000071116, 8227469.115630000829697 ], [ 683695.825880000018515, 8227469.115630000829697 ], [ 683695.825880000018515, 8227469.055590000934899 ], [ 683695.855900000082329, 8227469.055590000934899 ], [ 683695.855900000082329, 8227469.025570001453161 ], [ 683695.885920000029728, 8227469.025570001453161 ], [ 683695.885920000029728, 8227468.965530000627041 ], [ 683695.915940000093542, 8227468.965530000627041 ], [ 683695.915940000093542, 8227468.935510001145303 ], [ 683695.945960000040941, 8227468.935510001145303 ], [ 683695.945960000040941, 8227468.875470001250505 ], [ 683695.975980000104755, 8227468.875470001250505 ], [ 683695.975980000104755, 8227468.845450000837445 ], [ 683696.006000000052154, 8227468.845450000837445 ], [ 683696.006000000052154, 8227468.785410000942647 ], [ 683696.03602, 8227468.785410000942647 ], [ 683696.03602, 8227468.75539000146091 ], [ 683696.066040000063367, 8227468.75539000146091 ], [ 683696.066040000063367, 8227468.695350000634789 ], [ 683696.096060000010766, 8227468.695350000634789 ], [ 683696.096060000010766, 8227468.665330001153052 ], [ 683696.12608000007458, 8227468.665330001153052 ], [ 683696.12608000007458, 8227468.605290001258254 ], [ 683696.156100000021979, 8227468.605290001258254 ], [ 683696.156100000021979, 8227468.545250001363456 ], [ 683696.186120000085793, 8227468.545250001363456 ], [ 683696.186120000085793, 8227468.515230000950396 ], [ 683696.216140000033192, 8227468.515230000950396 ], [ 683696.216140000033192, 8227468.455190001055598 ], [ 683696.246160000097007, 8227468.455190001055598 ], [ 683696.246160000097007, 8227468.425170000642538 ], [ 683696.276180000044405, 8227468.425170000642538 ], [ 683696.276180000044405, 8227468.36513000074774 ], [ 683696.30620000010822, 8227468.36513000074774 ], [ 683696.30620000010822, 8227468.335110001266003 ], [ 683696.336220000055619, 8227468.335110001266003 ], [ 683696.336220000055619, 8227468.275070001371205 ], [ 683696.36624, 8227468.275070001371205 ], [ 683696.36624, 8227468.245050000958145 ], [ 683696.396260000066832, 8227468.245050000958145 ], [ 683696.396260000066832, 8227468.185010001063347 ], [ 683696.426280000014231, 8227468.185010001063347 ], [ 683696.426280000014231, 8227468.154990000650287 ], [ 683696.456300000078045, 8227468.154990000650287 ], [ 683696.456300000078045, 8227468.094950000755489 ], [ 683696.486320000025444, 8227468.094950000755489 ], [ 683696.486320000025444, 8227468.034910000860691 ], [ 683696.516340000089258, 8227468.034910000860691 ], [ 683696.516340000089258, 8227468.004890001378953 ], [ 683696.546360000036657, 8227468.004890001378953 ], [ 683696.546360000036657, 8227467.944850000552833 ], [ 683696.576380000100471, 8227467.944850000552833 ], [ 683696.576380000100471, 8227467.914830001071095 ], [ 683696.60640000004787, 8227467.914830001071095 ], [ 683696.60640000004787, 8227467.854790001176298 ], [ 683696.636420000111684, 8227467.854790001176298 ], [ 683696.636420000111684, 8227467.824770000763237 ], [ 683696.666440000059083, 8227467.824770000763237 ], [ 683696.666440000059083, 8227467.76473000086844 ], [ 683696.69646, 8227467.76473000086844 ], [ 683696.69646, 8227467.734710001386702 ], [ 683696.726480000070296, 8227467.734710001386702 ], [ 683696.726480000070296, 8227467.674670000560582 ], [ 683696.756500000017695, 8227467.674670000560582 ], [ 683696.756500000017695, 8227467.644650001078844 ], [ 683696.786520000081509, 8227467.644650001078844 ], [ 683696.786520000081509, 8227467.584610001184046 ], [ 683696.816540000028908, 8227467.584610001184046 ], [ 683696.816540000028908, 8227467.524570001289248 ], [ 683696.846560000092722, 8227467.524570001289248 ], [ 683696.846560000092722, 8227467.494550000876188 ], [ 683696.876580000040121, 8227467.494550000876188 ], [ 683696.876580000040121, 8227467.43451000098139 ], [ 683696.906600000103936, 8227467.43451000098139 ], [ 683696.906600000103936, 8227467.40449000056833 ], [ 683696.936620000051335, 8227467.40449000056833 ], [ 683696.936620000051335, 8227467.344450000673532 ], [ 683696.966640000115149, 8227467.344450000673532 ], [ 683696.966640000115149, 8227467.314430001191795 ], [ 683696.996660000062548, 8227467.314430001191795 ], [ 683696.996660000062548, 8227467.284410000778735 ], [ 683697.08672000002116, 8227467.284410000778735 ], [ 683697.08672000002116, 8227467.254390001296997 ], [ 683697.176780000096187, 8227467.254390001296997 ], [ 683697.176780000096187, 8227467.224370000883937 ], [ 683697.29686, 8227467.224370000883937 ], [ 683697.29686, 8227467.194350001402199 ], [ 683697.386920000077225, 8227467.194350001402199 ], [ 683697.386920000077225, 8227467.164330000989139 ], [ 683697.476980000035837, 8227467.164330000989139 ], [ 683697.476980000035837, 8227467.134310000576079 ], [ 683697.597060000058264, 8227467.134310000576079 ], [ 683697.597060000058264, 8227467.104290001094341 ], [ 683697.687120000016876, 8227467.104290001094341 ], [ 683697.687120000016876, 8227467.074270000681281 ], [ 683697.777180000091903, 8227467.074270000681281 ], [ 683697.777180000091903, 8227467.044250001199543 ], [ 683697.897260000114329, 8227467.044250001199543 ], [ 683697.897260000114329, 8227467.014230000786483 ], [ 683697.987320000072941, 8227467.014230000786483 ], [ 683697.987320000072941, 8227466.984210001304746 ], [ 683698.077380000031553, 8227466.984210001304746 ], [ 683698.077380000031553, 8227466.954190000891685 ], [ 683698.167440000106581, 8227466.954190000891685 ], [ 683698.167440000106581, 8227466.924170001409948 ], [ 683698.287520000012591, 8227466.924170001409948 ], [ 683698.287520000012591, 8227466.894150000996888 ], [ 683698.377580000087619, 8227466.894150000996888 ], [ 683698.377580000087619, 8227466.864130000583827 ], [ 683698.467640000046231, 8227466.864130000583827 ], [ 683698.467640000046231, 8227466.83411000110209 ], [ 683698.587720000068657, 8227466.83411000110209 ], [ 683698.587720000068657, 8227466.80409000068903 ], [ 683698.677780000027269, 8227466.80409000068903 ], [ 683698.677780000027269, 8227466.774070001207292 ], [ 683698.767840000102296, 8227466.774070001207292 ], [ 683698.767840000102296, 8227466.744050000794232 ], [ 683698.88792, 8227466.744050000794232 ], [ 683698.88792, 8227466.714030001312494 ], [ 683698.977980000083335, 8227466.714030001312494 ], [ 683698.977980000083335, 8227466.684010000899434 ], [ 683699.068040000041947, 8227466.684010000899434 ], [ 683699.068040000041947, 8227466.653990001417696 ], [ 683699.1581, 8227466.653990001417696 ], [ 683699.1581, 8227466.623970001004636 ], [ 683699.278180000022985, 8227466.623970001004636 ], [ 683699.278180000022985, 8227466.593950000591576 ], [ 683699.368240000098012, 8227466.593950000591576 ], [ 683699.368240000098012, 8227466.563930001109838 ], [ 683699.458300000056624, 8227466.563930001109838 ], [ 683699.458300000056624, 8227466.533910000696778 ], [ 683699.578380000079051, 8227466.533910000696778 ], [ 683699.578380000079051, 8227466.503890001215041 ], [ 683699.668440000037663, 8227466.503890001215041 ], [ 683699.668440000037663, 8227466.47387000080198 ], [ 683699.75850000011269, 8227466.47387000080198 ], [ 683699.75850000011269, 8227466.443850001320243 ], [ 683699.848560000071302, 8227466.443850001320243 ], [ 683699.848560000071302, 8227466.413830000907183 ], [ 683699.968640000093728, 8227466.413830000907183 ], [ 683699.968640000093728, 8227466.383810001425445 ], [ 683700.05870000005234, 8227466.383810001425445 ], [ 683700.05870000005234, 8227466.353790001012385 ], [ 683700.68912000011187, 8227466.353790001012385 ], [ 683700.68912000011187, 8227466.383810001425445 ], [ 683700.959300000104122, 8227466.383810001425445 ], [ 683700.959300000104122, 8227466.413830000907183 ], [ 683701.199460000032559, 8227466.413830000907183 ], [ 683701.199460000032559, 8227466.443850001320243 ], [ 683701.439620000077412, 8227466.443850001320243 ], [ 683701.439620000077412, 8227466.47387000080198 ], [ 683701.709800000069663, 8227466.47387000080198 ], [ 683701.709800000069663, 8227466.503890001215041 ], [ 683701.949960000114515, 8227466.503890001215041 ], [ 683701.949960000114515, 8227466.533910000696778 ], [ 683702.220140000106767, 8227466.533910000696778 ], [ 683702.220140000106767, 8227466.563930001109838 ], [ 683702.460300000035204, 8227466.563930001109838 ], [ 683702.460300000035204, 8227466.593950000591576 ], [ 683702.700460000080056, 8227466.593950000591576 ], [ 683702.700460000080056, 8227466.623970001004636 ], [ 683702.970640000072308, 8227466.623970001004636 ], [ 683702.970640000072308, 8227466.653990001417696 ], [ 683703.2108, 8227466.653990001417696 ], [ 683703.2108, 8227466.684010000899434 ], [ 683703.450960000045598, 8227466.684010000899434 ], [ 683703.450960000045598, 8227466.714030001312494 ], [ 683703.721140000037849, 8227466.714030001312494 ], [ 683703.721140000037849, 8227466.744050000794232 ], [ 683703.961300000082701, 8227466.744050000794232 ], [ 683703.961300000082701, 8227466.774070001207292 ], [ 683704.201460000011139, 8227466.774070001207292 ], [ 683704.201460000011139, 8227466.80409000068903 ], [ 683704.47164, 8227466.80409000068903 ], [ 683704.47164, 8227466.83411000110209 ], [ 683704.711800000048243, 8227466.83411000110209 ], [ 683704.711800000048243, 8227466.864130000583827 ], [ 683704.951960000093095, 8227466.864130000583827 ], [ 683704.951960000093095, 8227466.894150000996888 ], [ 683705.222140000085346, 8227466.894150000996888 ], [ 683705.222140000085346, 8227466.924170001409948 ], [ 683705.462300000013784, 8227466.924170001409948 ], [ 683705.462300000013784, 8227466.954190000891685 ], [ 683705.702460000058636, 8227466.954190000891685 ], [ 683705.702460000058636, 8227466.984210001304746 ], [ 683705.972640000050887, 8227466.984210001304746 ], [ 683705.972640000050887, 8227467.014230000786483 ], [ 683706.21280000009574, 8227467.014230000786483 ], [ 683706.21280000009574, 8227467.044250001199543 ], [ 683706.452960000024177, 8227467.044250001199543 ], [ 683706.452960000024177, 8227467.074270000681281 ], [ 683706.723140000016429, 8227467.074270000681281 ], [ 683706.723140000016429, 8227467.104290001094341 ], [ 683706.963300000061281, 8227467.104290001094341 ], [ 683706.963300000061281, 8227467.134310000576079 ], [ 683707.203460000106134, 8227467.134310000576079 ], [ 683707.203460000106134, 8227467.164330000989139 ], [ 683707.473640000098385, 8227467.164330000989139 ], [ 683707.473640000098385, 8227467.194350001402199 ], [ 683707.713800000026822, 8227467.194350001402199 ], [ 683707.713800000026822, 8227467.224370000883937 ], [ 683707.953960000071675, 8227467.224370000883937 ], [ 683707.953960000071675, 8227467.254390001296997 ], [ 683708.224140000063926, 8227467.254390001296997 ], [ 683708.224140000063926, 8227467.284410000778735 ], [ 683708.464300000108778, 8227467.284410000778735 ], [ 683708.464300000108778, 8227467.314430001191795 ], [ 683708.704460000037216, 8227467.314430001191795 ], [ 683708.704460000037216, 8227467.344450000673532 ], [ 683708.974640000029467, 8227467.344450000673532 ], [ 683708.974640000029467, 8227467.374470001086593 ], [ 683709.21480000007432, 8227467.374470001086593 ], [ 683709.21480000007432, 8227467.40449000056833 ], [ 683709.484980000066571, 8227467.40449000056833 ], [ 683709.484980000066571, 8227467.43451000098139 ], [ 683709.725140000111423, 8227467.43451000098139 ], [ 683709.725140000111423, 8227467.464530001394451 ], [ 683709.965300000039861, 8227467.464530001394451 ], [ 683709.965300000039861, 8227467.494550000876188 ], [ 683710.235480000032112, 8227467.494550000876188 ], [ 683710.235480000032112, 8227467.524570001289248 ], [ 683710.475640000076964, 8227467.524570001289248 ], [ 683710.475640000076964, 8227467.554590000770986 ], [ 683710.7158, 8227467.554590000770986 ], [ 683710.7158, 8227467.584610001184046 ], [ 683710.985980000114068, 8227467.584610001184046 ], [ 683710.985980000114068, 8227467.614630000665784 ], [ 683711.226140000042506, 8227467.614630000665784 ], [ 683711.226140000042506, 8227467.644650001078844 ], [ 683711.466300000087358, 8227467.644650001078844 ], [ 683711.466300000087358, 8227467.674670000560582 ], [ 683711.736480000079609, 8227467.674670000560582 ], [ 683711.736480000079609, 8227467.704690000973642 ], [ 683711.97664, 8227467.704690000973642 ], [ 683711.97664, 8227467.734710001386702 ], [ 683712.216800000052899, 8227467.734710001386702 ], [ 683712.216800000052899, 8227467.76473000086844 ], [ 683712.486980000045151, 8227467.76473000086844 ], [ 683712.486980000045151, 8227467.7947500012815 ], [ 683712.727140000090003, 8227467.7947500012815 ], [ 683712.727140000090003, 8227467.824770000763237 ], [ 683712.96730000001844, 8227467.824770000763237 ], [ 683712.96730000001844, 8227467.854790001176298 ], [ 683713.237480000010692, 8227467.854790001176298 ], [ 683713.237480000010692, 8227467.884810000658035 ], [ 683713.477640000055544, 8227467.884810000658035 ], [ 683713.477640000055544, 8227467.914830001071095 ], [ 683713.717800000100397, 8227467.914830001071095 ], [ 683713.717800000100397, 8227467.944850000552833 ], [ 683713.987980000092648, 8227467.944850000552833 ], [ 683713.987980000092648, 8227467.974870000965893 ], [ 683714.228140000021085, 8227467.974870000965893 ], [ 683714.228140000021085, 8227468.004890001378953 ], [ 683714.468300000065938, 8227468.004890001378953 ], [ 683714.468300000065938, 8227468.034910000860691 ], [ 683714.738480000058189, 8227468.034910000860691 ], [ 683714.738480000058189, 8227468.064930001273751 ], [ 683714.978640000103042, 8227468.064930001273751 ], [ 683714.978640000103042, 8227468.094950000755489 ], [ 683715.218800000031479, 8227468.094950000755489 ], [ 683715.218800000031479, 8227468.124970001168549 ], [ 683715.48898000002373, 8227468.124970001168549 ], [ 683715.48898000002373, 8227468.154990000650287 ], [ 683715.729140000068583, 8227468.154990000650287 ], [ 683715.729140000068583, 8227468.185010001063347 ], [ 683715.969300000113435, 8227468.185010001063347 ], [ 683715.969300000113435, 8227468.215030001476407 ], [ 683716.239480000105686, 8227468.215030001476407 ], [ 683716.239480000105686, 8227468.245050000958145 ], [ 683716.479640000034124, 8227468.245050000958145 ], [ 683716.479640000034124, 8227468.275070001371205 ], [ 683716.719800000078976, 8227468.275070001371205 ], [ 683716.719800000078976, 8227468.305090000852942 ], [ 683716.989980000071228, 8227468.305090000852942 ], [ 683716.989980000071228, 8227468.335110001266003 ], [ 683717.23014, 8227468.335110001266003 ], [ 683717.23014, 8227468.36513000074774 ], [ 683717.500320000108331, 8227468.36513000074774 ], [ 683717.500320000108331, 8227468.3951500011608 ], [ 683717.740480000036769, 8227468.3951500011608 ], [ 683717.740480000036769, 8227468.425170000642538 ], [ 683717.980640000081621, 8227468.425170000642538 ], [ 683717.980640000081621, 8227468.455190001055598 ], [ 683718.250820000073873, 8227468.455190001055598 ], [ 683718.250820000073873, 8227468.485210001468658 ], [ 683718.49098, 8227468.485210001468658 ], [ 683718.49098, 8227468.515230000950396 ], [ 683718.731140000047162, 8227468.515230000950396 ], [ 683718.731140000047162, 8227468.545250001363456 ], [ 683719.001320000039414, 8227468.545250001363456 ], [ 683719.001320000039414, 8227468.575270000845194 ], [ 683719.241480000084266, 8227468.575270000845194 ], [ 683719.241480000084266, 8227468.605290001258254 ], [ 683719.481640000012703, 8227468.605290001258254 ], [ 683719.481640000012703, 8227468.635310000739992 ], [ 683719.75182, 8227468.635310000739992 ], [ 683719.75182, 8227468.665330001153052 ], [ 683719.991980000049807, 8227468.665330001153052 ], [ 683719.991980000049807, 8227468.695350000634789 ], [ 683720.23214000009466, 8227468.695350000634789 ], [ 683720.23214000009466, 8227468.72537000104785 ], [ 683720.502320000086911, 8227468.72537000104785 ], [ 683720.502320000086911, 8227468.75539000146091 ], [ 683720.742480000015348, 8227468.75539000146091 ], [ 683720.742480000015348, 8227468.785410000942647 ], [ 683720.982640000060201, 8227468.785410000942647 ], [ 683720.982640000060201, 8227468.815430001355708 ], [ 683721.252820000052452, 8227468.815430001355708 ], [ 683721.252820000052452, 8227468.845450000837445 ], [ 683721.492980000097305, 8227468.845450000837445 ], [ 683721.492980000097305, 8227468.875470001250505 ], [ 683721.733140000025742, 8227468.875470001250505 ], [ 683721.733140000025742, 8227468.905490000732243 ], [ 683722.003320000017993, 8227468.905490000732243 ], [ 683722.003320000017993, 8227468.935510001145303 ], [ 683722.243480000062846, 8227468.935510001145303 ], [ 683722.243480000062846, 8227468.965530000627041 ], [ 683722.483640000107698, 8227468.965530000627041 ], [ 683722.483640000107698, 8227468.995550001040101 ], [ 683722.75382000009995, 8227468.995550001040101 ], [ 683722.75382000009995, 8227469.025570001453161 ], [ 683722.993980000028387, 8227469.025570001453161 ], [ 683722.993980000028387, 8227469.055590000934899 ], [ 683723.234140000073239, 8227469.055590000934899 ], [ 683723.234140000073239, 8227469.085610001347959 ], [ 683723.504320000065491, 8227469.085610001347959 ], [ 683723.504320000065491, 8227469.115630000829697 ], [ 683723.744480000110343, 8227469.115630000829697 ], [ 683723.744480000110343, 8227469.145650001242757 ], [ 683723.98464000003878, 8227469.145650001242757 ], [ 683723.98464000003878, 8227469.175670000724494 ], [ 683724.254820000031032, 8227469.175670000724494 ], [ 683724.254820000031032, 8227469.205690001137555 ], [ 683724.434940000064671, 8227469.205690001137555 ], [ 683724.434940000064671, 8227469.235710000619292 ], [ 683724.585040000034496, 8227469.235710000619292 ], [ 683724.585040000034496, 8227469.265730001032352 ], [ 683724.765160000068136, 8227469.265730001032352 ], [ 683724.765160000068136, 8227469.295750001445413 ], [ 683724.915260000037961, 8227469.295750001445413 ], [ 683724.915260000037961, 8227469.32577000092715 ], [ 683725.0953800000716, 8227469.32577000092715 ], [ 683725.0953800000716, 8227469.35579000134021 ], [ 683725.245480000041425, 8227469.35579000134021 ], [ 683725.245480000041425, 8227469.385810000821948 ], [ 683725.425600000075065, 8227469.385810000821948 ], [ 683725.425600000075065, 8227469.415830001235008 ], [ 683725.605720000108704, 8227469.415830001235008 ], [ 683725.605720000108704, 8227469.445850000716746 ], [ 683725.755820000078529, 8227469.445850000716746 ], [ 683725.755820000078529, 8227469.475870001129806 ], [ 683725.935940000112168, 8227469.475870001129806 ], [ 683725.935940000112168, 8227469.505890000611544 ], [ 683726.086040000081994, 8227469.505890000611544 ], [ 683726.086040000081994, 8227469.535910001024604 ], [ 683726.26616, 8227469.535910001024604 ], [ 683726.26616, 8227469.565930001437664 ], [ 683726.416260000085458, 8227469.565930001437664 ], [ 683726.416260000085458, 8227469.595950000919402 ], [ 683726.59638, 8227469.595950000919402 ], [ 683726.59638, 8227469.625970001332462 ], [ 683726.746480000088923, 8227469.625970001332462 ], [ 683726.746480000088923, 8227469.655990000814199 ], [ 683726.9266, 8227469.655990000814199 ], [ 683726.9266, 8227469.68601000122726 ], [ 683727.076700000092387, 8227469.68601000122726 ], [ 683727.076700000092387, 8227469.716030000708997 ], [ 683727.25682, 8227469.716030000708997 ], [ 683727.25682, 8227469.746050001122057 ], [ 683727.436940000043251, 8227469.746050001122057 ], [ 683727.436940000043251, 8227469.776070000603795 ], [ 683727.587040000013076, 8227469.776070000603795 ], [ 683727.587040000013076, 8227469.806090001016855 ], [ 683727.767160000046715, 8227469.806090001016855 ], [ 683727.767160000046715, 8227469.836110001429915 ], [ 683727.887240000069141, 8227469.836110001429915 ], [ 683727.887240000069141, 8227469.866130000911653 ], [ 683728.007320000091568, 8227469.866130000911653 ], [ 683728.007320000091568, 8227469.896150001324713 ], [ 683728.09738000005018, 8227469.896150001324713 ], [ 683728.09738000005018, 8227469.926170000806451 ], [ 683728.217460000072606, 8227469.926170000806451 ], [ 683728.217460000072606, 8227469.956190001219511 ], [ 683728.337540000095032, 8227469.956190001219511 ], [ 683728.337540000095032, 8227469.986210000701249 ], [ 683728.45762, 8227469.986210000701249 ], [ 683728.45762, 8227470.016230001114309 ], [ 683728.577700000023469, 8227470.016230001114309 ], [ 683728.577700000023469, 8227470.046250000596046 ], [ 683728.697780000045896, 8227470.046250000596046 ], [ 683728.697780000045896, 8227470.076270001009107 ], [ 683728.817860000068322, 8227470.076270001009107 ], [ 683728.817860000068322, 8227470.106290001422167 ], [ 683728.907920000026934, 8227470.106290001422167 ], [ 683728.907920000026934, 8227470.136310000903904 ], [ 683729.02800000004936, 8227470.136310000903904 ], [ 683729.02800000004936, 8227470.166330001316965 ], [ 683729.148080000071786, 8227470.166330001316965 ], [ 683729.148080000071786, 8227470.196350000798702 ], [ 683729.268160000094213, 8227470.196350000798702 ], [ 683729.268160000094213, 8227470.226370001211762 ], [ 683729.38824, 8227470.226370001211762 ], [ 683729.38824, 8227470.2563900006935 ], [ 683729.50832000002265, 8227470.2563900006935 ], [ 683729.50832000002265, 8227470.28641000110656 ], [ 683729.598380000097677, 8227470.28641000110656 ], [ 683729.598380000097677, 8227470.316430000588298 ], [ 683729.71846, 8227470.316430000588298 ], [ 683729.71846, 8227470.346450001001358 ], [ 683729.838540000026114, 8227470.346450001001358 ], [ 683729.838540000026114, 8227470.376470001414418 ], [ 683729.958620000048541, 8227470.376470001414418 ], [ 683729.958620000048541, 8227470.406490000896156 ], [ 683730.078700000070967, 8227470.406490000896156 ], [ 683730.078700000070967, 8227470.436510001309216 ], [ 683730.198780000093393, 8227470.436510001309216 ], [ 683730.198780000093393, 8227470.466530000790954 ], [ 683730.31886, 8227470.466530000790954 ], [ 683730.31886, 8227470.496550001204014 ], [ 683730.408920000074431, 8227470.496550001204014 ], [ 683730.408920000074431, 8227470.526570000685751 ], [ 683730.529000000096858, 8227470.526570000685751 ], [ 683730.529000000096858, 8227470.556590001098812 ], [ 683730.64908, 8227470.556590001098812 ], [ 683730.64908, 8227470.586610000580549 ], [ 683730.769160000025295, 8227470.586610000580549 ], [ 683730.769160000025295, 8227470.616630000993609 ], [ 683730.889240000047721, 8227470.616630000993609 ], [ 683730.889240000047721, 8227470.64665000140667 ], [ 683731.009320000070147, 8227470.64665000140667 ], [ 683731.009320000070147, 8227470.676670000888407 ], [ 683731.129400000092573, 8227470.676670000888407 ], [ 683731.129400000092573, 8227470.706690001301467 ], [ 683731.219460000051185, 8227470.706690001301467 ], [ 683731.219460000051185, 8227470.736710000783205 ], [ 683731.339540000073612, 8227470.736710000783205 ], [ 683731.339540000073612, 8227470.766730001196265 ], [ 683731.459620000096038, 8227470.766730001196265 ], [ 683731.459620000096038, 8227470.796750000678003 ], [ 683731.5797, 8227470.796750000678003 ], [ 683731.5797, 8227470.826770001091063 ], [ 683731.699780000024475, 8227470.826770001091063 ], [ 683731.699780000024475, 8227470.856790000572801 ], [ 683731.819860000046901, 8227470.856790000572801 ], [ 683731.819860000046901, 8227470.886810000985861 ], [ 683731.939940000069328, 8227470.886810000985861 ], [ 683731.939940000069328, 8227470.916830001398921 ], [ 683732.03000000002794, 8227470.916830001398921 ], [ 683732.03000000002794, 8227470.946850000880659 ], [ 683732.150080000050366, 8227470.946850000880659 ], [ 683732.150080000050366, 8227470.976870001293719 ], [ 683732.270160000072792, 8227470.976870001293719 ], [ 683732.270160000072792, 8227471.006890000775456 ], [ 683732.390240000095218, 8227471.006890000775456 ], [ 683732.390240000095218, 8227471.036910001188517 ], [ 683732.51032, 8227471.036910001188517 ], [ 683732.51032, 8227471.066930000670254 ], [ 683732.630400000023656, 8227471.066930000670254 ], [ 683732.630400000023656, 8227471.096950001083314 ], [ 683732.720460000098683, 8227471.096950001083314 ], [ 683732.720460000098683, 8227471.126970000565052 ], [ 683732.84054, 8227471.126970000565052 ], [ 683732.84054, 8227471.156990000978112 ], [ 683732.96062000002712, 8227471.156990000978112 ], [ 683732.96062000002712, 8227471.187010001391172 ], [ 683733.080700000049546, 8227471.187010001391172 ], [ 683733.080700000049546, 8227471.21703000087291 ], [ 683733.200780000071973, 8227471.21703000087291 ], [ 683733.200780000071973, 8227471.24705000128597 ], [ 683733.320860000094399, 8227471.24705000128597 ], [ 683733.320860000094399, 8227471.277070000767708 ], [ 683733.44094, 8227471.277070000767708 ], [ 683733.44094, 8227471.307090001180768 ], [ 683733.531000000075437, 8227471.307090001180768 ], [ 683733.531000000075437, 8227471.337110000662506 ], [ 683733.651080000097863, 8227471.337110000662506 ], [ 683733.651080000097863, 8227471.367130001075566 ], [ 683733.77116, 8227471.367130001075566 ], [ 683733.77116, 8227471.397150000557303 ], [ 683733.891240000026301, 8227471.397150000557303 ], [ 683733.891240000026301, 8227471.427170000970364 ], [ 683734.011320000048727, 8227471.427170000970364 ], [ 683734.011320000048727, 8227471.457190001383424 ], [ 683734.131400000071153, 8227471.457190001383424 ], [ 683734.131400000071153, 8227471.487210000865161 ], [ 683734.251480000093579, 8227471.487210000865161 ], [ 683734.251480000093579, 8227471.517230001278222 ], [ 683734.341540000052191, 8227471.517230001278222 ], [ 683734.341540000052191, 8227471.547250000759959 ], [ 683734.461620000074618, 8227471.547250000759959 ], [ 683734.461620000074618, 8227471.577270001173019 ], [ 683734.581700000097044, 8227471.577270001173019 ], [ 683734.581700000097044, 8227471.607290000654757 ], [ 683734.70178, 8227471.607290000654757 ], [ 683734.70178, 8227471.637310001067817 ], [ 683734.821860000025481, 8227471.637310001067817 ], [ 683734.821860000025481, 8227471.667330000549555 ], [ 683734.941940000047907, 8227471.667330000549555 ], [ 683734.941940000047907, 8227471.697350000962615 ], [ 683735.032, 8227471.697350000962615 ], [ 683735.032, 8227471.727370001375675 ], [ 683735.152080000028946, 8227471.727370001375675 ], [ 683735.152080000028946, 8227471.757390000857413 ], [ 683735.272160000051372, 8227471.757390000857413 ], [ 683735.272160000051372, 8227471.787410001270473 ], [ 683735.392240000073798, 8227471.787410001270473 ], [ 683735.392240000073798, 8227471.817430000752211 ], [ 683735.512320000096224, 8227471.817430000752211 ], [ 683735.512320000096224, 8227471.847450001165271 ], [ 683735.6324, 8227471.847450001165271 ], [ 683735.6324, 8227471.877470000647008 ], [ 683735.752480000024661, 8227471.877470000647008 ], [ 683735.752480000024661, 8227471.907490001060069 ], [ 683735.842540000099689, 8227471.907490001060069 ], [ 683735.842540000099689, 8227471.937510001473129 ], [ 683735.96262, 8227471.937510001473129 ], [ 683735.96262, 8227471.967530000954866 ], [ 683736.082700000028126, 8227471.967530000954866 ], [ 683736.082700000028126, 8227471.997550001367927 ], [ 683736.202780000050552, 8227471.997550001367927 ], [ 683736.202780000050552, 8227472.027570000849664 ], [ 683736.322860000072978, 8227472.027570000849664 ], [ 683736.322860000072978, 8227472.057590001262724 ], [ 683736.442940000095405, 8227472.057590001262724 ], [ 683736.442940000095405, 8227472.087610000744462 ], [ 683736.56302, 8227472.087610000744462 ], [ 683736.56302, 8227472.117630001157522 ], [ 683736.653080000076443, 8227472.117630001157522 ], [ 683736.653080000076443, 8227472.14765000063926 ], [ 683736.773160000098869, 8227472.14765000063926 ], [ 683736.773160000098869, 8227472.17767000105232 ], [ 683736.89324, 8227472.17767000105232 ], [ 683736.89324, 8227472.20769000146538 ], [ 683737.013320000027306, 8227472.20769000146538 ], [ 683737.013320000027306, 8227472.237710000947118 ], [ 683737.133400000049733, 8227472.237710000947118 ], [ 683737.133400000049733, 8227472.267730001360178 ], [ 683737.253480000072159, 8227472.267730001360178 ], [ 683737.253480000072159, 8227472.297750000841916 ], [ 683737.343540000030771, 8227472.297750000841916 ], [ 683737.343540000030771, 8227472.327770001254976 ], [ 683737.463620000053197, 8227472.327770001254976 ], [ 683737.463620000053197, 8227472.357790000736713 ], [ 683737.583700000075623, 8227472.357790000736713 ], [ 683737.583700000075623, 8227472.387810001149774 ], [ 683737.70378000009805, 8227472.387810001149774 ], [ 683737.70378000009805, 8227472.417830000631511 ], [ 683737.82386, 8227472.417830000631511 ], [ 683737.82386, 8227472.447850001044571 ], [ 683737.943940000026487, 8227472.447850001044571 ], [ 683737.943940000026487, 8227472.477870001457632 ], [ 683738.064020000048913, 8227472.477870001457632 ], [ 683738.064020000048913, 8227472.507890000939369 ], [ 683738.15408, 8227472.507890000939369 ], [ 683738.15408, 8227472.537910001352429 ], [ 683738.274160000029951, 8227472.537910001352429 ], [ 683738.274160000029951, 8227472.567930000834167 ], [ 683738.394240000052378, 8227472.567930000834167 ], [ 683738.394240000052378, 8227472.597950001247227 ], [ 683738.514320000074804, 8227472.597950001247227 ], [ 683738.514320000074804, 8227472.627970000728965 ], [ 683738.63440000009723, 8227472.627970000728965 ], [ 683738.63440000009723, 8227472.657990001142025 ], [ 683738.75448, 8227472.657990001142025 ], [ 683738.75448, 8227472.688010000623763 ], [ 683738.874560000025667, 8227472.688010000623763 ], [ 683738.874560000025667, 8227472.718030001036823 ], [ 683738.964620000100695, 8227472.718030001036823 ], [ 683738.964620000100695, 8227472.748050001449883 ], [ 683739.0847, 8227472.748050001449883 ], [ 683739.0847, 8227472.778070000931621 ], [ 683739.204780000029132, 8227472.778070000931621 ], [ 683739.204780000029132, 8227472.808090001344681 ], [ 683739.324860000051558, 8227472.808090001344681 ], [ 683739.324860000051558, 8227472.838110000826418 ], [ 683739.444940000073984, 8227472.838110000826418 ], [ 683739.444940000073984, 8227472.868130001239479 ], [ 683739.565020000096411, 8227472.868130001239479 ], [ 683739.565020000096411, 8227472.898150000721216 ], [ 683739.6851, 8227472.898150000721216 ], [ 683739.6851, 8227472.928170001134276 ], [ 683739.775160000077449, 8227472.928170001134276 ], [ 683739.775160000077449, 8227472.958190000616014 ], [ 683739.895240000099875, 8227472.958190000616014 ], [ 683739.895240000099875, 8227472.988210001029074 ], [ 683740.01532, 8227472.988210001029074 ], [ 683740.01532, 8227473.018230001442134 ], [ 683740.135400000028312, 8227473.018230001442134 ], [ 683740.135400000028312, 8227473.048250000923872 ], [ 683740.255480000050738, 8227473.048250000923872 ], [ 683740.255480000050738, 8227473.078270001336932 ], [ 683740.375560000073165, 8227473.078270001336932 ], [ 683740.375560000073165, 8227473.10829000081867 ], [ 683740.465620000031777, 8227473.10829000081867 ], [ 683740.465620000031777, 8227473.13831000123173 ], [ 683740.585700000054203, 8227473.13831000123173 ], [ 683740.585700000054203, 8227473.168330000713468 ], [ 683740.705780000076629, 8227473.168330000713468 ], [ 683740.705780000076629, 8227473.198350001126528 ], [ 683740.825860000099055, 8227473.198350001126528 ], [ 683740.825860000099055, 8227473.228370000608265 ], [ 683740.94594, 8227473.228370000608265 ], [ 683740.94594, 8227473.258390001021326 ], [ 683741.066020000027493, 8227473.258390001021326 ], [ 683741.066020000027493, 8227473.288410001434386 ], [ 683741.186100000049919, 8227473.288410001434386 ], [ 683741.186100000049919, 8227473.318430000916123 ], [ 683741.27616, 8227473.318430000916123 ], [ 683741.27616, 8227473.348450001329184 ], [ 683741.396240000030957, 8227473.348450001329184 ], [ 683741.396240000030957, 8227473.378470000810921 ], [ 683741.516320000053383, 8227473.378470000810921 ], [ 683741.516320000053383, 8227473.408490001223981 ], [ 683741.63640000007581, 8227473.408490001223981 ], [ 683741.63640000007581, 8227473.438510000705719 ], [ 683741.756480000098236, 8227473.438510000705719 ], [ 683741.756480000098236, 8227473.468530001118779 ], [ 683741.87656, 8227473.468530001118779 ], [ 683741.87656, 8227473.498550000600517 ], [ 683741.996640000026673, 8227473.498550000600517 ], [ 683741.996640000026673, 8227473.528570001013577 ], [ 683742.0867000001017, 8227473.528570001013577 ], [ 683742.0867000001017, 8227473.558590001426637 ], [ 683742.20678, 8227473.558590001426637 ], [ 683742.20678, 8227473.588610000908375 ], [ 683742.326860000030138, 8227473.588610000908375 ], [ 683742.326860000030138, 8227473.618630001321435 ], [ 683742.446940000052564, 8227473.618630001321435 ], [ 683742.446940000052564, 8227473.648650000803173 ], [ 683742.56702000007499, 8227473.648650000803173 ], [ 683742.56702000007499, 8227473.678670001216233 ], [ 683742.687100000097416, 8227473.678670001216233 ], [ 683742.687100000097416, 8227473.70869000069797 ], [ 683742.777160000056028, 8227473.70869000069797 ], [ 683742.777160000056028, 8227473.738710001111031 ], [ 683742.897240000078455, 8227473.738710001111031 ], [ 683742.897240000078455, 8227473.768730000592768 ], [ 683743.017320000100881, 8227473.768730000592768 ], [ 683743.017320000100881, 8227473.798750001005828 ], [ 683743.077360000112094, 8227473.798750001005828 ], [ 683743.077360000112094, 8227473.828770001418889 ], [ 683743.1374, 8227473.828770001418889 ], [ 683743.1374, 8227473.858790000900626 ], [ 683743.167420000070706, 8227473.858790000900626 ], [ 683743.167420000070706, 8227473.888810001313686 ], [ 683743.197440000018105, 8227473.888810001313686 ], [ 683743.197440000018105, 8227473.918830000795424 ], [ 683743.227460000081919, 8227473.918830000795424 ], [ 683743.227460000081919, 8227473.948850001208484 ], [ 683743.287500000093132, 8227473.948850001208484 ], [ 683743.287500000093132, 8227473.978870000690222 ], [ 683743.317520000040531, 8227473.978870000690222 ], [ 683743.317520000040531, 8227474.008890001103282 ], [ 683743.347540000104345, 8227474.008890001103282 ], [ 683743.347540000104345, 8227474.03891000058502 ], [ 683743.40758, 8227474.03891000058502 ], [ 683743.40758, 8227474.06893000099808 ], [ 683743.437600000062957, 8227474.06893000099808 ], [ 683743.437600000062957, 8227474.09895000141114 ], [ 683743.467620000010356, 8227474.09895000141114 ], [ 683743.467620000010356, 8227474.128970000892878 ], [ 683743.497640000074171, 8227474.128970000892878 ], [ 683743.497640000074171, 8227474.158990001305938 ], [ 683743.557680000085384, 8227474.158990001305938 ], [ 683743.557680000085384, 8227474.189010000787675 ], [ 683743.587700000032783, 8227474.189010000787675 ], [ 683743.587700000032783, 8227474.219030001200736 ], [ 683743.617720000096597, 8227474.219030001200736 ], [ 683743.617720000096597, 8227474.249050000682473 ], [ 683743.647740000043996, 8227474.249050000682473 ], [ 683743.647740000043996, 8227474.279070001095533 ], [ 683743.707780000055209, 8227474.279070001095533 ], [ 683743.707780000055209, 8227474.309090000577271 ], [ 683743.7378, 8227474.309090000577271 ], [ 683743.7378, 8227474.339110000990331 ], [ 683743.767820000066422, 8227474.339110000990331 ], [ 683743.767820000066422, 8227474.369130001403391 ], [ 683743.827860000077635, 8227474.369130001403391 ], [ 683743.827860000077635, 8227474.399150000885129 ], [ 683743.857880000025034, 8227474.399150000885129 ], [ 683743.857880000025034, 8227474.429170001298189 ], [ 683743.887900000088848, 8227474.429170001298189 ], [ 683743.887900000088848, 8227474.459190000779927 ], [ 683743.917920000036247, 8227474.459190000779927 ], [ 683743.917920000036247, 8227474.489210001192987 ], [ 683743.97796000004746, 8227474.489210001192987 ], [ 683743.97796000004746, 8227474.519230000674725 ], [ 683744.007980000111274, 8227474.519230000674725 ], [ 683744.007980000111274, 8227474.549250001087785 ], [ 683744.038000000058673, 8227474.549250001087785 ], [ 683744.038000000058673, 8227474.579270000569522 ], [ 683744.06802, 8227474.579270000569522 ], [ 683744.06802, 8227474.609290000982583 ], [ 683744.128060000017285, 8227474.609290000982583 ], [ 683744.128060000017285, 8227474.639310001395643 ], [ 683744.1580800000811, 8227474.639310001395643 ], [ 683744.1580800000811, 8227474.66933000087738 ], [ 683744.188100000028498, 8227474.66933000087738 ], [ 683744.188100000028498, 8227474.699350001290441 ], [ 683744.248140000039712, 8227474.699350001290441 ], [ 683744.248140000039712, 8227474.729370000772178 ], [ 683744.278160000103526, 8227474.729370000772178 ], [ 683744.278160000103526, 8227474.759390001185238 ], [ 683744.308180000050925, 8227474.759390001185238 ], [ 683744.308180000050925, 8227474.789410000666976 ], [ 683744.338200000114739, 8227474.789410000666976 ], [ 683744.338200000114739, 8227474.819430001080036 ], [ 683744.39824, 8227474.819430001080036 ], [ 683744.39824, 8227474.849450000561774 ], [ 683744.428260000073351, 8227474.849450000561774 ], [ 683744.428260000073351, 8227474.879470000974834 ], [ 683744.45828000002075, 8227474.879470000974834 ], [ 683744.45828000002075, 8227474.909490001387894 ], [ 683744.488300000084564, 8227474.909490001387894 ], [ 683744.488300000084564, 8227474.939510000869632 ], [ 683744.548340000095777, 8227474.939510000869632 ], [ 683744.548340000095777, 8227474.969530001282692 ], [ 683744.578360000043176, 8227474.969530001282692 ], [ 683744.578360000043176, 8227474.99955000076443 ], [ 683744.60838000010699, 8227474.99955000076443 ], [ 683744.60838000010699, 8227475.02957000117749 ], [ 683744.66842, 8227475.02957000117749 ], [ 683744.66842, 8227475.059590000659227 ], [ 683744.698440000065602, 8227475.059590000659227 ], [ 683744.698440000065602, 8227475.089610001072288 ], [ 683744.728460000013001, 8227475.089610001072288 ], [ 683744.728460000013001, 8227475.119630000554025 ], [ 683744.758480000076815, 8227475.119630000554025 ], [ 683744.758480000076815, 8227475.149650000967085 ], [ 683744.818520000088029, 8227475.149650000967085 ], [ 683744.818520000088029, 8227475.179670001380146 ], [ 683744.848540000035428, 8227475.179670001380146 ], [ 683744.848540000035428, 8227475.209690000861883 ], [ 683744.878560000099242, 8227475.209690000861883 ], [ 683744.878560000099242, 8227475.239710001274943 ], [ 683744.938600000110455, 8227475.239710001274943 ], [ 683744.938600000110455, 8227475.269730000756681 ], [ 683744.968620000057854, 8227475.269730000756681 ], [ 683744.968620000057854, 8227475.299750001169741 ], [ 683744.99864, 8227475.299750001169741 ], [ 683744.99864, 8227475.329770000651479 ], [ 683745.028660000069067, 8227475.329770000651479 ], [ 683745.028660000069067, 8227475.359790001064539 ], [ 683745.08870000008028, 8227475.359790001064539 ], [ 683745.08870000008028, 8227475.389810001477599 ], [ 683745.118720000027679, 8227475.389810001477599 ], [ 683745.118720000027679, 8227475.419830000959337 ], [ 683745.148740000091493, 8227475.419830000959337 ], [ 683745.148740000091493, 8227475.449850001372397 ], [ 683745.178760000038892, 8227475.449850001372397 ], [ 683745.178760000038892, 8227475.479870000854135 ], [ 683745.238800000050105, 8227475.479870000854135 ], [ 683745.238800000050105, 8227475.509890001267195 ], [ 683745.268820000113919, 8227475.509890001267195 ], [ 683745.268820000113919, 8227475.539910000748932 ], [ 683745.298840000061318, 8227475.539910000748932 ], [ 683745.298840000061318, 8227475.569930001161993 ], [ 683745.358880000072531, 8227475.569930001161993 ], [ 683745.358880000072531, 8227475.59995000064373 ], [ 683745.38890000001993, 8227475.59995000064373 ], [ 683745.38890000001993, 8227475.62997000105679 ], [ 683745.418920000083745, 8227475.62997000105679 ], [ 683745.418920000083745, 8227475.659990001469851 ], [ 683745.448940000031143, 8227475.659990001469851 ], [ 683745.448940000031143, 8227475.690010000951588 ], [ 683745.508980000042357, 8227475.690010000951588 ], [ 683745.508980000042357, 8227475.720030001364648 ], [ 683745.539000000106171, 8227475.720030001364648 ], [ 683745.539000000106171, 8227475.750050000846386 ], [ 683745.56902000005357, 8227475.750050000846386 ], [ 683745.56902000005357, 8227475.780070001259446 ], [ 683745.59904, 8227475.780070001259446 ], [ 683745.59904, 8227475.810090000741184 ], [ 683745.659080000012182, 8227475.810090000741184 ], [ 683745.659080000012182, 8227475.840110001154244 ], [ 683745.689100000075996, 8227475.840110001154244 ], [ 683745.689100000075996, 8227475.870130000635982 ], [ 683745.719120000023395, 8227475.870130000635982 ], [ 683745.719120000023395, 8227475.900150001049042 ], [ 683745.779160000034608, 8227475.900150001049042 ], [ 683745.779160000034608, 8227475.930170001462102 ], [ 683745.809180000098422, 8227475.930170001462102 ], [ 683745.809180000098422, 8227475.96019000094384 ], [ 683745.839200000045821, 8227475.96019000094384 ], [ 683745.839200000045821, 8227475.9902100013569 ], [ 683745.869220000109635, 8227475.9902100013569 ], [ 683745.869220000109635, 8227476.020230000838637 ], [ 683745.92926, 8227476.020230000838637 ], [ 683745.92926, 8227476.050250001251698 ], [ 683745.959280000068247, 8227476.050250001251698 ], [ 683745.959280000068247, 8227476.080270000733435 ], [ 683745.989300000015646, 8227476.080270000733435 ], [ 683745.989300000015646, 8227476.110290001146495 ], [ 683746.01932000007946, 8227476.110290001146495 ], [ 683746.01932000007946, 8227476.140310000628233 ], [ 683746.079360000090674, 8227476.140310000628233 ], [ 683746.079360000090674, 8227476.170330001041293 ], [ 683746.109380000038072, 8227476.170330001041293 ], [ 683746.109380000038072, 8227476.200350001454353 ], [ 683746.139400000101887, 8227476.200350001454353 ], [ 683746.139400000101887, 8227476.230370000936091 ], [ 683746.1994400001131, 8227476.230370000936091 ], [ 683746.1994400001131, 8227476.260390001349151 ], [ 683746.229460000060499, 8227476.260390001349151 ], [ 683746.229460000060499, 8227476.290410000830889 ], [ 683746.25948, 8227476.290410000830889 ], [ 683746.25948, 8227476.320430001243949 ], [ 683746.289500000071712, 8227476.320430001243949 ], [ 683746.289500000071712, 8227476.350450000725687 ], [ 683746.349540000082925, 8227476.350450000725687 ], [ 683746.349540000082925, 8227476.380470001138747 ], [ 683746.379560000030324, 8227476.380470001138747 ], [ 683746.379560000030324, 8227476.410490000620484 ], [ 683746.409580000094138, 8227476.410490000620484 ], [ 683746.409580000094138, 8227476.440510001033545 ], [ 683746.439600000041537, 8227476.440510001033545 ], [ 683746.439600000041537, 8227476.470530001446605 ], [ 683746.49964000005275, 8227476.470530001446605 ], [ 683746.49964000005275, 8227476.500550000928342 ], [ 683746.52966, 8227476.500550000928342 ], [ 683746.52966, 8227476.530570001341403 ], [ 683746.559680000063963, 8227476.530570001341403 ], [ 683746.559680000063963, 8227476.56059000082314 ], [ 683746.619720000075176, 8227476.56059000082314 ], [ 683746.619720000075176, 8227476.5906100012362 ], [ 683746.649740000022575, 8227476.5906100012362 ], [ 683746.649740000022575, 8227476.620630000717938 ], [ 683746.679760000086389, 8227476.620630000717938 ], [ 683746.679760000086389, 8227476.650650001130998 ], [ 683746.709780000033788, 8227476.650650001130998 ], [ 683746.709780000033788, 8227476.680670000612736 ], [ 683746.769820000045002, 8227476.680670000612736 ], [ 683746.769820000045002, 8227476.710690001025796 ], [ 683746.799840000108816, 8227476.710690001025796 ], [ 683746.799840000108816, 8227476.740710001438856 ], [ 683746.829860000056215, 8227476.740710001438856 ], [ 683746.829860000056215, 8227476.770730000920594 ], [ 683746.85988, 8227476.770730000920594 ], [ 683746.85988, 8227476.800750001333654 ], [ 683746.919920000014827, 8227476.800750001333654 ], [ 683746.919920000014827, 8227476.830770000815392 ], [ 683746.949940000078641, 8227476.830770000815392 ], [ 683746.949940000078641, 8227476.860790001228452 ], [ 683746.97996000002604, 8227476.860790001228452 ], [ 683746.97996000002604, 8227476.890810000710189 ], [ 683747.040000000037253, 8227476.890810000710189 ], [ 683747.040000000037253, 8227476.92083000112325 ], [ 683747.070020000101067, 8227476.92083000112325 ], [ 683747.070020000101067, 8227476.950850000604987 ], [ 683747.100040000048466, 8227476.950850000604987 ], [ 683747.100040000048466, 8227476.980870001018047 ], [ 683747.13006000011228, 8227476.980870001018047 ], [ 683747.13006000011228, 8227477.010890001431108 ], [ 683747.1901, 8227477.010890001431108 ], [ 683747.1901, 8227477.040910000912845 ], [ 683747.220120000070892, 8227477.040910000912845 ], [ 683747.220120000070892, 8227477.070930001325905 ], [ 683747.250140000018291, 8227477.070930001325905 ], [ 683747.250140000018291, 8227477.100950000807643 ], [ 683747.280160000082105, 8227477.100950000807643 ], [ 683747.280160000082105, 8227477.130970001220703 ], [ 683747.340200000093319, 8227477.130970001220703 ], [ 683747.340200000093319, 8227477.160990000702441 ], [ 683747.370220000040717, 8227477.160990000702441 ], [ 683747.370220000040717, 8227477.191010001115501 ], [ 683747.400240000104532, 8227477.191010001115501 ], [ 683747.400240000104532, 8227477.221030000597239 ], [ 683747.46028, 8227477.221030000597239 ], [ 683747.46028, 8227477.251050001010299 ], [ 683747.490300000063144, 8227477.251050001010299 ], [ 683747.490300000063144, 8227477.281070001423359 ], [ 683747.520320000010543, 8227477.281070001423359 ], [ 683747.520320000010543, 8227477.311090000905097 ], [ 683747.550340000074357, 8227477.311090000905097 ], [ 683747.550340000074357, 8227477.341110001318157 ], [ 683747.61038000008557, 8227477.341110001318157 ], [ 683747.61038000008557, 8227477.371130000799894 ], [ 683747.640400000032969, 8227477.371130000799894 ], [ 683747.640400000032969, 8227477.401150001212955 ], [ 683747.670420000096783, 8227477.401150001212955 ], [ 683747.670420000096783, 8227477.431170000694692 ], [ 683747.700440000044182, 8227477.431170000694692 ], [ 683747.700440000044182, 8227477.461190001107752 ], [ 683747.760480000055395, 8227477.461190001107752 ], [ 683747.760480000055395, 8227477.49121000058949 ], [ 683747.7905, 8227477.49121000058949 ], [ 683747.7905, 8227477.52123000100255 ], [ 683747.820520000066608, 8227477.52123000100255 ], [ 683747.820520000066608, 8227477.55125000141561 ], [ 683747.880560000077821, 8227477.55125000141561 ], [ 683747.880560000077821, 8227477.581270000897348 ], [ 683747.91058000002522, 8227477.581270000897348 ], [ 683747.91058000002522, 8227477.611290001310408 ], [ 683747.940600000089034, 8227477.611290001310408 ], [ 683747.940600000089034, 8227477.641310000792146 ], [ 683747.970620000036433, 8227477.641310000792146 ], [ 683747.970620000036433, 8227477.671330001205206 ], [ 683748.030660000047646, 8227477.671330001205206 ], [ 683748.030660000047646, 8227477.701350000686944 ], [ 683748.060680000111461, 8227477.701350000686944 ], [ 683748.060680000111461, 8227477.731370001100004 ], [ 683748.09070000005886, 8227477.731370001100004 ], [ 683748.09070000005886, 8227477.761390000581741 ], [ 683748.12072, 8227477.761390000581741 ], [ 683748.12072, 8227477.791410000994802 ], [ 683748.180760000017472, 8227477.791410000994802 ], [ 683748.180760000017472, 8227477.821430001407862 ], [ 683748.210780000081286, 8227477.821430001407862 ], [ 683748.210780000081286, 8227477.851450000889599 ], [ 683748.240800000028685, 8227477.851450000889599 ], [ 683748.240800000028685, 8227477.88147000130266 ], [ 683748.300840000039898, 8227477.88147000130266 ], [ 683748.300840000039898, 8227477.911490000784397 ], [ 683748.330860000103712, 8227477.911490000784397 ], [ 683748.330860000103712, 8227477.941510001197457 ], [ 683748.360880000051111, 8227477.941510001197457 ], [ 683748.360880000051111, 8227477.971530000679195 ], [ 683748.390900000114925, 8227477.971530000679195 ], [ 683748.390900000114925, 8227478.001550001092255 ], [ 683748.45094, 8227478.001550001092255 ], [ 683748.45094, 8227478.031570000573993 ], [ 683748.480960000073537, 8227478.031570000573993 ], [ 683748.480960000073537, 8227478.061590000987053 ], [ 683748.510980000020936, 8227478.061590000987053 ], [ 683748.510980000020936, 8227478.091610001400113 ], [ 683748.54100000008475, 8227478.091610001400113 ], [ 683748.54100000008475, 8227478.121630000881851 ], [ 683748.601040000095963, 8227478.121630000881851 ], [ 683748.601040000095963, 8227478.151650001294911 ], [ 683748.631060000043362, 8227478.151650001294911 ], [ 683748.631060000043362, 8227478.181670000776649 ], [ 683748.661080000107177, 8227478.181670000776649 ], [ 683748.661080000107177, 8227478.211690001189709 ], [ 683748.72112, 8227478.211690001189709 ], [ 683748.72112, 8227478.241710000671446 ], [ 683748.751140000065789, 8227478.241710000671446 ], [ 683748.751140000065789, 8227478.271730001084507 ], [ 683748.781160000013188, 8227478.271730001084507 ], [ 683748.781160000013188, 8227478.301750000566244 ], [ 683748.811180000077002, 8227478.301750000566244 ], [ 683748.811180000077002, 8227478.331770000979304 ], [ 683748.871220000088215, 8227478.331770000979304 ], [ 683748.871220000088215, 8227478.361790001392365 ], [ 683748.901240000035614, 8227478.361790001392365 ], [ 683748.901240000035614, 8227478.391810000874102 ], [ 683748.931260000099428, 8227478.391810000874102 ], [ 683748.931260000099428, 8227478.421830001287162 ], [ 683748.961280000046827, 8227478.421830001287162 ], [ 683748.961280000046827, 8227478.4518500007689 ], [ 683749.02132000005804, 8227478.4518500007689 ], [ 683749.02132000005804, 8227478.48187000118196 ], [ 683749.05134, 8227478.48187000118196 ], [ 683749.05134, 8227478.511890000663698 ], [ 683749.081360000069253, 8227478.511890000663698 ], [ 683749.081360000069253, 8227478.541910001076758 ], [ 683749.141400000080466, 8227478.541910001076758 ], [ 683749.141400000080466, 8227478.571930000558496 ], [ 683749.171420000027865, 8227478.571930000558496 ], [ 683749.171420000027865, 8227478.601950000971556 ], [ 683749.201440000091679, 8227478.601950000971556 ], [ 683749.201440000091679, 8227478.631970001384616 ], [ 683749.231460000039078, 8227478.631970001384616 ], [ 683749.231460000039078, 8227478.661990000866354 ], [ 683749.291500000050291, 8227478.661990000866354 ], [ 683749.291500000050291, 8227478.692010001279414 ], [ 683749.321520000114106, 8227478.692010001279414 ], [ 683749.321520000114106, 8227478.722030000761151 ], [ 683749.351540000061505, 8227478.722030000761151 ], [ 683749.351540000061505, 8227478.752050001174212 ], [ 683749.38156, 8227478.752050001174212 ], [ 683749.38156, 8227478.782070000655949 ], [ 683749.441600000020117, 8227478.782070000655949 ], [ 683749.441600000020117, 8227478.812090001069009 ], [ 683749.471620000083931, 8227478.812090001069009 ], [ 683749.471620000083931, 8227478.842110000550747 ], [ 683749.50164000003133, 8227478.842110000550747 ], [ 683749.50164000003133, 8227478.872130000963807 ], [ 683749.561680000042543, 8227478.872130000963807 ], [ 683749.561680000042543, 8227478.902150001376867 ], [ 683749.591700000106357, 8227478.902150001376867 ], [ 683749.591700000106357, 8227478.932170000858605 ], [ 683749.621720000053756, 8227478.932170000858605 ], [ 683749.621720000053756, 8227478.962190001271665 ], [ 683749.65174, 8227478.962190001271665 ], [ 683749.65174, 8227478.992210000753403 ], [ 683749.711780000012368, 8227478.992210000753403 ], [ 683749.711780000012368, 8227479.022230001166463 ], [ 683749.741800000076182, 8227479.022230001166463 ], [ 683749.741800000076182, 8227479.052250000648201 ], [ 683749.771820000023581, 8227479.052250000648201 ], [ 683749.771820000023581, 8227479.082270001061261 ], [ 683749.831860000034794, 8227479.082270001061261 ], [ 683749.831860000034794, 8227479.112290001474321 ], [ 683749.861880000098608, 8227479.112290001474321 ], [ 683749.861880000098608, 8227479.142310000956059 ], [ 683749.891900000046007, 8227479.142310000956059 ], [ 683749.891900000046007, 8227479.172330001369119 ], [ 683749.921920000109822, 8227479.172330001369119 ], [ 683749.921920000109822, 8227479.202350000850856 ], [ 683749.98196, 8227479.202350000850856 ], [ 683749.98196, 8227479.232370001263916 ], [ 683750.011980000068434, 8227479.232370001263916 ], [ 683750.011980000068434, 8227479.262390000745654 ], [ 683750.042000000015832, 8227479.262390000745654 ], [ 683750.042000000015832, 8227479.292410001158714 ], [ 683750.072020000079647, 8227479.292410001158714 ], [ 683750.072020000079647, 8227479.322430000640452 ], [ 683750.13206000009086, 8227479.322430000640452 ], [ 683750.13206000009086, 8227479.352450001053512 ], [ 683750.162080000038259, 8227479.352450001053512 ], [ 683750.162080000038259, 8227479.382470001466572 ], [ 683750.192100000102073, 8227479.382470001466572 ], [ 683750.192100000102073, 8227479.41249000094831 ], [ 683750.252140000113286, 8227479.41249000094831 ], [ 683750.252140000113286, 8227479.44251000136137 ], [ 683750.282160000060685, 8227479.44251000136137 ], [ 683750.282160000060685, 8227479.472530000843108 ], [ 683750.31218, 8227479.472530000843108 ], [ 683750.31218, 8227479.502550001256168 ], [ 683750.342200000071898, 8227479.502550001256168 ], [ 683750.342200000071898, 8227479.532570000737906 ], [ 683750.402240000083111, 8227479.532570000737906 ], [ 683750.402240000083111, 8227479.562590001150966 ], [ 683750.43226000003051, 8227479.562590001150966 ], [ 683750.43226000003051, 8227479.592610000632703 ], [ 683750.462280000094324, 8227479.592610000632703 ], [ 683750.462280000094324, 8227479.622630001045763 ], [ 683750.492300000041723, 8227479.622630001045763 ], [ 683750.492300000041723, 8227479.652650001458824 ], [ 683750.552340000052936, 8227479.652650001458824 ], [ 683750.552340000052936, 8227479.682670000940561 ], [ 683750.58236, 8227479.682670000940561 ], [ 683750.58236, 8227479.712690001353621 ], [ 683750.612380000064149, 8227479.712690001353621 ], [ 683750.612380000064149, 8227479.742710000835359 ], [ 683750.672420000075363, 8227479.742710000835359 ], [ 683750.672420000075363, 8227479.772730001248419 ], [ 683750.702440000022762, 8227479.772730001248419 ], [ 683750.702440000022762, 8227479.802750000730157 ], [ 683750.732460000086576, 8227479.802750000730157 ], [ 683750.732460000086576, 8227479.832770001143217 ], [ 683750.762480000033975, 8227479.832770001143217 ], [ 683750.762480000033975, 8227479.862790000624955 ], [ 683750.822520000045188, 8227479.862790000624955 ], [ 683750.822520000045188, 8227479.892810001038015 ], [ 683750.852540000109002, 8227479.892810001038015 ], [ 683750.852540000109002, 8227479.922830001451075 ], [ 683750.882560000056401, 8227479.922830001451075 ], [ 683750.882560000056401, 8227479.952850000932813 ], [ 683750.91258, 8227479.952850000932813 ], [ 683750.91258, 8227479.982870001345873 ], [ 683750.972620000015013, 8227479.982870001345873 ], [ 683750.972620000015013, 8227480.01289000082761 ], [ 683751.002640000078827, 8227480.01289000082761 ], [ 683751.002640000078827, 8227480.042910001240671 ], [ 683751.032660000026226, 8227480.042910001240671 ], [ 683751.032660000026226, 8227480.072930000722408 ], [ 683751.092700000037439, 8227480.072930000722408 ], [ 683751.092700000037439, 8227480.102950001135468 ], [ 683751.122720000101253, 8227480.102950001135468 ], [ 683751.122720000101253, 8227480.132970000617206 ], [ 683751.152740000048652, 8227480.132970000617206 ], [ 683751.152740000048652, 8227480.162990001030266 ], [ 683751.182760000112467, 8227480.162990001030266 ], [ 683751.182760000112467, 8227480.193010001443326 ], [ 683751.2428, 8227480.193010001443326 ], [ 683751.2428, 8227480.223030000925064 ], [ 683751.272820000071079, 8227480.223030000925064 ], [ 683751.272820000071079, 8227480.253050001338124 ], [ 683751.302840000018477, 8227480.253050001338124 ], [ 683751.302840000018477, 8227480.283070000819862 ], [ 683751.332860000082292, 8227480.283070000819862 ], [ 683751.332860000082292, 8227480.313090001232922 ], [ 683751.392900000093505, 8227480.313090001232922 ], [ 683751.392900000093505, 8227480.34311000071466 ], [ 683751.422920000040904, 8227480.34311000071466 ], [ 683751.422920000040904, 8227480.37313000112772 ], [ 683751.452940000104718, 8227480.37313000112772 ], [ 683751.452940000104718, 8227480.403150000609457 ], [ 683751.51298, 8227480.403150000609457 ], [ 683751.51298, 8227480.433170001022518 ], [ 683751.54300000006333, 8227480.433170001022518 ], [ 683751.54300000006333, 8227480.463190001435578 ], [ 683751.573020000010729, 8227480.463190001435578 ], [ 683751.573020000010729, 8227480.493210000917315 ], [ 683751.603040000074543, 8227480.493210000917315 ], [ 683751.603040000074543, 8227480.523230001330376 ], [ 683751.663080000085756, 8227480.523230001330376 ], [ 683751.663080000085756, 8227480.553250000812113 ], [ 683751.693100000033155, 8227480.553250000812113 ], [ 683751.693100000033155, 8227480.583270001225173 ], [ 683751.723120000096969, 8227480.583270001225173 ], [ 683751.723120000096969, 8227480.613290000706911 ], [ 683751.753140000044368, 8227480.613290000706911 ], [ 683751.753140000044368, 8227480.643310001119971 ], [ 683751.813180000055581, 8227480.643310001119971 ], [ 683751.813180000055581, 8227480.673330000601709 ], [ 683751.8432, 8227480.673330000601709 ], [ 683751.8432, 8227480.703350001014769 ], [ 683751.873220000066794, 8227480.703350001014769 ], [ 683751.873220000066794, 8227480.733370001427829 ], [ 683751.933260000078008, 8227480.733370001427829 ], [ 683751.933260000078008, 8227480.763390000909567 ], [ 683751.963280000025406, 8227480.763390000909567 ], [ 683751.963280000025406, 8227480.793410001322627 ], [ 683751.993300000089221, 8227480.793410001322627 ], [ 683751.993300000089221, 8227480.823430000804365 ], [ 683752.02332000003662, 8227480.823430000804365 ], [ 683752.02332000003662, 8227480.853450001217425 ], [ 683752.083360000047833, 8227480.853450001217425 ], [ 683752.083360000047833, 8227480.883470000699162 ], [ 683752.113380000111647, 8227480.883470000699162 ], [ 683752.113380000111647, 8227480.913490001112223 ], [ 683752.143400000059046, 8227480.913490001112223 ], [ 683752.143400000059046, 8227480.94351000059396 ], [ 683752.17342, 8227480.94351000059396 ], [ 683752.17342, 8227480.97353000100702 ], [ 683752.233460000017658, 8227480.97353000100702 ], [ 683752.233460000017658, 8227481.003550001420081 ], [ 683752.263480000081472, 8227481.003550001420081 ], [ 683752.263480000081472, 8227481.033570000901818 ], [ 683752.293500000028871, 8227481.033570000901818 ], [ 683752.293500000028871, 8227481.063590001314878 ], [ 683752.353540000040084, 8227481.063590001314878 ], [ 683752.353540000040084, 8227481.093610000796616 ], [ 683752.383560000103898, 8227481.093610000796616 ], [ 683752.383560000103898, 8227481.123630001209676 ], [ 683752.413580000051297, 8227481.123630001209676 ], [ 683752.413580000051297, 8227481.153650000691414 ], [ 683752.443600000115111, 8227481.153650000691414 ], [ 683752.443600000115111, 8227481.183670001104474 ], [ 683752.50364, 8227481.183670001104474 ], [ 683752.50364, 8227481.213690000586212 ], [ 683752.533660000073723, 8227481.213690000586212 ], [ 683752.533660000073723, 8227481.243710000999272 ], [ 683752.563680000021122, 8227481.243710000999272 ], [ 683752.563680000021122, 8227481.273730001412332 ], [ 683752.593700000084937, 8227481.273730001412332 ], [ 683752.593700000084937, 8227481.30375000089407 ], [ 683752.65374000009615, 8227481.30375000089407 ], [ 683752.65374000009615, 8227481.33377000130713 ], [ 683752.683760000043549, 8227481.33377000130713 ], [ 683752.683760000043549, 8227481.363790000788867 ], [ 683752.713780000107363, 8227481.363790000788867 ], [ 683752.713780000107363, 8227481.393810001201928 ], [ 683752.77382, 8227481.393810001201928 ], [ 683752.77382, 8227481.423830000683665 ], [ 683752.803840000065975, 8227481.423830000683665 ], [ 683752.803840000065975, 8227481.453850001096725 ], [ 683752.833860000013374, 8227481.453850001096725 ], [ 683752.833860000013374, 8227481.483870000578463 ], [ 683752.863880000077188, 8227481.483870000578463 ], [ 683752.863880000077188, 8227481.513890000991523 ], [ 683752.923920000088401, 8227481.513890000991523 ], [ 683752.923920000088401, 8227481.543910001404583 ], [ 683752.9539400000358, 8227481.543910001404583 ], [ 683752.9539400000358, 8227481.573930000886321 ], [ 683752.983960000099614, 8227481.573930000886321 ], [ 683752.983960000099614, 8227481.603950001299381 ], [ 683753.013980000047013, 8227481.603950001299381 ], [ 683753.013980000047013, 8227481.633970000781119 ], [ 683753.074020000058226, 8227481.633970000781119 ], [ 683753.074020000058226, 8227481.663990001194179 ], [ 683753.10404, 8227481.663990001194179 ], [ 683753.10404, 8227481.694010000675917 ], [ 683753.134060000069439, 8227481.694010000675917 ], [ 683753.134060000069439, 8227481.724030001088977 ], [ 683753.194100000080653, 8227481.724030001088977 ], [ 683753.194100000080653, 8227481.754050000570714 ], [ 683753.224120000028051, 8227481.754050000570714 ], [ 683753.224120000028051, 8227481.784070000983775 ], [ 683753.254140000091866, 8227481.784070000983775 ], [ 683753.254140000091866, 8227481.814090001396835 ], [ 683753.284160000039265, 8227481.814090001396835 ], [ 683753.284160000039265, 8227481.844110000878572 ], [ 683753.344200000050478, 8227481.844110000878572 ], [ 683753.344200000050478, 8227481.874130001291633 ], [ 683753.374220000114292, 8227481.874130001291633 ], [ 683753.374220000114292, 8227481.90415000077337 ], [ 683753.404240000061691, 8227481.90415000077337 ], [ 683753.404240000061691, 8227481.93417000118643 ], [ 683753.43426, 8227481.93417000118643 ], [ 683753.43426, 8227481.964190000668168 ], [ 683753.494300000020303, 8227481.964190000668168 ], [ 683753.494300000020303, 8227481.994210001081228 ], [ 683753.524320000084117, 8227481.994210001081228 ], [ 683753.524320000084117, 8227482.024230000562966 ], [ 683753.554340000031516, 8227482.024230000562966 ], [ 683753.554340000031516, 8227482.054250000976026 ], [ 683753.614380000042729, 8227482.054250000976026 ], [ 683753.614380000042729, 8227482.084270001389086 ], [ 683753.644400000106543, 8227482.084270001389086 ], [ 683753.644400000106543, 8227482.114290000870824 ], [ 683753.674420000053942, 8227482.114290000870824 ], [ 683753.674420000053942, 8227482.144310001283884 ], [ 683753.70444, 8227482.144310001283884 ], [ 683753.70444, 8227482.174330000765622 ], [ 683753.764480000012554, 8227482.174330000765622 ], [ 683753.764480000012554, 8227482.204350001178682 ], [ 683753.794500000076368, 8227482.204350001178682 ], [ 683753.794500000076368, 8227482.234370000660419 ], [ 683753.824520000023767, 8227482.234370000660419 ], [ 683753.824520000023767, 8227482.26439000107348 ], [ 683753.854540000087582, 8227482.26439000107348 ], [ 683753.854540000087582, 8227482.294410000555217 ], [ 683753.914580000098795, 8227482.294410000555217 ], [ 683753.914580000098795, 8227482.324430000968277 ], [ 683753.944600000046194, 8227482.324430000968277 ], [ 683753.944600000046194, 8227482.354450001381338 ], [ 683753.974620000110008, 8227482.354450001381338 ], [ 683753.974620000110008, 8227482.384470000863075 ], [ 683754.03466, 8227482.384470000863075 ], [ 683754.03466, 8227482.414490001276135 ], [ 683754.06468000006862, 8227482.414490001276135 ], [ 683754.06468000006862, 8227482.444510000757873 ], [ 683754.094700000016019, 8227482.444510000757873 ], [ 683754.094700000016019, 8227482.474530001170933 ], [ 683754.124720000079833, 8227482.474530001170933 ], [ 683754.124720000079833, 8227482.504550000652671 ], [ 683754.184760000091046, 8227482.504550000652671 ], [ 683754.184760000091046, 8227482.534570001065731 ], [ 683754.214780000038445, 8227482.534570001065731 ], [ 683754.214780000038445, 8227482.564590001478791 ], [ 683754.244800000102259, 8227482.564590001478791 ], [ 683754.244800000102259, 8227482.594610000960529 ], [ 683754.274820000049658, 8227482.594610000960529 ], [ 683754.274820000049658, 8227482.624630001373589 ], [ 683754.334860000060871, 8227482.624630001373589 ], [ 683754.334860000060871, 8227482.654650000855327 ], [ 683754.36488, 8227482.654650000855327 ], [ 683754.36488, 8227482.684670001268387 ], [ 683754.394900000072084, 8227482.684670001268387 ], [ 683754.394900000072084, 8227482.714690000750124 ], [ 683754.454940000083297, 8227482.714690000750124 ], [ 683754.454940000083297, 8227482.744710001163185 ], [ 683754.484960000030696, 8227482.744710001163185 ], [ 683754.484960000030696, 8227482.774730000644922 ], [ 683754.514980000094511, 8227482.774730000644922 ], [ 683754.514980000094511, 8227482.804750001057982 ], [ 683754.54500000004191, 8227482.804750001057982 ], [ 683754.54500000004191, 8227482.834770001471043 ], [ 683754.605040000053123, 8227482.834770001471043 ], [ 683754.605040000053123, 8227482.86479000095278 ], [ 683754.63506, 8227482.86479000095278 ], [ 683754.63506, 8227482.89481000136584 ], [ 683754.665080000064336, 8227482.89481000136584 ], [ 683754.665080000064336, 8227482.924830000847578 ], [ 683754.695100000011735, 8227482.924830000847578 ], [ 683754.695100000011735, 8227482.954850001260638 ], [ 683754.755140000022948, 8227482.954850001260638 ], [ 683754.755140000022948, 8227482.984870000742376 ], [ 683754.785160000086762, 8227482.984870000742376 ], [ 683754.785160000086762, 8227483.014890001155436 ], [ 683754.815180000034161, 8227483.014890001155436 ], [ 683754.815180000034161, 8227483.044910000637174 ], [ 683754.875220000045374, 8227483.044910000637174 ], [ 683754.875220000045374, 8227483.074930001050234 ], [ 683754.905240000109188, 8227483.074930001050234 ], [ 683754.905240000109188, 8227483.104950001463294 ], [ 683754.935260000056587, 8227483.104950001463294 ], [ 683754.935260000056587, 8227483.134970000945032 ], [ 683754.96528, 8227483.134970000945032 ], [ 683754.96528, 8227483.164990001358092 ], [ 683755.025320000015199, 8227483.164990001358092 ], [ 683755.025320000015199, 8227483.195010000839829 ], [ 683755.055340000079013, 8227483.195010000839829 ], [ 683755.055340000079013, 8227483.22503000125289 ], [ 683755.085360000026412, 8227483.22503000125289 ], [ 683755.085360000026412, 8227483.255050000734627 ], [ 683755.145400000037625, 8227483.255050000734627 ], [ 683755.145400000037625, 8227483.285070001147687 ], [ 683755.17542000010144, 8227483.285070001147687 ], [ 683755.17542000010144, 8227483.315090000629425 ], [ 683755.205440000048839, 8227483.315090000629425 ], [ 683755.205440000048839, 8227483.345110001042485 ], [ 683755.235460000112653, 8227483.345110001042485 ], [ 683755.235460000112653, 8227483.375130001455545 ], [ 683755.2955, 8227483.375130001455545 ], [ 683755.2955, 8227483.405150000937283 ], [ 683755.325520000071265, 8227483.405150000937283 ], [ 683755.325520000071265, 8227483.435170001350343 ], [ 683755.355540000018664, 8227483.435170001350343 ], [ 683755.355540000018664, 8227483.465190000832081 ], [ 683755.385560000082478, 8227483.465190000832081 ], [ 683755.385560000082478, 8227483.495210001245141 ], [ 683755.445600000093691, 8227483.495210001245141 ], [ 683755.445600000093691, 8227483.525230000726879 ], [ 683755.47562000004109, 8227483.525230000726879 ], [ 683755.47562000004109, 8227483.555250001139939 ], [ 683755.505640000104904, 8227483.555250001139939 ], [ 683755.505640000104904, 8227483.585270000621676 ], [ 683755.56568, 8227483.585270000621676 ], [ 683755.56568, 8227483.615290001034737 ], [ 683755.595700000063516, 8227483.615290001034737 ], [ 683755.595700000063516, 8227483.645310001447797 ], [ 683755.625720000010915, 8227483.645310001447797 ], [ 683755.625720000010915, 8227483.675330000929534 ], [ 683755.655740000074729, 8227483.675330000929534 ], [ 683755.655740000074729, 8227483.705350001342595 ], [ 683755.715780000085942, 8227483.705350001342595 ], [ 683755.715780000085942, 8227483.735370000824332 ], [ 683755.745800000033341, 8227483.735370000824332 ], [ 683755.745800000033341, 8227483.765390001237392 ], [ 683755.775820000097156, 8227483.765390001237392 ], [ 683755.775820000097156, 8227483.79541000071913 ], [ 683755.805840000044554, 8227483.79541000071913 ], [ 683755.805840000044554, 8227483.82543000113219 ], [ 683755.865880000055768, 8227483.82543000113219 ], [ 683755.865880000055768, 8227483.855450000613928 ], [ 683755.8959, 8227483.855450000613928 ], [ 683755.8959, 8227483.885470001026988 ], [ 683755.925920000066981, 8227483.885470001026988 ], [ 683755.925920000066981, 8227483.915490001440048 ], [ 683755.985960000078194, 8227483.915490001440048 ], [ 683755.985960000078194, 8227483.945510000921786 ], [ 683756.015980000025593, 8227483.945510000921786 ], [ 683756.015980000025593, 8227483.975530001334846 ], [ 683756.046000000089407, 8227483.975530001334846 ], [ 683756.046000000089407, 8227484.005550000816584 ], [ 683756.076020000036806, 8227484.005550000816584 ], [ 683756.076020000036806, 8227484.035570001229644 ], [ 683756.136060000048019, 8227484.035570001229644 ], [ 683756.136060000048019, 8227484.065590000711381 ], [ 683756.166080000111833, 8227484.065590000711381 ], [ 683756.166080000111833, 8227484.095610001124442 ], [ 683756.196100000059232, 8227484.095610001124442 ], [ 683756.196100000059232, 8227484.125630000606179 ], [ 683756.22612, 8227484.125630000606179 ], [ 683756.22612, 8227484.155650001019239 ], [ 683756.286160000017844, 8227484.155650001019239 ], [ 683756.286160000017844, 8227484.1856700014323 ], [ 683756.316180000081658, 8227484.1856700014323 ], [ 683756.316180000081658, 8227484.215690000914037 ], [ 683756.346200000029057, 8227484.215690000914037 ], [ 683756.346200000029057, 8227484.245710001327097 ], [ 683756.40624000004027, 8227484.245710001327097 ], [ 683756.40624000004027, 8227484.275730000808835 ], [ 683756.436260000104085, 8227484.275730000808835 ], [ 683756.436260000104085, 8227484.305750001221895 ], [ 683756.466280000051484, 8227484.305750001221895 ], [ 683756.466280000051484, 8227484.335770000703633 ], [ 683756.496300000115298, 8227484.335770000703633 ], [ 683756.496300000115298, 8227484.365790001116693 ], [ 683756.556340000010096, 8227484.365790001116693 ], [ 683756.556340000010096, 8227484.395810000598431 ], [ 683756.58636000007391, 8227484.395810000598431 ], [ 683756.58636000007391, 8227484.425830001011491 ], [ 683756.616380000021309, 8227484.425830001011491 ], [ 683756.616380000021309, 8227484.455850001424551 ], [ 683756.646400000085123, 8227484.455850001424551 ], [ 683756.646400000085123, 8227484.485870000906289 ], [ 683756.706440000096336, 8227484.485870000906289 ], [ 683756.706440000096336, 8227484.515890001319349 ], [ 683756.736460000043735, 8227484.515890001319349 ], [ 683756.736460000043735, 8227484.545910000801086 ], [ 683756.766480000107549, 8227484.545910000801086 ], [ 683756.766480000107549, 8227484.575930001214147 ], [ 683756.82652, 8227484.575930001214147 ], [ 683756.82652, 8227484.605950000695884 ], [ 683756.856540000066161, 8227484.605950000695884 ], [ 683756.856540000066161, 8227484.635970001108944 ], [ 683756.88656000001356, 8227484.635970001108944 ], [ 683756.88656000001356, 8227484.665990000590682 ], [ 683756.916580000077374, 8227484.665990000590682 ], [ 683756.916580000077374, 8227484.696010001003742 ], [ 683756.976620000088587, 8227484.696010001003742 ], [ 683756.976620000088587, 8227484.726030001416802 ], [ 683757.006640000035986, 8227484.726030001416802 ], [ 683757.006640000035986, 8227484.75605000089854 ], [ 683757.036660000099801, 8227484.75605000089854 ], [ 683757.036660000099801, 8227484.7860700013116 ], [ 683757.066680000047199, 8227484.7860700013116 ], [ 683757.066680000047199, 8227484.816090000793338 ], [ 683757.126720000058413, 8227484.816090000793338 ], [ 683757.126720000058413, 8227484.846110001206398 ], [ 683757.15674, 8227484.846110001206398 ], [ 683757.15674, 8227484.876130000688136 ], [ 683757.186760000069626, 8227484.876130000688136 ], [ 683757.186760000069626, 8227484.906150001101196 ], [ 683757.246800000080839, 8227484.906150001101196 ], [ 683757.246800000080839, 8227484.936170000582933 ], [ 683757.276820000028238, 8227484.936170000582933 ], [ 683757.276820000028238, 8227484.966190000995994 ], [ 683757.306840000092052, 8227484.966190000995994 ], [ 683757.306840000092052, 8227484.996210001409054 ], [ 683757.336860000039451, 8227484.996210001409054 ], [ 683757.336860000039451, 8227485.026230000890791 ], [ 683757.396900000050664, 8227485.026230000890791 ], [ 683757.396900000050664, 8227485.056250001303852 ], [ 683757.426920000114478, 8227485.056250001303852 ], [ 683757.426920000114478, 8227485.086270000785589 ], [ 683757.456940000061877, 8227485.086270000785589 ], [ 683757.456940000061877, 8227485.116290001198649 ], [ 683757.48696, 8227485.116290001198649 ], [ 683757.48696, 8227485.146310000680387 ], [ 683757.547000000020489, 8227485.146310000680387 ], [ 683757.547000000020489, 8227485.176330001093447 ], [ 683757.577020000084303, 8227485.176330001093447 ], [ 683757.577020000084303, 8227485.206350000575185 ], [ 683757.607040000031702, 8227485.206350000575185 ], [ 683757.607040000031702, 8227485.236370000988245 ], [ 683757.667080000042915, 8227485.236370000988245 ], [ 683757.667080000042915, 8227485.266390001401305 ], [ 683757.69710000010673, 8227485.266390001401305 ], [ 683757.69710000010673, 8227485.296410000883043 ], [ 683757.727120000054128, 8227485.296410000883043 ], [ 683757.727120000054128, 8227485.326430001296103 ], [ 683757.75714, 8227485.326430001296103 ], [ 683757.75714, 8227485.356450000777841 ], [ 683757.81718000001274, 8227485.356450000777841 ], [ 683757.81718000001274, 8227485.386470001190901 ], [ 683757.847200000076555, 8227485.386470001190901 ], [ 683757.847200000076555, 8227485.416490000672638 ], [ 683757.877220000023954, 8227485.416490000672638 ], [ 683757.877220000023954, 8227485.446510001085699 ], [ 683757.907240000087768, 8227485.446510001085699 ], [ 683757.907240000087768, 8227485.476530000567436 ], [ 683757.967280000098981, 8227485.476530000567436 ], [ 683757.967280000098981, 8227485.506550000980496 ], [ 683757.99730000004638, 8227485.506550000980496 ], [ 683757.99730000004638, 8227485.536570001393557 ], [ 683758.027320000110194, 8227485.536570001393557 ], [ 683758.027320000110194, 8227485.566590000875294 ], [ 683758.08736, 8227485.566590000875294 ], [ 683758.08736, 8227485.596610001288354 ], [ 683758.117380000068806, 8227485.596610001288354 ], [ 683758.117380000068806, 8227485.626630000770092 ], [ 683758.147400000016205, 8227485.626630000770092 ], [ 683758.147400000016205, 8227485.656650001183152 ], [ 683758.177420000080019, 8227485.656650001183152 ], [ 683758.177420000080019, 8227485.68667000066489 ], [ 683758.237460000091232, 8227485.68667000066489 ], [ 683758.237460000091232, 8227485.71669000107795 ], [ 683758.267480000038631, 8227485.71669000107795 ], [ 683758.267480000038631, 8227485.746710000559688 ], [ 683758.297500000102445, 8227485.746710000559688 ], [ 683758.297500000102445, 8227485.776730000972748 ], [ 683758.327520000049844, 8227485.776730000972748 ], [ 683758.327520000049844, 8227485.806750001385808 ], [ 683758.387560000061058, 8227485.806750001385808 ], [ 683758.387560000061058, 8227485.836770000867546 ], [ 683758.41758, 8227485.836770000867546 ], [ 683758.41758, 8227485.866790001280606 ], [ 683758.447600000072271, 8227485.866790001280606 ], [ 683758.447600000072271, 8227485.896810000762343 ], [ 683758.507640000083484, 8227485.896810000762343 ], [ 683758.507640000083484, 8227485.926830001175404 ], [ 683758.537660000030883, 8227485.926830001175404 ], [ 683758.537660000030883, 8227485.956850000657141 ], [ 683758.567680000094697, 8227485.956850000657141 ], [ 683758.567680000094697, 8227485.986870001070201 ], [ 683758.597700000042096, 8227485.986870001070201 ], [ 683758.597700000042096, 8227486.016890000551939 ], [ 683758.657740000053309, 8227486.016890000551939 ], [ 683758.657740000053309, 8227486.046910000964999 ], [ 683758.68776, 8227486.046910000964999 ], [ 683758.68776, 8227486.076930001378059 ], [ 683758.717780000064522, 8227486.076930001378059 ], [ 683758.717780000064522, 8227486.106950000859797 ], [ 683758.747800000011921, 8227486.106950000859797 ], [ 683758.747800000011921, 8227486.136970001272857 ], [ 683758.807840000023134, 8227486.136970001272857 ], [ 683758.807840000023134, 8227486.166990000754595 ], [ 683758.837860000086948, 8227486.166990000754595 ], [ 683758.837860000086948, 8227486.197010001167655 ], [ 683758.867880000034347, 8227486.197010001167655 ], [ 683758.867880000034347, 8227486.227030000649393 ], [ 683758.92792000004556, 8227486.227030000649393 ], [ 683758.92792000004556, 8227486.257050001062453 ], [ 683758.957940000109375, 8227486.257050001062453 ], [ 683758.957940000109375, 8227486.287070001475513 ], [ 683758.987960000056773, 8227486.287070001475513 ], [ 683758.987960000056773, 8227486.317090000957251 ], [ 683759.01798, 8227486.317090000957251 ], [ 683759.01798, 8227486.347110001370311 ], [ 683759.078020000015385, 8227486.347110001370311 ], [ 683759.078020000015385, 8227486.377130000852048 ], [ 683759.1080400000792, 8227486.377130000852048 ], [ 683759.1080400000792, 8227486.407150001265109 ], [ 683759.138060000026599, 8227486.407150001265109 ], [ 683759.138060000026599, 8227486.437170000746846 ], [ 683759.168080000090413, 8227486.437170000746846 ], [ 683759.168080000090413, 8227486.467190001159906 ], [ 683759.228120000101626, 8227486.467190001159906 ], [ 683759.228120000101626, 8227486.497210000641644 ], [ 683759.258140000049025, 8227486.497210000641644 ], [ 683759.258140000049025, 8227486.527230001054704 ], [ 683759.288160000112839, 8227486.527230001054704 ], [ 683759.288160000112839, 8227486.557250001467764 ], [ 683759.3482, 8227486.557250001467764 ], [ 683759.3482, 8227486.587270000949502 ], [ 683759.378220000071451, 8227486.587270000949502 ], [ 683759.378220000071451, 8227486.617290001362562 ], [ 683759.40824000001885, 8227486.617290001362562 ], [ 683759.40824000001885, 8227486.6473100008443 ], [ 683759.438260000082664, 8227486.6473100008443 ], [ 683759.438260000082664, 8227486.67733000125736 ], [ 683759.498300000093877, 8227486.67733000125736 ], [ 683759.498300000093877, 8227486.707350000739098 ], [ 683759.528320000041276, 8227486.707350000739098 ], [ 683759.528320000041276, 8227486.737370001152158 ], [ 683759.55834000010509, 8227486.737370001152158 ], [ 683759.55834000010509, 8227486.767390000633895 ], [ 683759.588360000052489, 8227486.767390000633895 ], [ 683759.588360000052489, 8227486.797410001046956 ], [ 683759.648400000063702, 8227486.797410001046956 ], [ 683759.648400000063702, 8227486.827430001460016 ], [ 683759.678420000011101, 8227486.827430001460016 ], [ 683759.678420000011101, 8227486.857450000941753 ], [ 683759.708440000074916, 8227486.857450000941753 ], [ 683759.708440000074916, 8227486.887470001354814 ], [ 683759.768480000086129, 8227486.887470001354814 ], [ 683759.768480000086129, 8227486.917490000836551 ], [ 683759.798500000033528, 8227486.917490000836551 ], [ 683759.798500000033528, 8227486.947510001249611 ], [ 683759.828520000097342, 8227486.947510001249611 ], [ 683759.828520000097342, 8227486.977530000731349 ], [ 683759.858540000044741, 8227486.977530000731349 ], [ 683759.858540000044741, 8227487.007550001144409 ], [ 683759.918580000055954, 8227487.007550001144409 ], [ 683759.918580000055954, 8227487.037570000626147 ], [ 683759.9486, 8227487.037570000626147 ], [ 683759.9486, 8227487.067590001039207 ], [ 683759.978620000067167, 8227487.067590001039207 ], [ 683759.978620000067167, 8227487.097610001452267 ], [ 683760.008640000014566, 8227487.097610001452267 ], [ 683760.008640000014566, 8227487.127630000934005 ], [ 683760.068680000025779, 8227487.127630000934005 ], [ 683760.068680000025779, 8227487.157650001347065 ], [ 683760.098700000089593, 8227487.157650001347065 ], [ 683760.098700000089593, 8227487.187670000828803 ], [ 683760.128720000036992, 8227487.187670000828803 ], [ 683760.128720000036992, 8227487.217690001241863 ], [ 683760.188760000048205, 8227487.217690001241863 ], [ 683760.188760000048205, 8227487.2477100007236 ], [ 683760.218780000112019, 8227487.2477100007236 ], [ 683760.218780000112019, 8227487.277730001136661 ], [ 683760.248800000059418, 8227487.277730001136661 ], [ 683760.248800000059418, 8227487.307750000618398 ], [ 683760.27882, 8227487.307750000618398 ], [ 683760.27882, 8227487.337770001031458 ], [ 683760.33886000001803, 8227487.337770001031458 ], [ 683760.33886000001803, 8227487.367790001444519 ], [ 683760.368880000081845, 8227487.367790001444519 ], [ 683760.368880000081845, 8227487.397810000926256 ], [ 683760.398900000029244, 8227487.397810000926256 ], [ 683760.398900000029244, 8227487.427830001339316 ], [ 683760.458940000040457, 8227487.427830001339316 ], [ 683760.458940000040457, 8227487.457850000821054 ], [ 683760.488960000104271, 8227487.457850000821054 ], [ 683760.488960000104271, 8227487.487870001234114 ], [ 683760.51898000005167, 8227487.487870001234114 ], [ 683760.51898000005167, 8227487.517890000715852 ], [ 683760.549, 8227487.517890000715852 ], [ 683760.549, 8227487.547910001128912 ], [ 683760.609040000010282, 8227487.547910001128912 ], [ 683760.609040000010282, 8227487.57793000061065 ], [ 683760.639060000074096, 8227487.57793000061065 ], [ 683760.639060000074096, 8227487.60795000102371 ], [ 683760.669080000021495, 8227487.60795000102371 ], [ 683760.669080000021495, 8227487.63797000143677 ], [ 683760.699100000085309, 8227487.63797000143677 ], [ 683760.699100000085309, 8227487.667990000918508 ], [ 683760.759140000096522, 8227487.667990000918508 ], [ 683760.759140000096522, 8227487.698010001331568 ], [ 683760.789160000043921, 8227487.698010001331568 ], [ 683760.789160000043921, 8227487.728030000813305 ], [ 683760.819180000107735, 8227487.728030000813305 ], [ 683760.819180000107735, 8227487.758050001226366 ], [ 683760.87922, 8227487.758050001226366 ], [ 683760.87922, 8227487.788070000708103 ], [ 683760.909240000066347, 8227487.788070000708103 ], [ 683760.909240000066347, 8227487.818090001121163 ], [ 683760.939260000013746, 8227487.818090001121163 ], [ 683760.939260000013746, 8227487.848110000602901 ], [ 683760.969280000077561, 8227487.848110000602901 ], [ 683760.969280000077561, 8227487.878130001015961 ], [ 683761.029320000088774, 8227487.878130001015961 ], [ 683761.029320000088774, 8227487.908150001429021 ], [ 683761.059340000036173, 8227487.908150001429021 ], [ 683761.059340000036173, 8227487.938170000910759 ], [ 683761.089360000099987, 8227487.938170000910759 ], [ 683761.089360000099987, 8227487.968190001323819 ], [ 683761.119380000047386, 8227487.968190001323819 ], [ 683761.119380000047386, 8227487.998210000805557 ], [ 683761.179420000058599, 8227487.998210000805557 ], [ 683761.179420000058599, 8227488.028230001218617 ], [ 683761.20944, 8227488.028230001218617 ], [ 683761.20944, 8227488.058250000700355 ], [ 683761.239460000069812, 8227488.058250000700355 ], [ 683761.239460000069812, 8227488.088270001113415 ], [ 683761.299500000081025, 8227488.088270001113415 ], [ 683761.299500000081025, 8227488.118290000595152 ], [ 683761.329520000028424, 8227488.118290000595152 ], [ 683761.329520000028424, 8227488.148310001008213 ], [ 683761.359540000092238, 8227488.148310001008213 ], [ 683761.359540000092238, 8227488.178330001421273 ], [ 683761.389560000039637, 8227488.178330001421273 ], [ 683761.389560000039637, 8227488.20835000090301 ], [ 683761.44960000005085, 8227488.20835000090301 ], [ 683761.44960000005085, 8227488.238370001316071 ], [ 683761.479620000114664, 8227488.238370001316071 ], [ 683761.479620000114664, 8227488.268390000797808 ], [ 683761.509640000062063, 8227488.268390000797808 ], [ 683761.509640000062063, 8227488.298410001210868 ], [ 683761.53966, 8227488.298410001210868 ], [ 683761.53966, 8227488.328430000692606 ], [ 683761.599700000020675, 8227488.328430000692606 ], [ 683761.599700000020675, 8227488.358450001105666 ], [ 683761.62972000008449, 8227488.358450001105666 ], [ 683761.62972000008449, 8227488.388470000587404 ], [ 683761.659740000031888, 8227488.388470000587404 ], [ 683761.659740000031888, 8227488.418490001000464 ], [ 683761.719780000043102, 8227488.418490001000464 ], [ 683761.719780000043102, 8227488.448510001413524 ], [ 683761.749800000106916, 8227488.448510001413524 ], [ 683761.749800000106916, 8227488.478530000895262 ], [ 683761.779820000054315, 8227488.478530000895262 ], [ 683761.779820000054315, 8227488.508550001308322 ], [ 683761.80984, 8227488.508550001308322 ], [ 683761.80984, 8227488.53857000079006 ], [ 683761.869880000012927, 8227488.53857000079006 ], [ 683761.869880000012927, 8227488.56859000120312 ], [ 683761.899900000076741, 8227488.56859000120312 ], [ 683761.899900000076741, 8227488.598610000684857 ], [ 683761.92992000002414, 8227488.598610000684857 ], [ 683761.92992000002414, 8227488.628630001097918 ], [ 683761.959940000087954, 8227488.628630001097918 ], [ 683761.959940000087954, 8227488.658650000579655 ], [ 683762.019980000099167, 8227488.658650000579655 ], [ 683762.019980000099167, 8227488.688670000992715 ], [ 683762.050000000046566, 8227488.688670000992715 ], [ 683762.050000000046566, 8227488.718690001405776 ], [ 683762.08002000011038, 8227488.718690001405776 ], [ 683762.08002000011038, 8227488.748710000887513 ], [ 683762.14006, 8227488.748710000887513 ], [ 683762.14006, 8227488.778730001300573 ], [ 683762.170080000068992, 8227488.778730001300573 ], [ 683762.170080000068992, 8227488.808750000782311 ], [ 683762.200100000016391, 8227488.808750000782311 ], [ 683762.200100000016391, 8227488.838770001195371 ], [ 683762.230120000080206, 8227488.838770001195371 ], [ 683762.230120000080206, 8227488.868790000677109 ], [ 683762.290160000091419, 8227488.868790000677109 ], [ 683762.290160000091419, 8227488.898810001090169 ], [ 683762.320180000038818, 8227488.898810001090169 ], [ 683762.320180000038818, 8227488.928830000571907 ], [ 683762.350200000102632, 8227488.928830000571907 ], [ 683762.350200000102632, 8227488.958850000984967 ], [ 683762.380220000050031, 8227488.958850000984967 ], [ 683762.380220000050031, 8227488.988870001398027 ], [ 683762.440260000061244, 8227488.988870001398027 ], [ 683762.440260000061244, 8227489.018890000879765 ], [ 683762.47028, 8227489.018890000879765 ], [ 683762.47028, 8227489.048910001292825 ], [ 683762.500300000072457, 8227489.048910001292825 ], [ 683762.500300000072457, 8227489.078930000774562 ], [ 683762.56034000008367, 8227489.078930000774562 ], [ 683762.56034000008367, 8227489.108950001187623 ], [ 683762.590360000031069, 8227489.108950001187623 ], [ 683762.590360000031069, 8227489.13897000066936 ], [ 683762.620380000094883, 8227489.13897000066936 ], [ 683762.620380000094883, 8227489.16899000108242 ], [ 683762.650400000042282, 8227489.16899000108242 ], [ 683762.650400000042282, 8227489.199010000564158 ], [ 683762.710440000053495, 8227489.199010000564158 ], [ 683762.710440000053495, 8227489.229030000977218 ], [ 683762.74046, 8227489.229030000977218 ], [ 683762.74046, 8227489.259050001390278 ], [ 683762.770480000064708, 8227489.259050001390278 ], [ 683762.770480000064708, 8227489.289070000872016 ], [ 683762.800500000012107, 8227489.289070000872016 ], [ 683762.800500000012107, 8227489.319090001285076 ], [ 683762.86054000002332, 8227489.319090001285076 ], [ 683762.86054000002332, 8227489.349110000766814 ], [ 683762.890560000087135, 8227489.349110000766814 ], [ 683762.890560000087135, 8227489.379130001179874 ], [ 683762.920580000034533, 8227489.379130001179874 ], [ 683762.920580000034533, 8227489.409150000661612 ], [ 683762.980620000045747, 8227489.409150000661612 ], [ 683762.980620000045747, 8227489.439170001074672 ], [ 683763.010640000109561, 8227489.439170001074672 ], [ 683763.010640000109561, 8227489.469190000556409 ], [ 683763.04066000005696, 8227489.469190000556409 ], [ 683763.04066000005696, 8227489.49921000096947 ], [ 683763.07068, 8227489.49921000096947 ], [ 683763.07068, 8227489.52923000138253 ], [ 683763.130720000015572, 8227489.52923000138253 ], [ 683763.130720000015572, 8227489.559250000864267 ], [ 683763.160740000079386, 8227489.559250000864267 ], [ 683763.160740000079386, 8227489.589270001277328 ], [ 683763.190760000026785, 8227489.589270001277328 ], [ 683763.190760000026785, 8227489.619290000759065 ], [ 683763.220780000090599, 8227489.619290000759065 ], [ 683763.220780000090599, 8227489.649310001172125 ], [ 683763.280820000101812, 8227489.649310001172125 ], [ 683763.280820000101812, 8227489.679330000653863 ], [ 683763.310840000049211, 8227489.679330000653863 ], [ 683763.310840000049211, 8227489.709350001066923 ], [ 683763.340860000113025, 8227489.709350001066923 ], [ 683763.340860000113025, 8227489.739370001479983 ], [ 683763.4009, 8227489.739370001479983 ], [ 683763.4009, 8227489.769390000961721 ], [ 683763.430920000071637, 8227489.769390000961721 ], [ 683763.430920000071637, 8227489.799410001374781 ], [ 683763.460940000019036, 8227489.799410001374781 ], [ 683763.460940000019036, 8227489.829430000856519 ], [ 683763.49096000008285, 8227489.829430000856519 ], [ 683763.49096000008285, 8227489.859450001269579 ], [ 683763.551000000094064, 8227489.859450001269579 ], [ 683763.551000000094064, 8227489.889470000751317 ], [ 683763.581020000041462, 8227489.889470000751317 ], [ 683763.581020000041462, 8227489.919490001164377 ], [ 683763.611040000105277, 8227489.919490001164377 ], [ 683763.611040000105277, 8227489.949510000646114 ], [ 683763.641060000052676, 8227489.949510000646114 ], [ 683763.641060000052676, 8227489.979530001059175 ], [ 683763.701100000063889, 8227489.979530001059175 ], [ 683763.701100000063889, 8227490.009550001472235 ], [ 683763.731120000011288, 8227490.009550001472235 ], [ 683763.731120000011288, 8227490.039570000953972 ], [ 683763.761140000075102, 8227490.039570000953972 ], [ 683763.761140000075102, 8227490.069590001367033 ], [ 683763.821180000086315, 8227490.069590001367033 ], [ 683763.821180000086315, 8227490.09961000084877 ], [ 683763.851200000033714, 8227490.09961000084877 ], [ 683763.851200000033714, 8227490.12963000126183 ], [ 683763.881220000097528, 8227490.12963000126183 ], [ 683763.881220000097528, 8227490.159650000743568 ], [ 683763.911240000044927, 8227490.159650000743568 ], [ 683763.911240000044927, 8227490.189670001156628 ], [ 683763.97128000005614, 8227490.189670001156628 ], [ 683763.97128000005614, 8227490.219690000638366 ], [ 683764.0013, 8227490.219690000638366 ], [ 683764.0013, 8227490.249710001051426 ], [ 683764.031320000067353, 8227490.249710001051426 ], [ 683764.031320000067353, 8227490.279730001464486 ], [ 683764.061340000014752, 8227490.279730001464486 ], [ 683764.061340000014752, 8227490.309750000946224 ], [ 683764.121380000025965, 8227490.309750000946224 ], [ 683764.121380000025965, 8227490.339770001359284 ], [ 683764.151400000089779, 8227490.339770001359284 ], [ 683764.151400000089779, 8227490.369790000841022 ], [ 683764.181420000037178, 8227490.369790000841022 ], [ 683764.181420000037178, 8227490.399810001254082 ], [ 683764.241460000048392, 8227490.399810001254082 ], [ 683764.241460000048392, 8227490.429830000735819 ], [ 683764.271480000112206, 8227490.429830000735819 ], [ 683764.271480000112206, 8227490.45985000114888 ], [ 683764.301500000059605, 8227490.45985000114888 ], [ 683764.301500000059605, 8227490.489870000630617 ], [ 683764.33152, 8227490.489870000630617 ], [ 683764.33152, 8227490.519890001043677 ], [ 683764.391560000018217, 8227490.519890001043677 ], [ 683764.391560000018217, 8227490.549910001456738 ], [ 683764.421580000082031, 8227490.549910001456738 ], [ 683764.421580000082031, 8227490.579930000938475 ], [ 683764.45160000002943, 8227490.579930000938475 ], [ 683764.45160000002943, 8227490.609950001351535 ], [ 683764.481620000093244, 8227490.609950001351535 ], [ 683764.481620000093244, 8227490.639970000833273 ], [ 683764.541660000104457, 8227490.639970000833273 ], [ 683764.541660000104457, 8227490.669990001246333 ], [ 683764.571680000051856, 8227490.669990001246333 ], [ 683764.571680000051856, 8227490.700010000728071 ], [ 683764.6017, 8227490.700010000728071 ], [ 683764.6017, 8227490.730030001141131 ], [ 683764.661740000010468, 8227490.730030001141131 ], [ 683764.661740000010468, 8227490.760050000622869 ], [ 683764.691760000074282, 8227490.760050000622869 ], [ 683764.691760000074282, 8227490.790070001035929 ], [ 683764.721780000021681, 8227490.790070001035929 ], [ 683764.721780000021681, 8227490.820090001448989 ], [ 683764.751800000085495, 8227490.820090001448989 ], [ 683764.751800000085495, 8227490.850110000930727 ], [ 683764.811840000096709, 8227490.850110000930727 ], [ 683764.811840000096709, 8227490.880130001343787 ], [ 683764.841860000044107, 8227490.880130001343787 ], [ 683764.841860000044107, 8227490.910150000825524 ], [ 683764.871880000107922, 8227490.910150000825524 ], [ 683764.871880000107922, 8227490.940170001238585 ], [ 683764.901900000055321, 8227490.940170001238585 ], [ 683764.901900000055321, 8227490.970190000720322 ], [ 683764.961940000066534, 8227490.970190000720322 ], [ 683764.961940000066534, 8227491.000210001133382 ], [ 683764.991960000013933, 8227491.000210001133382 ], [ 683764.991960000013933, 8227491.03023000061512 ], [ 683765.021980000077747, 8227491.03023000061512 ], [ 683765.021980000077747, 8227491.06025000102818 ], [ 683765.08202000008896, 8227491.06025000102818 ], [ 683765.08202000008896, 8227491.09027000144124 ], [ 683765.112040000036359, 8227491.09027000144124 ], [ 683765.112040000036359, 8227491.120290000922978 ], [ 683765.142060000100173, 8227491.120290000922978 ], [ 683765.142060000100173, 8227491.150310001336038 ], [ 683765.172080000047572, 8227491.150310001336038 ], [ 683765.172080000047572, 8227491.180330000817776 ], [ 683765.232120000058785, 8227491.180330000817776 ], [ 683765.232120000058785, 8227491.210350001230836 ], [ 683765.26214, 8227491.210350001230836 ], [ 683765.26214, 8227491.240370000712574 ], [ 683765.292160000069998, 8227491.240370000712574 ], [ 683765.292160000069998, 8227491.270390001125634 ], [ 683765.322180000017397, 8227491.270390001125634 ], [ 683765.322180000017397, 8227491.300410000607371 ], [ 683765.38222000002861, 8227491.300410000607371 ], [ 683765.38222000002861, 8227491.330430001020432 ], [ 683765.412240000092424, 8227491.330430001020432 ], [ 683765.412240000092424, 8227491.360450001433492 ], [ 683765.442260000039823, 8227491.360450001433492 ], [ 683765.442260000039823, 8227491.390470000915229 ], [ 683765.502300000051036, 8227491.390470000915229 ], [ 683765.502300000051036, 8227491.42049000132829 ], [ 683765.532320000114851, 8227491.42049000132829 ], [ 683765.532320000114851, 8227491.450510000810027 ], [ 683765.56234000006225, 8227491.450510000810027 ], [ 683765.56234000006225, 8227491.480530001223087 ], [ 683765.59236, 8227491.480530001223087 ], [ 683765.59236, 8227491.510550000704825 ], [ 683765.652400000020862, 8227491.510550000704825 ], [ 683765.652400000020862, 8227491.540570001117885 ], [ 683765.682420000084676, 8227491.540570001117885 ], [ 683765.682420000084676, 8227491.570590000599623 ], [ 683765.712440000032075, 8227491.570590000599623 ], [ 683765.712440000032075, 8227491.600610001012683 ], [ 683765.772480000043288, 8227491.600610001012683 ], [ 683765.772480000043288, 8227491.630630001425743 ], [ 683765.802500000107102, 8227491.630630001425743 ], [ 683765.802500000107102, 8227491.660650000907481 ], [ 683765.832520000054501, 8227491.660650000907481 ], [ 683765.832520000054501, 8227491.690670001320541 ], [ 683765.86254, 8227491.690670001320541 ], [ 683765.86254, 8227491.720690000802279 ], [ 683765.922580000013113, 8227491.720690000802279 ], [ 683765.922580000013113, 8227491.750710001215339 ], [ 683765.952600000076927, 8227491.750710001215339 ], [ 683765.952600000076927, 8227491.780730000697076 ], [ 683765.982620000024326, 8227491.780730000697076 ], [ 683765.982620000024326, 8227491.810750001110137 ], [ 683766.01264000008814, 8227491.810750001110137 ], [ 683766.01264000008814, 8227491.840770000591874 ], [ 683766.072680000099353, 8227491.840770000591874 ], [ 683766.072680000099353, 8227491.870790001004934 ], [ 683766.102700000046752, 8227491.870790001004934 ], [ 683766.102700000046752, 8227491.900810001417994 ], [ 683766.132720000110567, 8227491.900810001417994 ], [ 683766.132720000110567, 8227491.930830000899732 ], [ 683766.19276, 8227491.930830000899732 ], [ 683766.19276, 8227491.960850001312792 ], [ 683766.222780000069179, 8227491.960850001312792 ], [ 683766.222780000069179, 8227491.99087000079453 ], [ 683766.252800000016578, 8227491.99087000079453 ], [ 683766.252800000016578, 8227492.02089000120759 ], [ 683766.282820000080392, 8227492.02089000120759 ], [ 683766.282820000080392, 8227492.050910000689328 ], [ 683766.342860000091605, 8227492.050910000689328 ], [ 683766.342860000091605, 8227492.080930001102388 ], [ 683766.372880000039004, 8227492.080930001102388 ], [ 683766.372880000039004, 8227492.110950000584126 ], [ 683766.402900000102818, 8227492.110950000584126 ], [ 683766.402900000102818, 8227492.140970000997186 ], [ 683766.432920000050217, 8227492.140970000997186 ], [ 683766.432920000050217, 8227492.170990001410246 ], [ 683766.49296000006143, 8227492.170990001410246 ], [ 683766.49296000006143, 8227492.201010000891984 ], [ 683766.52298, 8227492.201010000891984 ], [ 683766.52298, 8227492.231030001305044 ], [ 683766.553000000072643, 8227492.231030001305044 ], [ 683766.553000000072643, 8227492.261050000786781 ], [ 683766.613040000083856, 8227492.261050000786781 ], [ 683766.613040000083856, 8227492.291070001199841 ], [ 683766.643060000031255, 8227492.291070001199841 ], [ 683766.643060000031255, 8227492.321090000681579 ], [ 683766.673080000095069, 8227492.321090000681579 ], [ 683766.673080000095069, 8227492.351110001094639 ], [ 683766.703100000042468, 8227492.351110001094639 ], [ 683766.703100000042468, 8227492.381130000576377 ], [ 683766.763140000053681, 8227492.381130000576377 ], [ 683766.763140000053681, 8227492.411150000989437 ], [ 683766.79316, 8227492.411150000989437 ], [ 683766.79316, 8227492.441170001402497 ], [ 683766.823180000064895, 8227492.441170001402497 ], [ 683766.823180000064895, 8227492.471190000884235 ], [ 683766.853200000012293, 8227492.471190000884235 ], [ 683766.853200000012293, 8227492.501210001297295 ], [ 683766.913240000023507, 8227492.501210001297295 ], [ 683766.913240000023507, 8227492.591270000673831 ], [ 683766.943260000087321, 8227492.591270000673831 ], [ 683766.943260000087321, 8227492.711350001394749 ], [ 683766.97328000003472, 8227492.711350001394749 ], [ 683766.97328000003472, 8227492.831430001184344 ], [ 683767.003300000098534, 8227492.831430001184344 ], [ 683767.003300000098534, 8227492.981530001387 ], [ 683767.033320000045933, 8227492.981530001387 ], [ 683767.033320000045933, 8227493.101610001176596 ], [ 683767.063340000109747, 8227493.101610001176596 ], [ 683767.063340000109747, 8227493.221690000966191 ], [ 683767.093360000057146, 8227493.221690000966191 ], [ 683767.093360000057146, 8227493.341770000755787 ], [ 683767.12338, 8227493.341770000755787 ], [ 683767.12338, 8227493.461850001476705 ], [ 683767.153400000068359, 8227493.461850001476705 ], [ 683767.153400000068359, 8227493.581930001266301 ], [ 683767.183420000015758, 8227493.581930001266301 ], [ 683767.183420000015758, 8227493.702010001055896 ], [ 683767.213440000079572, 8227493.702010001055896 ], [ 683767.213440000079572, 8227493.822090000845492 ], [ 683767.243460000026971, 8227493.822090000845492 ], [ 683767.243460000026971, 8227493.972190001048148 ], [ 683767.273480000090785, 8227493.972190001048148 ], [ 683767.273480000090785, 8227494.092270000837743 ], [ 683767.303500000038184, 8227494.092270000837743 ], [ 683767.303500000038184, 8227494.212350000627339 ], [ 683767.333520000101998, 8227494.212350000627339 ], [ 683767.333520000101998, 8227494.332430001348257 ], [ 683767.363540000049397, 8227494.332430001348257 ], [ 683767.363540000049397, 8227494.452510001137853 ], [ 683767.393560000113212, 8227494.452510001137853 ], [ 683767.393560000113212, 8227494.572590000927448 ], [ 683767.42358000006061, 8227494.572590000927448 ], [ 683767.42358000006061, 8227494.692670000717044 ], [ 683767.4536, 8227494.692670000717044 ], [ 683767.4536, 8227494.812750001437962 ], [ 683767.483620000071824, 8227494.812750001437962 ], [ 683767.483620000071824, 8227494.962850000709295 ], [ 683767.513640000019222, 8227494.962850000709295 ], [ 683767.513640000019222, 8227495.082930001430213 ], [ 683767.543660000083037, 8227495.082930001430213 ], [ 683767.543660000083037, 8227495.203010001219809 ], [ 683767.573680000030436, 8227495.203010001219809 ], [ 683767.573680000030436, 8227495.323090001009405 ], [ 683767.60370000009425, 8227495.323090001009405 ], [ 683767.60370000009425, 8227495.443170000799 ], [ 683767.633720000041649, 8227495.443170000799 ], [ 683767.633720000041649, 8227495.563250000588596 ], [ 683767.663740000105463, 8227495.563250000588596 ], [ 683767.663740000105463, 8227495.683330001309514 ], [ 683767.693760000052862, 8227495.683330001309514 ], [ 683767.693760000052862, 8227495.80341000109911 ], [ 683767.72378, 8227495.80341000109911 ], [ 683767.72378, 8227495.923490000888705 ], [ 683767.753800000064075, 8227495.923490000888705 ], [ 683767.753800000064075, 8227496.073590001091361 ], [ 683767.783820000011474, 8227496.073590001091361 ], [ 683767.783820000011474, 8227496.193670000880957 ], [ 683767.813840000075288, 8227496.193670000880957 ], [ 683767.813840000075288, 8227496.313750000670552 ], [ 683767.843860000022687, 8227496.313750000670552 ], [ 683767.843860000022687, 8227496.43383000139147 ], [ 683767.873880000086501, 8227496.43383000139147 ], [ 683767.873880000086501, 8227496.553910001181066 ], [ 683767.9039000000339, 8227496.553910001181066 ], [ 683767.9039000000339, 8227496.673990000970662 ], [ 683767.933920000097714, 8227496.673990000970662 ], [ 683767.933920000097714, 8227496.794070000760257 ], [ 683767.963940000045113, 8227496.794070000760257 ], [ 683767.963940000045113, 8227496.914150000549853 ], [ 683767.993960000108927, 8227496.914150000549853 ], [ 683767.993960000108927, 8227497.064250000752509 ], [ 683768.023980000056326, 8227497.064250000752509 ], [ 683768.023980000056326, 8227497.184330001473427 ], [ 683768.054, 8227497.184330001473427 ], [ 683768.054, 8227497.304410001263022 ], [ 683768.08402000006754, 8227497.304410001263022 ], [ 683768.08402000006754, 8227497.424490001052618 ], [ 683768.114040000014938, 8227497.424490001052618 ], [ 683768.114040000014938, 8227497.544570000842214 ], [ 683768.144060000078753, 8227497.544570000842214 ], [ 683768.144060000078753, 8227497.664650000631809 ], [ 683768.174080000026152, 8227497.664650000631809 ], [ 683768.174080000026152, 8227497.784730001352727 ], [ 683768.204100000089966, 8227497.784730001352727 ], [ 683768.204100000089966, 8227497.904810001142323 ], [ 683768.234120000037365, 8227497.904810001142323 ], [ 683768.234120000037365, 8227498.054910001344979 ], [ 683768.264140000101179, 8227498.054910001344979 ], [ 683768.264140000101179, 8227498.174990001134574 ], [ 683768.294160000048578, 8227498.174990001134574 ], [ 683768.294160000048578, 8227498.29507000092417 ], [ 683768.324180000112392, 8227498.29507000092417 ], [ 683768.324180000112392, 8227498.415150000713766 ], [ 683768.354200000059791, 8227498.415150000713766 ], [ 683768.354200000059791, 8227498.535230001434684 ], [ 683768.38422, 8227498.535230001434684 ], [ 683768.38422, 8227498.655310001224279 ], [ 683768.414240000071004, 8227498.655310001224279 ], [ 683768.414240000071004, 8227498.775390001013875 ], [ 683768.444260000018403, 8227498.775390001013875 ], [ 683768.444260000018403, 8227498.895470000803471 ], [ 683768.474280000082217, 8227498.895470000803471 ], [ 683768.474280000082217, 8227499.045570001006126 ], [ 683768.504300000029616, 8227499.045570001006126 ], [ 683768.504300000029616, 8227499.165650000795722 ], [ 683768.53432000009343, 8227499.165650000795722 ], [ 683768.53432000009343, 8227499.285730000585318 ], [ 683768.564340000040829, 8227499.285730000585318 ], [ 683768.564340000040829, 8227499.405810001306236 ], [ 683768.594360000104643, 8227499.405810001306236 ], [ 683768.594360000104643, 8227499.525890001095831 ], [ 683768.624380000052042, 8227499.525890001095831 ], [ 683768.624380000052042, 8227499.645970000885427 ], [ 683768.6544, 8227499.645970000885427 ], [ 683768.6544, 8227499.766050000675023 ], [ 683768.684420000063255, 8227499.766050000675023 ], [ 683768.684420000063255, 8227499.886130001395941 ], [ 683768.714440000010654, 8227499.886130001395941 ], [ 683768.714440000010654, 8227500.006210001185536 ], [ 683768.744460000074469, 8227500.006210001185536 ], [ 683768.744460000074469, 8227500.156310001388192 ], [ 683768.774480000021867, 8227500.156310001388192 ], [ 683768.774480000021867, 8227500.276390001177788 ], [ 683768.804500000085682, 8227500.276390001177788 ], [ 683768.804500000085682, 8227500.396470000967383 ], [ 683768.834520000033081, 8227500.396470000967383 ], [ 683768.834520000033081, 8227500.516550000756979 ], [ 683768.864540000096895, 8227500.516550000756979 ], [ 683768.864540000096895, 8227500.636630001477897 ], [ 683768.894560000044294, 8227500.636630001477897 ], [ 683768.894560000044294, 8227500.756710001267493 ], [ 683768.924580000108108, 8227500.756710001267493 ], [ 683768.924580000108108, 8227500.876790001057088 ], [ 683768.954600000055507, 8227500.876790001057088 ], [ 683768.954600000055507, 8227500.996870000846684 ], [ 683768.98462, 8227500.996870000846684 ], [ 683768.98462, 8227501.14697000104934 ], [ 683769.01464000006672, 8227501.14697000104934 ], [ 683769.01464000006672, 8227501.267050000838935 ], [ 683769.044660000014119, 8227501.267050000838935 ], [ 683769.044660000014119, 8227501.387130000628531 ], [ 683769.074680000077933, 8227501.387130000628531 ], [ 683769.074680000077933, 8227501.507210001349449 ], [ 683769.104700000025332, 8227501.507210001349449 ], [ 683769.104700000025332, 8227501.627290001139045 ], [ 683769.134720000089146, 8227501.627290001139045 ], [ 683769.134720000089146, 8227501.74737000092864 ], [ 683769.164740000036545, 8227501.74737000092864 ], [ 683769.164740000036545, 8227501.867450000718236 ], [ 683769.194760000100359, 8227501.867450000718236 ], [ 683769.194760000100359, 8227501.987530001439154 ], [ 683769.224780000047758, 8227501.987530001439154 ], [ 683769.224780000047758, 8227502.137630000710487 ], [ 683769.254800000111572, 8227502.137630000710487 ], [ 683769.254800000111572, 8227502.257710001431406 ], [ 683769.284820000058971, 8227502.257710001431406 ], [ 683769.284820000058971, 8227502.377790001221001 ], [ 683769.31484, 8227502.377790001221001 ], [ 683769.31484, 8227502.497870001010597 ], [ 683769.344860000070184, 8227502.497870001010597 ], [ 683769.344860000070184, 8227502.617950000800192 ], [ 683769.374880000017583, 8227502.617950000800192 ], [ 683769.374880000017583, 8227502.738030000589788 ], [ 683769.404900000081398, 8227502.738030000589788 ], [ 683769.404900000081398, 8227502.858110001310706 ], [ 683769.434920000028796, 8227502.858110001310706 ], [ 683769.434920000028796, 8227502.978190001100302 ], [ 683769.464940000092611, 8227502.978190001100302 ], [ 683769.464940000092611, 8227503.128290001302958 ], [ 683769.49496000004001, 8227503.128290001302958 ], [ 683769.49496000004001, 8227503.248370001092553 ], [ 683769.524980000103824, 8227503.248370001092553 ], [ 683769.524980000103824, 8227503.368450000882149 ], [ 683769.555000000051223, 8227503.368450000882149 ], [ 683769.555000000051223, 8227503.488530000671744 ], [ 683769.585020000115037, 8227503.488530000671744 ], [ 683769.585020000115037, 8227503.608610001392663 ], [ 683769.615040000062436, 8227503.608610001392663 ], [ 683769.615040000062436, 8227503.728690001182258 ], [ 683769.64506, 8227503.728690001182258 ], [ 683769.64506, 8227503.848770000971854 ], [ 683769.675080000073649, 8227503.848770000971854 ], [ 683769.675080000073649, 8227503.968850000761449 ], [ 683769.705100000021048, 8227503.968850000761449 ], [ 683769.705100000021048, 8227504.088930000551045 ], [ 683769.735120000084862, 8227504.088930000551045 ], [ 683769.735120000084862, 8227504.239030000753701 ], [ 683769.765140000032261, 8227504.239030000753701 ], [ 683769.765140000032261, 8227504.359110001474619 ], [ 683769.795160000096075, 8227504.359110001474619 ], [ 683769.795160000096075, 8227504.479190001264215 ], [ 683769.825180000043474, 8227504.479190001264215 ], [ 683769.825180000043474, 8227504.59927000105381 ], [ 683769.855200000107288, 8227504.59927000105381 ], [ 683769.855200000107288, 8227504.719350000843406 ], [ 683769.885220000054687, 8227504.719350000843406 ], [ 683769.885220000054687, 8227504.839430000633001 ], [ 683769.91524, 8227504.839430000633001 ], [ 683769.91524, 8227504.95951000135392 ], [ 683769.9452600000659, 8227504.95951000135392 ], [ 683769.9452600000659, 8227505.079590001143515 ], [ 683769.975280000013299, 8227505.079590001143515 ], [ 683769.975280000013299, 8227505.229690001346171 ], [ 683770.005300000077114, 8227505.229690001346171 ], [ 683770.005300000077114, 8227505.349770001135767 ], [ 683770.035320000024512, 8227505.349770001135767 ], [ 683770.035320000024512, 8227505.469850000925362 ], [ 683770.065340000088327, 8227505.469850000925362 ], [ 683770.065340000088327, 8227505.589930000714958 ], [ 683770.095360000035726, 8227505.589930000714958 ], [ 683770.095360000035726, 8227505.710010001435876 ], [ 683770.12538000009954, 8227505.710010001435876 ], [ 683770.12538000009954, 8227505.830090001225471 ], [ 683770.155400000046939, 8227505.830090001225471 ], [ 683770.155400000046939, 8227505.950170001015067 ], [ 683770.185420000110753, 8227505.950170001015067 ], [ 683770.185420000110753, 8227506.070250000804663 ], [ 683770.215440000058152, 8227506.070250000804663 ], [ 683770.215440000058152, 8227506.220350001007318 ], [ 683770.24546, 8227506.220350001007318 ], [ 683770.24546, 8227506.340430000796914 ], [ 683770.275480000069365, 8227506.340430000796914 ], [ 683770.275480000069365, 8227506.46051000058651 ], [ 683770.305500000016764, 8227506.46051000058651 ], [ 683770.305500000016764, 8227506.580590001307428 ], [ 683770.335520000080578, 8227506.580590001307428 ], [ 683770.335520000080578, 8227506.700670001097023 ], [ 683770.365540000027977, 8227506.700670001097023 ], [ 683770.365540000027977, 8227506.820750000886619 ], [ 683770.395560000091791, 8227506.820750000886619 ], [ 683770.395560000091791, 8227506.940830000676215 ], [ 683770.42558000003919, 8227506.940830000676215 ], [ 683770.42558000003919, 8227507.060910001397133 ], [ 683770.455600000103004, 8227507.060910001397133 ], [ 683770.455600000103004, 8227507.180990001186728 ], [ 683770.485620000050403, 8227507.180990001186728 ], [ 683770.485620000050403, 8227507.331090001389384 ], [ 683770.515640000114217, 8227507.331090001389384 ], [ 683770.515640000114217, 8227507.45117000117898 ], [ 683770.545660000061616, 8227507.45117000117898 ], [ 683770.545660000061616, 8227507.571250000968575 ], [ 683770.57568, 8227507.571250000968575 ], [ 683770.57568, 8227507.691330000758171 ], [ 683770.605700000072829, 8227507.691330000758171 ], [ 683770.605700000072829, 8227507.811410001479089 ], [ 683770.635720000020228, 8227507.811410001479089 ], [ 683770.635720000020228, 8227507.931490001268685 ], [ 683770.665740000084043, 8227507.931490001268685 ], [ 683770.665740000084043, 8227508.05157000105828 ], [ 683770.695760000031441, 8227508.05157000105828 ], [ 683770.695760000031441, 8227508.171650000847876 ], [ 683770.725780000095256, 8227508.171650000847876 ], [ 683770.725780000095256, 8227508.321750001050532 ], [ 683770.755800000042655, 8227508.321750001050532 ], [ 683770.755800000042655, 8227508.441830000840127 ], [ 683770.785820000106469, 8227508.441830000840127 ], [ 683770.785820000106469, 8227508.561910000629723 ], [ 683770.815840000053868, 8227508.561910000629723 ], [ 683770.815840000053868, 8227508.681990001350641 ], [ 683770.84586, 8227508.681990001350641 ], [ 683770.84586, 8227508.802070001140237 ], [ 683770.875880000065081, 8227508.802070001140237 ], [ 683770.875880000065081, 8227508.922150000929832 ], [ 683770.90590000001248, 8227508.922150000929832 ], [ 683770.90590000001248, 8227509.042230000719428 ], [ 683770.935920000076294, 8227509.042230000719428 ], [ 683770.935920000076294, 8227509.162310001440346 ], [ 683770.965940000023693, 8227509.162310001440346 ], [ 683770.965940000023693, 8227509.312410000711679 ], [ 683770.995960000087507, 8227509.312410000711679 ], [ 683770.995960000087507, 8227509.432490001432598 ], [ 683771.025980000034906, 8227509.432490001432598 ], [ 683771.025980000034906, 8227509.552570001222193 ], [ 683771.05600000009872, 8227509.552570001222193 ], [ 683771.05600000009872, 8227509.672650001011789 ], [ 683771.086020000046119, 8227509.672650001011789 ], [ 683771.086020000046119, 8227509.792730000801384 ], [ 683771.116040000109933, 8227509.792730000801384 ], [ 683771.116040000109933, 8227509.91281000059098 ], [ 683771.146060000057332, 8227509.91281000059098 ], [ 683771.146060000057332, 8227510.032890001311898 ], [ 683771.17608, 8227510.032890001311898 ], [ 683771.17608, 8227510.152970001101494 ], [ 683771.206100000068545, 8227510.152970001101494 ], [ 683771.206100000068545, 8227510.30307000130415 ], [ 683771.236120000015944, 8227510.30307000130415 ], [ 683771.236120000015944, 8227510.423150001093745 ], [ 683771.266140000079758, 8227510.423150001093745 ], [ 683771.266140000079758, 8227510.543230000883341 ], [ 683771.296160000027157, 8227510.543230000883341 ], [ 683771.296160000027157, 8227510.663310000672936 ], [ 683771.326180000090972, 8227510.663310000672936 ], [ 683771.326180000090972, 8227510.783390001393855 ], [ 683771.35620000003837, 8227510.783390001393855 ], [ 683771.35620000003837, 8227510.90347000118345 ], [ 683771.386220000102185, 8227510.90347000118345 ], [ 683771.386220000102185, 8227511.023550000973046 ], [ 683771.416240000049584, 8227511.023550000973046 ], [ 683771.416240000049584, 8227511.143630000762641 ], [ 683771.446260000113398, 8227511.143630000762641 ], [ 683771.446260000113398, 8227511.263710000552237 ], [ 683771.476280000060797, 8227511.263710000552237 ], [ 683771.476280000060797, 8227511.413810000754893 ], [ 683771.5063, 8227511.413810000754893 ], [ 683771.5063, 8227511.533890001475811 ], [ 683771.53632000007201, 8227511.533890001475811 ], [ 683771.53632000007201, 8227511.653970001265407 ], [ 683771.566340000019409, 8227511.653970001265407 ], [ 683771.566340000019409, 8227511.774050001055002 ], [ 683771.596360000083223, 8227511.774050001055002 ], [ 683771.596360000083223, 8227511.894130000844598 ], [ 683771.626380000030622, 8227511.894130000844598 ], [ 683771.626380000030622, 8227512.014210000634193 ], [ 683771.656400000094436, 8227512.014210000634193 ], [ 683771.656400000094436, 8227512.134290001355112 ], [ 683771.686420000041835, 8227512.134290001355112 ], [ 683771.686420000041835, 8227512.254370001144707 ], [ 683771.716440000105649, 8227512.254370001144707 ], [ 683771.716440000105649, 8227512.404470001347363 ], [ 683771.746460000053048, 8227512.404470001347363 ], [ 683771.746460000053048, 8227512.524550001136959 ], [ 683771.77648, 8227512.524550001136959 ], [ 683771.77648, 8227512.644630000926554 ], [ 683771.806500000064261, 8227512.644630000926554 ], [ 683771.806500000064261, 8227512.76471000071615 ], [ 683771.83652000001166, 8227512.76471000071615 ], [ 683771.83652000001166, 8227512.884790001437068 ], [ 683771.866540000075474, 8227512.884790001437068 ], [ 683771.866540000075474, 8227513.004870001226664 ], [ 683771.896560000022873, 8227513.004870001226664 ], [ 683771.896560000022873, 8227513.124950001016259 ], [ 683771.926580000086688, 8227513.124950001016259 ], [ 683771.926580000086688, 8227513.245030000805855 ], [ 683771.956600000034086, 8227513.245030000805855 ], [ 683771.956600000034086, 8227513.395130001008511 ], [ 683771.986620000097901, 8227513.395130001008511 ], [ 683771.986620000097901, 8227513.515210000798106 ], [ 683772.0166400000453, 8227513.515210000798106 ], [ 683772.0166400000453, 8227513.635290000587702 ], [ 683772.046660000109114, 8227513.635290000587702 ], [ 683772.046660000109114, 8227513.75537000130862 ], [ 683772.076680000056513, 8227513.75537000130862 ], [ 683772.076680000056513, 8227513.875450001098216 ], [ 683772.1067, 8227513.875450001098216 ], [ 683772.1067, 8227513.995530000887811 ], [ 683772.136720000067726, 8227513.995530000887811 ], [ 683772.136720000067726, 8227514.115610000677407 ], [ 683772.166740000015125, 8227514.115610000677407 ], [ 683772.166740000015125, 8227514.235690001398325 ], [ 683772.196760000078939, 8227514.235690001398325 ], [ 683772.196760000078939, 8227514.385790000669658 ], [ 683772.226780000026338, 8227514.385790000669658 ], [ 683772.226780000026338, 8227514.505870001390576 ], [ 683772.256800000090152, 8227514.505870001390576 ], [ 683772.256800000090152, 8227514.625950001180172 ], [ 683772.286820000037551, 8227514.625950001180172 ], [ 683772.286820000037551, 8227514.746030000969768 ], [ 683772.316840000101365, 8227514.746030000969768 ], [ 683772.316840000101365, 8227514.866110000759363 ], [ 683772.346860000048764, 8227514.866110000759363 ], [ 683772.346860000048764, 8227514.986190001480281 ], [ 683772.376880000112578, 8227514.986190001480281 ], [ 683772.376880000112578, 8227515.106270001269877 ], [ 683772.406900000059977, 8227515.106270001269877 ], [ 683772.406900000059977, 8227515.226350001059473 ], [ 683772.43692, 8227515.226350001059473 ], [ 683772.43692, 8227515.346430000849068 ], [ 683772.46694000007119, 8227515.346430000849068 ], [ 683772.46694000007119, 8227515.496530001051724 ], [ 683772.496960000018589, 8227515.496530001051724 ], [ 683772.496960000018589, 8227515.61661000084132 ], [ 683772.526980000082403, 8227515.61661000084132 ], [ 683772.526980000082403, 8227515.736690000630915 ], [ 683772.557000000029802, 8227515.736690000630915 ], [ 683772.557000000029802, 8227515.856770001351833 ], [ 683772.587020000093617, 8227515.856770001351833 ], [ 683772.587020000093617, 8227515.976850001141429 ], [ 683772.617040000041015, 8227515.976850001141429 ], [ 683772.617040000041015, 8227516.096930000931025 ], [ 683772.64706000010483, 8227516.096930000931025 ], [ 683772.64706000010483, 8227516.21701000072062 ], [ 683772.677080000052229, 8227516.21701000072062 ], [ 683772.677080000052229, 8227516.337090001441538 ], [ 683772.7071, 8227516.337090001441538 ], [ 683772.7071, 8227516.487190000712872 ], [ 683772.737120000063442, 8227516.487190000712872 ], [ 683772.737120000063442, 8227516.60727000143379 ], [ 683772.767140000010841, 8227516.60727000143379 ], [ 683772.767140000010841, 8227516.727350001223385 ], [ 683772.797160000074655, 8227516.727350001223385 ], [ 683772.797160000074655, 8227516.847430001012981 ], [ 683772.827180000022054, 8227516.847430001012981 ], [ 683772.827180000022054, 8227516.967510000802577 ], [ 683772.857200000085868, 8227516.967510000802577 ], [ 683772.857200000085868, 8227517.087590000592172 ], [ 683772.887220000033267, 8227517.087590000592172 ], [ 683772.887220000033267, 8227517.20767000131309 ], [ 683772.917240000097081, 8227517.20767000131309 ], [ 683772.917240000097081, 8227517.327750001102686 ], [ 683772.94726000004448, 8227517.327750001102686 ], [ 683772.94726000004448, 8227517.477850001305342 ], [ 683772.977280000108294, 8227517.477850001305342 ], [ 683772.977280000108294, 8227517.597930001094937 ], [ 683773.007300000055693, 8227517.597930001094937 ], [ 683773.007300000055693, 8227517.718010000884533 ], [ 683773.03732, 8227517.718010000884533 ], [ 683773.03732, 8227517.838090000674129 ], [ 683773.067340000066906, 8227517.838090000674129 ], [ 683773.067340000066906, 8227517.958170001395047 ], [ 683773.097360000014305, 8227517.958170001395047 ], [ 683773.097360000014305, 8227518.078250001184642 ], [ 683773.127380000078119, 8227518.078250001184642 ], [ 683773.127380000078119, 8227518.198330000974238 ], [ 683773.157400000025518, 8227518.198330000974238 ], [ 683773.157400000025518, 8227518.318410000763834 ], [ 683773.187420000089332, 8227518.318410000763834 ], [ 683773.187420000089332, 8227518.468510000966489 ], [ 683773.217440000036731, 8227518.468510000966489 ], [ 683773.217440000036731, 8227518.588590000756085 ], [ 683773.247460000100546, 8227518.588590000756085 ], [ 683773.247460000100546, 8227518.708670001477003 ], [ 683773.277480000047944, 8227518.708670001477003 ], [ 683773.277480000047944, 8227518.828750001266599 ], [ 683773.307500000111759, 8227518.828750001266599 ], [ 683773.307500000111759, 8227518.948830001056194 ], [ 683773.337520000059158, 8227518.948830001056194 ], [ 683773.337520000059158, 8227519.06891000084579 ], [ 683773.36754, 8227519.06891000084579 ], [ 683773.36754, 8227519.188990000635386 ], [ 683773.397560000070371, 8227519.188990000635386 ], [ 683773.397560000070371, 8227519.309070001356304 ], [ 683773.42758000001777, 8227519.309070001356304 ], [ 683773.42758000001777, 8227519.429150001145899 ], [ 683773.457600000081584, 8227519.429150001145899 ], [ 683773.457600000081584, 8227519.579250001348555 ], [ 683773.487620000028983, 8227519.579250001348555 ], [ 683773.487620000028983, 8227519.699330001138151 ], [ 683773.517640000092797, 8227519.699330001138151 ], [ 683773.517640000092797, 8227519.819410000927746 ], [ 683773.547660000040196, 8227519.819410000927746 ], [ 683773.547660000040196, 8227519.939490000717342 ], [ 683773.57768000010401, 8227519.939490000717342 ], [ 683773.57768000010401, 8227520.05957000143826 ], [ 683773.607700000051409, 8227520.05957000143826 ], [ 683773.607700000051409, 8227520.179650001227856 ], [ 683773.637720000115223, 8227520.179650001227856 ], [ 683773.637720000115223, 8227520.299730001017451 ], [ 683773.667740000062622, 8227520.299730001017451 ], [ 683773.667740000062622, 8227520.419810000807047 ], [ 683773.697760000010021, 8227520.419810000807047 ], [ 683773.697760000010021, 8227520.569910001009703 ], [ 683773.727780000073835, 8227520.569910001009703 ], [ 683773.727780000073835, 8227520.689990000799298 ], [ 683773.757800000021234, 8227520.689990000799298 ], [ 683773.757800000021234, 8227520.810070000588894 ], [ 683773.787820000085048, 8227520.810070000588894 ], [ 683773.787820000085048, 8227520.930150001309812 ], [ 683773.817840000032447, 8227520.930150001309812 ], [ 683773.817840000032447, 8227521.050230001099408 ], [ 683773.847860000096262, 8227521.050230001099408 ], [ 683773.847860000096262, 8227521.170310000889003 ], [ 683773.87788000004366, 8227521.170310000889003 ], [ 683773.87788000004366, 8227521.290390000678599 ], [ 683773.907900000107475, 8227521.290390000678599 ], [ 683773.907900000107475, 8227521.410470001399517 ], [ 683773.937920000054874, 8227521.410470001399517 ], [ 683773.937920000054874, 8227521.56057000067085 ], [ 683773.96794, 8227521.56057000067085 ], [ 683773.96794, 8227521.680650001391768 ], [ 683773.997960000066087, 8227521.680650001391768 ], [ 683773.997960000066087, 8227521.800730001181364 ], [ 683774.027980000013486, 8227521.800730001181364 ], [ 683774.027980000013486, 8227521.92081000097096 ], [ 683774.0580000000773, 8227521.92081000097096 ], [ 683774.0580000000773, 8227522.040890000760555 ], [ 683774.088020000024699, 8227522.040890000760555 ], [ 683774.088020000024699, 8227522.160970000550151 ], [ 683774.118040000088513, 8227522.160970000550151 ], [ 683774.118040000088513, 8227522.281050001271069 ], [ 683774.148060000035912, 8227522.281050001271069 ], [ 683774.148060000035912, 8227522.401130001060665 ], [ 683774.178080000099726, 8227522.401130001060665 ], [ 683774.178080000099726, 8227522.55123000126332 ], [ 683774.208100000047125, 8227522.55123000126332 ], [ 683774.208100000047125, 8227522.671310001052916 ], [ 683774.238120000110939, 8227522.671310001052916 ], [ 683774.238120000110939, 8227522.791390000842512 ], [ 683774.268140000058338, 8227522.791390000842512 ], [ 683774.268140000058338, 8227522.911470000632107 ], [ 683774.29816, 8227522.911470000632107 ], [ 683774.29816, 8227523.031550001353025 ], [ 683774.328180000069551, 8227523.031550001353025 ], [ 683774.328180000069551, 8227523.151630001142621 ], [ 683774.35820000001695, 8227523.151630001142621 ], [ 683774.35820000001695, 8227523.271710000932217 ], [ 683774.388220000080764, 8227523.271710000932217 ], [ 683774.388220000080764, 8227523.391790000721812 ], [ 683774.418240000028163, 8227523.391790000721812 ], [ 683774.418240000028163, 8227523.51187000144273 ], [ 683774.448260000091977, 8227523.51187000144273 ], [ 683774.448260000091977, 8227523.661970000714064 ], [ 683774.478280000039376, 8227523.661970000714064 ], [ 683774.478280000039376, 8227523.782050001434982 ], [ 683774.508300000103191, 8227523.782050001434982 ], [ 683774.508300000103191, 8227523.902130001224577 ], [ 683774.538320000050589, 8227523.902130001224577 ], [ 683774.538320000050589, 8227524.022210001014173 ], [ 683774.568340000114404, 8227524.022210001014173 ], [ 683774.568340000114404, 8227524.142290000803769 ], [ 683774.598360000061803, 8227524.142290000803769 ], [ 683774.598360000061803, 8227524.262370000593364 ], [ 683774.62838, 8227524.262370000593364 ], [ 683774.62838, 8227524.382450001314282 ], [ 683774.658400000073016, 8227524.382450001314282 ], [ 683774.658400000073016, 8227524.502530001103878 ], [ 683774.688420000020415, 8227524.502530001103878 ], [ 683774.688420000020415, 8227524.652630001306534 ], [ 683774.718440000084229, 8227524.652630001306534 ], [ 683774.718440000084229, 8227524.772710001096129 ], [ 683774.748460000031628, 8227524.772710001096129 ], [ 683774.748460000031628, 8227524.892790000885725 ], [ 683774.778480000095442, 8227524.892790000885725 ], [ 683774.778480000095442, 8227525.012870000675321 ], [ 683774.808500000042841, 8227525.012870000675321 ], [ 683774.808500000042841, 8227525.132950001396239 ], [ 683774.838520000106655, 8227525.132950001396239 ], [ 683774.838520000106655, 8227525.253030001185834 ], [ 683774.868540000054054, 8227525.253030001185834 ], [ 683774.868540000054054, 8227525.37311000097543 ], [ 683774.89856, 8227525.37311000097543 ], [ 683774.89856, 8227525.493190000765026 ], [ 683774.928580000065267, 8227525.493190000765026 ], [ 683774.928580000065267, 8227525.643290000967681 ], [ 683774.958600000012666, 8227525.643290000967681 ], [ 683774.958600000012666, 8227525.763370000757277 ], [ 683774.98862000007648, 8227525.763370000757277 ], [ 683774.98862000007648, 8227525.883450001478195 ], [ 683775.018640000023879, 8227525.883450001478195 ], [ 683775.018640000023879, 8227526.003530001267791 ], [ 683775.048660000087693, 8227526.003530001267791 ], [ 683775.048660000087693, 8227526.123610001057386 ], [ 683775.078680000035092, 8227526.123610001057386 ], [ 683775.078680000035092, 8227526.243690000846982 ], [ 683775.108700000098906, 8227526.243690000846982 ], [ 683775.108700000098906, 8227526.363770000636578 ], [ 683775.138720000046305, 8227526.363770000636578 ], [ 683775.138720000046305, 8227526.483850001357496 ], [ 683775.16874000011012, 8227526.483850001357496 ], [ 683775.16874000011012, 8227526.633950000628829 ], [ 683775.198760000057518, 8227526.633950000628829 ], [ 683775.198760000057518, 8227526.754030001349747 ], [ 683775.22878, 8227526.754030001349747 ], [ 683775.22878, 8227526.874110001139343 ], [ 683775.258800000068732, 8227526.874110001139343 ], [ 683775.258800000068732, 8227526.994190000928938 ], [ 683775.288820000016131, 8227526.994190000928938 ], [ 683775.288820000016131, 8227527.114270000718534 ], [ 683775.318840000079945, 8227527.114270000718534 ], [ 683775.318840000079945, 8227527.234350001439452 ], [ 683775.348860000027344, 8227527.234350001439452 ], [ 683775.348860000027344, 8227527.354430001229048 ], [ 683775.378880000091158, 8227527.354430001229048 ], [ 683775.378880000091158, 8227527.474510001018643 ], [ 683775.408900000038557, 8227527.474510001018643 ], [ 683775.408900000038557, 8227527.594590000808239 ], [ 683775.438920000102371, 8227527.594590000808239 ], [ 683775.438920000102371, 8227527.744690001010895 ], [ 683775.46894000004977, 8227527.744690001010895 ], [ 683775.46894000004977, 8227527.86477000080049 ], [ 683775.498960000113584, 8227527.86477000080049 ], [ 683775.498960000113584, 8227527.984850000590086 ], [ 683775.528980000060983, 8227527.984850000590086 ], [ 683775.528980000060983, 8227528.104930001311004 ], [ 683775.559, 8227528.104930001311004 ], [ 683775.559, 8227528.2250100011006 ], [ 683775.589020000072196, 8227528.2250100011006 ], [ 683775.589020000072196, 8227528.345090000890195 ], [ 683775.619040000019595, 8227528.345090000890195 ], [ 683775.619040000019595, 8227528.465170000679791 ], [ 683775.649060000083409, 8227528.465170000679791 ], [ 683775.649060000083409, 8227528.585250001400709 ], [ 683775.679080000030808, 8227528.585250001400709 ], [ 683775.679080000030808, 8227528.735350000672042 ], [ 683775.709100000094622, 8227528.735350000672042 ], [ 683775.709100000094622, 8227528.855430001392961 ], [ 683775.739120000042021, 8227528.855430001392961 ], [ 683775.739120000042021, 8227528.975510001182556 ], [ 683775.769140000105835, 8227528.975510001182556 ], [ 683775.769140000105835, 8227529.095590000972152 ], [ 683775.799160000053234, 8227529.095590000972152 ], [ 683775.799160000053234, 8227529.215670000761747 ], [ 683775.82918, 8227529.215670000761747 ], [ 683775.82918, 8227529.335750000551343 ], [ 683775.859200000064448, 8227529.335750000551343 ], [ 683775.859200000064448, 8227529.455830001272261 ], [ 683775.889220000011846, 8227529.455830001272261 ], [ 683775.889220000011846, 8227529.575910001061857 ], [ 683775.919240000075661, 8227529.575910001061857 ], [ 683775.919240000075661, 8227529.726010001264513 ], [ 683775.94926000002306, 8227529.726010001264513 ], [ 683775.94926000002306, 8227529.846090001054108 ], [ 683775.979280000086874, 8227529.846090001054108 ], [ 683775.979280000086874, 8227529.966170000843704 ], [ 683776.009300000034273, 8227529.966170000843704 ], [ 683776.009300000034273, 8227530.086250000633299 ], [ 683776.039320000098087, 8227530.086250000633299 ], [ 683776.039320000098087, 8227530.206330001354218 ], [ 683776.069340000045486, 8227530.206330001354218 ], [ 683776.069340000045486, 8227530.326410001143813 ], [ 683776.0993600001093, 8227530.326410001143813 ], [ 683776.0993600001093, 8227530.446490000933409 ], [ 683776.129380000056699, 8227530.446490000933409 ], [ 683776.129380000056699, 8227530.566570000723004 ], [ 683776.1594, 8227530.566570000723004 ], [ 683776.1594, 8227530.71667000092566 ], [ 683776.189420000067912, 8227530.71667000092566 ], [ 683776.189420000067912, 8227530.836750000715256 ], [ 683776.219440000015311, 8227530.836750000715256 ], [ 683776.219440000015311, 8227530.956830001436174 ], [ 683776.249460000079125, 8227530.956830001436174 ], [ 683776.249460000079125, 8227531.07691000122577 ], [ 683776.279480000026524, 8227531.07691000122577 ], [ 683776.279480000026524, 8227531.196990001015365 ], [ 683776.309500000090338, 8227531.196990001015365 ], [ 683776.309500000090338, 8227531.317070000804961 ], [ 683776.339520000037737, 8227531.317070000804961 ], [ 683776.339520000037737, 8227531.437150000594556 ], [ 683776.369540000101551, 8227531.437150000594556 ], [ 683776.369540000101551, 8227531.557230001315475 ], [ 683776.39956000004895, 8227531.557230001315475 ], [ 683776.39956000004895, 8227531.67731000110507 ], [ 683776.429580000112765, 8227531.67731000110507 ], [ 683776.429580000112765, 8227531.827410001307726 ], [ 683776.459600000060163, 8227531.827410001307726 ], [ 683776.459600000060163, 8227531.947490001097322 ], [ 683776.48962, 8227531.947490001097322 ], [ 683776.48962, 8227532.067570000886917 ], [ 683776.519640000071377, 8227532.067570000886917 ], [ 683776.519640000071377, 8227532.187650000676513 ], [ 683776.549660000018775, 8227532.187650000676513 ], [ 683776.549660000018775, 8227532.307730001397431 ], [ 683776.57968000008259, 8227532.307730001397431 ], [ 683776.57968000008259, 8227532.427810001187027 ], [ 683776.609700000029989, 8227532.427810001187027 ], [ 683776.609700000029989, 8227532.547890000976622 ], [ 683776.639720000093803, 8227532.547890000976622 ], [ 683776.639720000093803, 8227532.667970000766218 ], [ 683776.669740000041202, 8227532.667970000766218 ], [ 683776.669740000041202, 8227532.818070000968874 ], [ 683776.699760000105016, 8227532.818070000968874 ], [ 683776.699760000105016, 8227532.938150000758469 ], [ 683776.729780000052415, 8227532.938150000758469 ], [ 683776.729780000052415, 8227533.058230001479387 ], [ 683776.7598, 8227533.058230001479387 ], [ 683776.7598, 8227533.178310001268983 ], [ 683776.789820000063628, 8227533.178310001268983 ], [ 683776.789820000063628, 8227533.298390001058578 ], [ 683776.819840000011027, 8227533.298390001058578 ], [ 683776.819840000011027, 8227533.418470000848174 ], [ 683776.849860000074841, 8227533.418470000848174 ], [ 683776.849860000074841, 8227533.53855000063777 ], [ 683776.87988000002224, 8227533.53855000063777 ], [ 683776.87988000002224, 8227533.658630001358688 ], [ 683776.909900000086054, 8227533.658630001358688 ], [ 683776.909900000086054, 8227533.808730000630021 ], [ 683776.939920000033453, 8227533.808730000630021 ], [ 683776.939920000033453, 8227533.928810001350939 ], [ 683776.969940000097267, 8227533.928810001350939 ], [ 683776.969940000097267, 8227534.048890001140535 ], [ 683776.999960000044666, 8227534.048890001140535 ], [ 683776.999960000044666, 8227534.16897000093013 ], [ 683777.02998000010848, 8227534.16897000093013 ], [ 683777.02998000010848, 8227534.289050000719726 ], [ 683777.060000000055879, 8227534.289050000719726 ], [ 683777.060000000055879, 8227534.409130001440644 ], [ 683777.09002, 8227534.409130001440644 ], [ 683777.09002, 8227534.52921000123024 ], [ 683777.120040000067092, 8227534.52921000123024 ], [ 683777.120040000067092, 8227534.649290001019835 ], [ 683777.150060000014491, 8227534.649290001019835 ], [ 683777.150060000014491, 8227534.799390001222491 ], [ 683777.180080000078306, 8227534.799390001222491 ], [ 683777.180080000078306, 8227534.919470001012087 ], [ 683777.210100000025705, 8227534.919470001012087 ], [ 683777.210100000025705, 8227535.039550000801682 ], [ 683777.240120000089519, 8227535.039550000801682 ], [ 683777.240120000089519, 8227535.159630000591278 ], [ 683777.270140000036918, 8227535.159630000591278 ], [ 683777.270140000036918, 8227535.279710001312196 ], [ 683777.300160000100732, 8227535.279710001312196 ], [ 683777.300160000100732, 8227535.399790001101792 ], [ 683777.330180000048131, 8227535.399790001101792 ], [ 683777.330180000048131, 8227535.519870000891387 ], [ 683777.360200000111945, 8227535.519870000891387 ], [ 683777.360200000111945, 8227535.639950000680983 ], [ 683777.390220000059344, 8227535.639950000680983 ], [ 683777.390220000059344, 8227535.760030001401901 ], [ 683777.42024, 8227535.760030001401901 ], [ 683777.42024, 8227535.910130000673234 ], [ 683777.450260000070557, 8227535.910130000673234 ], [ 683777.450260000070557, 8227536.030210001394153 ], [ 683777.480280000017956, 8227536.030210001394153 ], [ 683777.480280000017956, 8227536.150290001183748 ], [ 683777.51030000008177, 8227536.150290001183748 ], [ 683777.51030000008177, 8227536.270370000973344 ], [ 683777.540320000029169, 8227536.270370000973344 ], [ 683777.540320000029169, 8227536.390450000762939 ], [ 683777.570340000092983, 8227536.390450000762939 ], [ 683777.570340000092983, 8227536.510530000552535 ], [ 683777.600360000040382, 8227536.510530000552535 ], [ 683777.600360000040382, 8227536.630610001273453 ], [ 683777.630380000104196, 8227536.630610001273453 ], [ 683777.630380000104196, 8227536.750690001063049 ], [ 683777.660400000051595, 8227536.750690001063049 ], [ 683777.660400000051595, 8227536.900790001265705 ], [ 683777.690420000115409, 8227536.900790001265705 ], [ 683777.690420000115409, 8227537.0208700010553 ], [ 683777.720440000062808, 8227537.0208700010553 ], [ 683777.720440000062808, 8227537.140950000844896 ], [ 683777.750460000010207, 8227537.140950000844896 ], [ 683777.750460000010207, 8227537.261030000634491 ], [ 683777.780480000074022, 8227537.261030000634491 ], [ 683777.780480000074022, 8227537.38111000135541 ], [ 683777.81050000002142, 8227537.38111000135541 ], [ 683777.81050000002142, 8227537.501190001145005 ], [ 683777.840520000085235, 8227537.501190001145005 ], [ 683777.840520000085235, 8227537.621270000934601 ], [ 683777.870540000032634, 8227537.621270000934601 ], [ 683777.870540000032634, 8227537.741350000724196 ], [ 683777.900560000096448, 8227537.741350000724196 ], [ 683777.900560000096448, 8227537.891450000926852 ], [ 683777.930580000043847, 8227537.891450000926852 ], [ 683777.930580000043847, 8227538.011530000716448 ], [ 683777.960600000107661, 8227538.011530000716448 ], [ 683777.960600000107661, 8227538.131610001437366 ], [ 683777.99062000005506, 8227538.131610001437366 ], [ 683777.99062000005506, 8227538.251690001226962 ], [ 683778.02064, 8227538.251690001226962 ], [ 683778.02064, 8227538.371770001016557 ], [ 683778.050660000066273, 8227538.371770001016557 ], [ 683778.050660000066273, 8227538.491850000806153 ], [ 683778.080680000013672, 8227538.491850000806153 ], [ 683778.080680000013672, 8227538.611930000595748 ], [ 683778.110700000077486, 8227538.611930000595748 ], [ 683778.110700000077486, 8227538.732010001316667 ], [ 683778.140720000024885, 8227538.732010001316667 ], [ 683778.140720000024885, 8227538.882110000588 ], [ 683778.170740000088699, 8227538.882110000588 ], [ 683778.170740000088699, 8227539.002190001308918 ], [ 683778.200760000036098, 8227539.002190001308918 ], [ 683778.200760000036098, 8227539.122270001098514 ], [ 683778.230780000099912, 8227539.122270001098514 ], [ 683778.230780000099912, 8227539.242350000888109 ], [ 683778.260800000047311, 8227539.242350000888109 ], [ 683778.260800000047311, 8227539.362430000677705 ], [ 683778.290820000111125, 8227539.362430000677705 ], [ 683778.290820000111125, 8227539.482510001398623 ], [ 683778.320840000058524, 8227539.482510001398623 ], [ 683778.320840000058524, 8227539.602590001188219 ], [ 683778.35086, 8227539.602590001188219 ], [ 683778.35086, 8227539.722670000977814 ], [ 683778.380880000069737, 8227539.722670000977814 ], [ 683778.380880000069737, 8227539.84275000076741 ], [ 683778.410900000017136, 8227539.84275000076741 ], [ 683778.410900000017136, 8227539.992850000970066 ], [ 683778.440920000080951, 8227539.992850000970066 ], [ 683778.440920000080951, 8227540.112930000759661 ], [ 683778.470940000028349, 8227540.112930000759661 ], [ 683778.470940000028349, 8227540.233010001480579 ], [ 683778.500960000092164, 8227540.233010001480579 ], [ 683778.500960000092164, 8227540.353090001270175 ], [ 683778.530980000039563, 8227540.353090001270175 ], [ 683778.530980000039563, 8227540.473170001059771 ], [ 683778.561000000103377, 8227540.473170001059771 ], [ 683778.561000000103377, 8227540.593250000849366 ], [ 683778.591020000050776, 8227540.593250000849366 ], [ 683778.591020000050776, 8227540.713330000638962 ], [ 683778.62104000011459, 8227540.713330000638962 ], [ 683778.62104000011459, 8227540.83341000135988 ], [ 683778.651060000061989, 8227540.83341000135988 ], [ 683778.651060000061989, 8227540.983510000631213 ], [ 683778.68108, 8227540.983510000631213 ], [ 683778.68108, 8227541.103590001352131 ], [ 683778.711100000073202, 8227541.103590001352131 ], [ 683778.711100000073202, 8227541.223670001141727 ], [ 683778.741120000020601, 8227541.223670001141727 ], [ 683778.741120000020601, 8227541.343750000931323 ], [ 683778.771140000084415, 8227541.343750000931323 ], [ 683778.771140000084415, 8227541.463830000720918 ], [ 683778.801160000031814, 8227541.463830000720918 ], [ 683778.801160000031814, 8227541.583910001441836 ], [ 683778.831180000095628, 8227541.583910001441836 ], [ 683778.831180000095628, 8227541.703990001231432 ], [ 683778.861200000043027, 8227541.703990001231432 ], [ 683778.861200000043027, 8227541.824070001021028 ], [ 683778.891220000106841, 8227541.824070001021028 ], [ 683778.891220000106841, 8227541.974170001223683 ], [ 683778.92124000005424, 8227541.974170001223683 ], [ 683778.92124000005424, 8227542.094250001013279 ], [ 683778.95126, 8227542.094250001013279 ], [ 683778.95126, 8227542.214330000802875 ], [ 683778.981280000065453, 8227542.214330000802875 ], [ 683778.981280000065453, 8227542.33441000059247 ], [ 683779.011300000012852, 8227542.33441000059247 ], [ 683779.011300000012852, 8227542.454490001313388 ], [ 683779.041320000076666, 8227542.454490001313388 ], [ 683779.041320000076666, 8227542.574570001102984 ], [ 683779.071340000024065, 8227542.574570001102984 ], [ 683779.071340000024065, 8227542.69465000089258 ], [ 683779.10136000008788, 8227542.69465000089258 ], [ 683779.10136000008788, 8227542.814730000682175 ], [ 683779.131380000035278, 8227542.814730000682175 ], [ 683779.131380000035278, 8227542.964830000884831 ], [ 683779.161400000099093, 8227542.964830000884831 ], [ 683779.161400000099093, 8227543.084910000674427 ], [ 683779.191420000046492, 8227543.084910000674427 ], [ 683779.191420000046492, 8227543.204990001395345 ], [ 683779.221440000110306, 8227543.204990001395345 ], [ 683779.221440000110306, 8227543.32507000118494 ], [ 683779.251460000057705, 8227543.32507000118494 ], [ 683779.251460000057705, 8227543.445150000974536 ], [ 683779.28148, 8227543.445150000974536 ], [ 683779.28148, 8227543.565230000764132 ], [ 683779.311500000068918, 8227543.565230000764132 ], [ 683779.311500000068918, 8227543.685310000553727 ], [ 683779.341520000016317, 8227543.685310000553727 ], [ 683779.341520000016317, 8227543.805390001274645 ], [ 683779.371540000080131, 8227543.805390001274645 ], [ 683779.371540000080131, 8227543.925470001064241 ], [ 683779.40156000002753, 8227543.925470001064241 ], [ 683779.40156000002753, 8227544.075570001266897 ], [ 683779.431580000091344, 8227544.075570001266897 ], [ 683779.431580000091344, 8227544.195650001056492 ], [ 683779.461600000038743, 8227544.195650001056492 ], [ 683779.461600000038743, 8227544.315730000846088 ], [ 683779.491620000102557, 8227544.315730000846088 ], [ 683779.491620000102557, 8227544.435810000635684 ], [ 683779.521640000049956, 8227544.435810000635684 ], [ 683779.521640000049956, 8227544.555890001356602 ], [ 683779.55166000011377, 8227544.555890001356602 ], [ 683779.55166000011377, 8227544.796050000935793 ], [ 683779.581680000061169, 8227544.796050000935793 ], [ 683779.581680000061169, 8227545.006190001033247 ], [ 683779.6117, 8227545.006190001033247 ], [ 683779.6117, 8227545.306390001438558 ], [ 683779.641720000072382, 8227545.306390001438558 ], [ 683779.641720000072382, 8227545.576570001430809 ], [ 683779.671740000019781, 8227545.576570001430809 ], [ 683779.671740000019781, 8227545.846750001423061 ], [ 683779.701760000083596, 8227545.846750001423061 ], [ 683779.701760000083596, 8227546.116930001415312 ], [ 683779.731780000030994, 8227546.116930001415312 ], [ 683779.731780000030994, 8227546.387110001407564 ], [ 683779.761800000094809, 8227546.387110001407564 ], [ 683779.761800000094809, 8227546.687310000881553 ], [ 683779.791820000042208, 8227546.687310000881553 ], [ 683779.791820000042208, 8227546.957490000873804 ], [ 683779.821840000106022, 8227546.957490000873804 ], [ 683779.821840000106022, 8227547.227670000866055 ], [ 683779.851860000053421, 8227547.227670000866055 ], [ 683779.851860000053421, 8227547.497850000858307 ], [ 683779.88188, 8227547.497850000858307 ], [ 683779.88188, 8227547.798050001263618 ], [ 683779.911900000064634, 8227547.798050001263618 ], [ 683779.911900000064634, 8227548.06823000125587 ], [ 683779.941920000012033, 8227548.06823000125587 ], [ 683779.941920000012033, 8227548.338410001248121 ], [ 683779.971940000075847, 8227548.338410001248121 ], [ 683779.971940000075847, 8227552.150950000621378 ], [ 683779.941920000012033, 8227552.150950000621378 ], [ 683779.941920000012033, 8227555.2730300007388 ], [ 683779.911900000064634, 8227555.2730300007388 ], [ 683779.911900000064634, 8227558.034870000556111 ], [ 683779.851860000053421, 8227558.034870000556111 ], [ 683779.851860000053421, 8227558.064890000969172 ], [ 683779.791820000042208, 8227558.064890000969172 ], [ 683779.791820000042208, 8227558.094910001382232 ], [ 683779.761800000094809, 8227558.094910001382232 ], [ 683779.761800000094809, 8227558.124930000863969 ], [ 683779.701760000083596, 8227558.124930000863969 ], [ 683779.701760000083596, 8227558.15495000127703 ], [ 683779.641720000072382, 8227558.15495000127703 ], [ 683779.641720000072382, 8227558.184970000758767 ], [ 683779.6117, 8227558.184970000758767 ], [ 683779.6117, 8227558.214990001171827 ], [ 683779.55166000011377, 8227558.214990001171827 ], [ 683779.55166000011377, 8227558.245010000653565 ], [ 683779.521640000049956, 8227558.245010000653565 ], [ 683779.521640000049956, 8227558.275030001066625 ], [ 683779.461600000038743, 8227558.275030001066625 ], [ 683779.461600000038743, 8227558.305050001479685 ], [ 683779.40156000002753, 8227558.305050001479685 ], [ 683779.40156000002753, 8227558.335070000961423 ], [ 683779.371540000080131, 8227558.335070000961423 ], [ 683779.371540000080131, 8227558.365090001374483 ], [ 683779.311500000068918, 8227558.365090001374483 ], [ 683779.311500000068918, 8227558.395110000856221 ], [ 683779.251460000057705, 8227558.395110000856221 ], [ 683779.251460000057705, 8227558.425130001269281 ], [ 683779.221440000110306, 8227558.425130001269281 ], [ 683779.221440000110306, 8227558.455150000751019 ], [ 683779.161400000099093, 8227558.455150000751019 ], [ 683779.161400000099093, 8227558.485170001164079 ], [ 683779.10136000008788, 8227558.485170001164079 ], [ 683779.10136000008788, 8227558.515190000645816 ], [ 683779.071340000024065, 8227558.515190000645816 ], [ 683779.071340000024065, 8227558.545210001058877 ], [ 683779.011300000012852, 8227558.545210001058877 ], [ 683779.011300000012852, 8227558.575230001471937 ], [ 683778.95126, 8227558.575230001471937 ], [ 683778.95126, 8227558.605250000953674 ], [ 683778.92124000005424, 8227558.605250000953674 ], [ 683778.92124000005424, 8227558.635270001366735 ], [ 683778.861200000043027, 8227558.635270001366735 ], [ 683778.861200000043027, 8227558.665290000848472 ], [ 683778.831180000095628, 8227558.665290000848472 ], [ 683778.831180000095628, 8227558.695310001261532 ], [ 683778.771140000084415, 8227558.695310001261532 ], [ 683778.771140000084415, 8227558.72533000074327 ], [ 683778.711100000073202, 8227558.72533000074327 ], [ 683778.711100000073202, 8227558.75535000115633 ], [ 683778.68108, 8227558.75535000115633 ], [ 683778.68108, 8227558.785370000638068 ], [ 683778.62104000011459, 8227558.785370000638068 ], [ 683778.62104000011459, 8227558.815390001051128 ], [ 683778.561000000103377, 8227558.815390001051128 ], [ 683778.561000000103377, 8227558.845410001464188 ], [ 683778.530980000039563, 8227558.845410001464188 ], [ 683778.530980000039563, 8227558.875430000945926 ], [ 683778.470940000028349, 8227558.875430000945926 ], [ 683778.470940000028349, 8227558.905450001358986 ], [ 683778.410900000017136, 8227558.905450001358986 ], [ 683778.410900000017136, 8227558.935470000840724 ], [ 683778.380880000069737, 8227558.935470000840724 ], [ 683778.380880000069737, 8227558.965490001253784 ], [ 683778.320840000058524, 8227558.965490001253784 ], [ 683778.320840000058524, 8227558.995510000735521 ], [ 683778.290820000111125, 8227558.995510000735521 ], [ 683778.290820000111125, 8227559.025530001148582 ], [ 683778.230780000099912, 8227559.025530001148582 ], [ 683778.230780000099912, 8227559.055550000630319 ], [ 683778.170740000088699, 8227559.055550000630319 ], [ 683778.170740000088699, 8227559.085570001043379 ], [ 683778.140720000024885, 8227559.085570001043379 ], [ 683778.140720000024885, 8227559.115590001456439 ], [ 683778.080680000013672, 8227559.115590001456439 ], [ 683778.080680000013672, 8227559.145610000938177 ], [ 683778.02064, 8227559.145610000938177 ], [ 683778.02064, 8227559.175630001351237 ], [ 683777.99062000005506, 8227559.175630001351237 ], [ 683777.99062000005506, 8227559.205650000832975 ], [ 683777.930580000043847, 8227559.205650000832975 ], [ 683777.930580000043847, 8227559.235670001246035 ], [ 683777.870540000032634, 8227559.235670001246035 ], [ 683777.870540000032634, 8227559.265690000727773 ], [ 683777.840520000085235, 8227559.265690000727773 ], [ 683777.840520000085235, 8227559.295710001140833 ], [ 683777.780480000074022, 8227559.295710001140833 ], [ 683777.780480000074022, 8227559.325730000622571 ], [ 683777.720440000062808, 8227559.325730000622571 ], [ 683777.720440000062808, 8227559.355750001035631 ], [ 683777.690420000115409, 8227559.355750001035631 ], [ 683777.690420000115409, 8227559.385770001448691 ], [ 683777.630380000104196, 8227559.385770001448691 ], [ 683777.630380000104196, 8227559.415790000930429 ], [ 683777.600360000040382, 8227559.415790000930429 ], [ 683777.600360000040382, 8227559.445810001343489 ], [ 683777.540320000029169, 8227559.445810001343489 ], [ 683777.540320000029169, 8227559.475830000825226 ], [ 683777.480280000017956, 8227559.475830000825226 ], [ 683777.480280000017956, 8227559.505850001238286 ], [ 683777.450260000070557, 8227559.505850001238286 ], [ 683777.450260000070557, 8227559.535870000720024 ], [ 683777.390220000059344, 8227559.535870000720024 ], [ 683777.390220000059344, 8227559.565890001133084 ], [ 683777.330180000048131, 8227559.565890001133084 ], [ 683777.330180000048131, 8227559.595910000614822 ], [ 683777.300160000100732, 8227559.595910000614822 ], [ 683777.300160000100732, 8227559.625930001027882 ], [ 683777.240120000089519, 8227559.625930001027882 ], [ 683777.240120000089519, 8227559.655950001440942 ], [ 683777.180080000078306, 8227559.655950001440942 ], [ 683777.180080000078306, 8227559.68597000092268 ], [ 683777.150060000014491, 8227559.68597000092268 ], [ 683777.150060000014491, 8227559.71599000133574 ], [ 683777.09002, 8227559.71599000133574 ], [ 683777.09002, 8227559.746010000817478 ], [ 683777.060000000055879, 8227559.746010000817478 ], [ 683777.060000000055879, 8227559.776030001230538 ], [ 683776.999960000044666, 8227559.776030001230538 ], [ 683776.999960000044666, 8227559.806050000712276 ], [ 683776.939920000033453, 8227559.806050000712276 ], [ 683776.939920000033453, 8227559.836070001125336 ], [ 683776.909900000086054, 8227559.836070001125336 ], [ 683776.909900000086054, 8227559.866090000607073 ], [ 683776.849860000074841, 8227559.866090000607073 ], [ 683776.849860000074841, 8227559.896110001020133 ], [ 683776.789820000063628, 8227559.896110001020133 ], [ 683776.789820000063628, 8227559.926130001433194 ], [ 683776.7598, 8227559.926130001433194 ], [ 683776.7598, 8227559.956150000914931 ], [ 683776.699760000105016, 8227559.956150000914931 ], [ 683776.699760000105016, 8227559.986170001327991 ], [ 683776.639720000093803, 8227559.986170001327991 ], [ 683776.639720000093803, 8227560.016190000809729 ], [ 683776.609700000029989, 8227560.016190000809729 ], [ 683776.609700000029989, 8227560.046210001222789 ], [ 683776.549660000018775, 8227560.046210001222789 ], [ 683776.549660000018775, 8227560.076230000704527 ], [ 683776.48962, 8227560.076230000704527 ], [ 683776.48962, 8227560.106250001117587 ], [ 683776.459600000060163, 8227560.106250001117587 ], [ 683776.459600000060163, 8227560.136270000599325 ], [ 683776.39956000004895, 8227560.136270000599325 ], [ 683776.39956000004895, 8227560.166290001012385 ], [ 683776.369540000101551, 8227560.166290001012385 ], [ 683776.369540000101551, 8227560.196310001425445 ], [ 683776.309500000090338, 8227560.196310001425445 ], [ 683776.309500000090338, 8227560.226330000907183 ], [ 683776.249460000079125, 8227560.226330000907183 ], [ 683776.249460000079125, 8227560.256350001320243 ], [ 683776.219440000015311, 8227560.256350001320243 ], [ 683776.219440000015311, 8227560.28637000080198 ], [ 683776.1594, 8227560.28637000080198 ], [ 683776.1594, 8227560.316390001215041 ], [ 683776.0993600001093, 8227560.316390001215041 ], [ 683776.0993600001093, 8227560.346410000696778 ], [ 683776.069340000045486, 8227560.346410000696778 ], [ 683776.069340000045486, 8227560.376430001109838 ], [ 683776.009300000034273, 8227560.376430001109838 ], [ 683776.009300000034273, 8227560.406450000591576 ], [ 683775.94926000002306, 8227560.406450000591576 ], [ 683775.94926000002306, 8227560.436470001004636 ], [ 683775.919240000075661, 8227560.436470001004636 ], [ 683775.919240000075661, 8227560.466490001417696 ], [ 683775.859200000064448, 8227560.466490001417696 ], [ 683775.859200000064448, 8227560.496510000899434 ], [ 683775.82918, 8227560.496510000899434 ], [ 683775.82918, 8227560.526530001312494 ], [ 683775.769140000105835, 8227560.526530001312494 ], [ 683775.769140000105835, 8227560.556550000794232 ], [ 683775.709100000094622, 8227560.556550000794232 ], [ 683775.709100000094622, 8227560.586570001207292 ], [ 683775.679080000030808, 8227560.586570001207292 ], [ 683775.679080000030808, 8227560.61659000068903 ], [ 683775.619040000019595, 8227560.61659000068903 ], [ 683775.619040000019595, 8227560.64661000110209 ], [ 683775.559, 8227560.64661000110209 ], [ 683775.559, 8227560.676630000583827 ], [ 683775.528980000060983, 8227560.676630000583827 ], [ 683775.528980000060983, 8227560.706650000996888 ], [ 683775.46894000004977, 8227560.706650000996888 ], [ 683775.46894000004977, 8227560.736670001409948 ], [ 683775.408900000038557, 8227560.736670001409948 ], [ 683775.408900000038557, 8227560.766690000891685 ], [ 683775.378880000091158, 8227560.766690000891685 ], [ 683775.378880000091158, 8227560.796710001304746 ], [ 683775.318840000079945, 8227560.796710001304746 ], [ 683775.318840000079945, 8227560.826730000786483 ], [ 683775.258800000068732, 8227560.826730000786483 ], [ 683775.258800000068732, 8227560.856750001199543 ], [ 683775.22878, 8227560.856750001199543 ], [ 683775.22878, 8227560.886770000681281 ], [ 683775.16874000011012, 8227560.886770000681281 ], [ 683775.16874000011012, 8227560.916790001094341 ], [ 683775.138720000046305, 8227560.916790001094341 ], [ 683775.138720000046305, 8227560.946810000576079 ], [ 683775.078680000035092, 8227560.946810000576079 ], [ 683775.078680000035092, 8227560.976830000989139 ], [ 683775.018640000023879, 8227560.976830000989139 ], [ 683775.018640000023879, 8227561.006850001402199 ], [ 683774.98862000007648, 8227561.006850001402199 ], [ 683774.98862000007648, 8227561.036870000883937 ], [ 683774.928580000065267, 8227561.036870000883937 ], [ 683774.928580000065267, 8227561.066890001296997 ], [ 683774.868540000054054, 8227561.066890001296997 ], [ 683774.868540000054054, 8227561.096910000778735 ], [ 683774.838520000106655, 8227561.096910000778735 ], [ 683774.838520000106655, 8227561.126930001191795 ], [ 683774.778480000095442, 8227561.126930001191795 ], [ 683774.778480000095442, 8227561.156950000673532 ], [ 683774.718440000084229, 8227561.156950000673532 ], [ 683774.718440000084229, 8227561.186970001086593 ], [ 683774.688420000020415, 8227561.186970001086593 ], [ 683774.688420000020415, 8227561.21699000056833 ], [ 683774.62838, 8227561.21699000056833 ], [ 683774.62838, 8227561.24701000098139 ], [ 683774.598360000061803, 8227561.24701000098139 ], [ 683774.598360000061803, 8227561.277030001394451 ], [ 683774.538320000050589, 8227561.277030001394451 ], [ 683774.538320000050589, 8227561.307050000876188 ], [ 683774.478280000039376, 8227561.307050000876188 ], [ 683774.478280000039376, 8227561.337070001289248 ], [ 683774.448260000091977, 8227561.337070001289248 ], [ 683774.448260000091977, 8227561.367090000770986 ], [ 683774.388220000080764, 8227561.367090000770986 ], [ 683774.388220000080764, 8227561.397110001184046 ], [ 683774.328180000069551, 8227561.397110001184046 ], [ 683774.328180000069551, 8227561.427130000665784 ], [ 683774.29816, 8227561.427130000665784 ], [ 683774.29816, 8227561.457150001078844 ], [ 683774.238120000110939, 8227561.457150001078844 ], [ 683774.238120000110939, 8227561.487170000560582 ], [ 683774.178080000099726, 8227561.487170000560582 ], [ 683774.178080000099726, 8227561.517190000973642 ], [ 683774.148060000035912, 8227561.517190000973642 ], [ 683774.148060000035912, 8227561.547210001386702 ], [ 683774.088020000024699, 8227561.547210001386702 ], [ 683774.088020000024699, 8227561.57723000086844 ], [ 683774.027980000013486, 8227561.57723000086844 ], [ 683774.027980000013486, 8227561.6072500012815 ], [ 683773.997960000066087, 8227561.6072500012815 ], [ 683773.997960000066087, 8227561.637270000763237 ], [ 683773.937920000054874, 8227561.637270000763237 ], [ 683773.937920000054874, 8227561.667290001176298 ], [ 683773.907900000107475, 8227561.667290001176298 ], [ 683773.907900000107475, 8227561.697310000658035 ], [ 683773.847860000096262, 8227561.697310000658035 ], [ 683773.847860000096262, 8227561.727330001071095 ], [ 683773.787820000085048, 8227561.727330001071095 ], [ 683773.787820000085048, 8227561.757350000552833 ], [ 683773.757800000021234, 8227561.757350000552833 ], [ 683773.757800000021234, 8227561.787370000965893 ], [ 683773.697760000010021, 8227561.787370000965893 ], [ 683773.697760000010021, 8227561.817390001378953 ], [ 683773.637720000115223, 8227561.817390001378953 ], [ 683773.637720000115223, 8227561.847410000860691 ], [ 683773.607700000051409, 8227561.847410000860691 ], [ 683773.607700000051409, 8227561.877430001273751 ], [ 683773.547660000040196, 8227561.877430001273751 ], [ 683773.547660000040196, 8227561.907450000755489 ], [ 683773.487620000028983, 8227561.907450000755489 ], [ 683773.487620000028983, 8227561.937470001168549 ], [ 683773.457600000081584, 8227561.937470001168549 ], [ 683773.457600000081584, 8227561.967490000650287 ], [ 683773.397560000070371, 8227561.967490000650287 ], [ 683773.397560000070371, 8227561.997510001063347 ], [ 683773.36754, 8227561.997510001063347 ], [ 683773.36754, 8227562.027530001476407 ], [ 683773.307500000111759, 8227562.027530001476407 ], [ 683773.307500000111759, 8227562.057550000958145 ], [ 683773.247460000100546, 8227562.057550000958145 ], [ 683773.247460000100546, 8227562.087570001371205 ], [ 683773.217440000036731, 8227562.087570001371205 ], [ 683773.217440000036731, 8227562.117590000852942 ], [ 683773.157400000025518, 8227562.117590000852942 ], [ 683773.157400000025518, 8227562.147610001266003 ], [ 683773.097360000014305, 8227562.147610001266003 ], [ 683773.097360000014305, 8227562.17763000074774 ], [ 683773.067340000066906, 8227562.17763000074774 ], [ 683773.067340000066906, 8227562.2076500011608 ], [ 683773.007300000055693, 8227562.2076500011608 ], [ 683773.007300000055693, 8227562.237670000642538 ], [ 683772.94726000004448, 8227562.237670000642538 ], [ 683772.94726000004448, 8227562.267690001055598 ], [ 683772.917240000097081, 8227562.267690001055598 ], [ 683772.917240000097081, 8227562.297710001468658 ], [ 683772.857200000085868, 8227562.297710001468658 ], [ 683772.857200000085868, 8227562.327730000950396 ], [ 683772.797160000074655, 8227562.327730000950396 ], [ 683772.797160000074655, 8227562.357750001363456 ], [ 683772.767140000010841, 8227562.357750001363456 ], [ 683772.767140000010841, 8227562.387770000845194 ], [ 683772.7071, 8227562.387770000845194 ], [ 683772.7071, 8227562.417790001258254 ], [ 683772.677080000052229, 8227562.417790001258254 ], [ 683772.677080000052229, 8227562.447810000739992 ], [ 683772.617040000041015, 8227562.447810000739992 ], [ 683772.617040000041015, 8227562.477830001153052 ], [ 683772.557000000029802, 8227562.477830001153052 ], [ 683772.557000000029802, 8227562.507850000634789 ], [ 683772.526980000082403, 8227562.507850000634789 ], [ 683772.526980000082403, 8227562.53787000104785 ], [ 683772.46694000007119, 8227562.53787000104785 ], [ 683772.46694000007119, 8227562.56789000146091 ], [ 683772.406900000059977, 8227562.56789000146091 ], [ 683772.406900000059977, 8227562.597910000942647 ], [ 683772.376880000112578, 8227562.597910000942647 ], [ 683772.376880000112578, 8227562.627930001355708 ], [ 683772.316840000101365, 8227562.627930001355708 ], [ 683772.316840000101365, 8227562.657950000837445 ], [ 683772.256800000090152, 8227562.657950000837445 ], [ 683772.256800000090152, 8227562.687970001250505 ], [ 683772.226780000026338, 8227562.687970001250505 ], [ 683772.226780000026338, 8227562.717990000732243 ], [ 683772.166740000015125, 8227562.717990000732243 ], [ 683772.166740000015125, 8227562.748010001145303 ], [ 683772.136720000067726, 8227562.748010001145303 ], [ 683772.136720000067726, 8227562.778030000627041 ], [ 683772.076680000056513, 8227562.778030000627041 ], [ 683772.076680000056513, 8227562.808050001040101 ], [ 683772.0166400000453, 8227562.808050001040101 ], [ 683772.0166400000453, 8227562.838070001453161 ], [ 683771.986620000097901, 8227562.838070001453161 ], [ 683771.986620000097901, 8227562.868090000934899 ], [ 683771.926580000086688, 8227562.868090000934899 ], [ 683771.926580000086688, 8227562.898110001347959 ], [ 683771.866540000075474, 8227562.898110001347959 ], [ 683771.866540000075474, 8227562.928130000829697 ], [ 683771.83652000001166, 8227562.928130000829697 ], [ 683771.83652000001166, 8227562.958150001242757 ], [ 683771.77648, 8227562.958150001242757 ], [ 683771.77648, 8227562.988170000724494 ], [ 683771.716440000105649, 8227562.988170000724494 ], [ 683771.716440000105649, 8227563.018190001137555 ], [ 683771.686420000041835, 8227563.018190001137555 ], [ 683771.686420000041835, 8227563.048210000619292 ], [ 683771.626380000030622, 8227563.048210000619292 ], [ 683771.626380000030622, 8227563.078230001032352 ], [ 683771.566340000019409, 8227563.078230001032352 ], [ 683771.566340000019409, 8227563.108250001445413 ], [ 683771.53632000007201, 8227563.108250001445413 ], [ 683771.53632000007201, 8227563.13827000092715 ], [ 683771.476280000060797, 8227563.13827000092715 ], [ 683771.476280000060797, 8227563.16829000134021 ], [ 683771.446260000113398, 8227563.16829000134021 ], [ 683771.446260000113398, 8227563.198310000821948 ], [ 683771.386220000102185, 8227563.198310000821948 ], [ 683771.386220000102185, 8227563.228330001235008 ], [ 683771.326180000090972, 8227563.228330001235008 ], [ 683771.326180000090972, 8227563.258350000716746 ], [ 683771.296160000027157, 8227563.258350000716746 ], [ 683771.296160000027157, 8227563.288370001129806 ], [ 683771.236120000015944, 8227563.288370001129806 ], [ 683771.236120000015944, 8227563.318390000611544 ], [ 683771.17608, 8227563.318390000611544 ], [ 683771.17608, 8227563.348410001024604 ], [ 683771.146060000057332, 8227563.348410001024604 ], [ 683771.146060000057332, 8227563.378430001437664 ], [ 683771.086020000046119, 8227563.378430001437664 ], [ 683771.086020000046119, 8227563.408450000919402 ], [ 683771.025980000034906, 8227563.408450000919402 ], [ 683771.025980000034906, 8227563.438470001332462 ], [ 683770.995960000087507, 8227563.438470001332462 ], [ 683770.995960000087507, 8227563.468490000814199 ], [ 683770.935920000076294, 8227563.468490000814199 ], [ 683770.935920000076294, 8227563.49851000122726 ], [ 683770.90590000001248, 8227563.49851000122726 ], [ 683770.90590000001248, 8227563.528530000708997 ], [ 683770.84586, 8227563.528530000708997 ], [ 683770.84586, 8227563.558550001122057 ], [ 683770.785820000106469, 8227563.558550001122057 ], [ 683770.785820000106469, 8227563.588570000603795 ], [ 683770.755800000042655, 8227563.588570000603795 ], [ 683770.755800000042655, 8227563.618590001016855 ], [ 683770.695760000031441, 8227563.618590001016855 ], [ 683770.695760000031441, 8227563.648610001429915 ], [ 683770.635720000020228, 8227563.648610001429915 ], [ 683770.635720000020228, 8227563.678630000911653 ], [ 683770.605700000072829, 8227563.678630000911653 ], [ 683770.605700000072829, 8227563.708650001324713 ], [ 683770.545660000061616, 8227563.708650001324713 ], [ 683770.545660000061616, 8227563.738670000806451 ], [ 683770.485620000050403, 8227563.738670000806451 ], [ 683770.485620000050403, 8227563.768690001219511 ], [ 683770.455600000103004, 8227563.768690001219511 ], [ 683770.455600000103004, 8227563.798710000701249 ], [ 683770.395560000091791, 8227563.798710000701249 ], [ 683770.395560000091791, 8227563.828730001114309 ], [ 683770.335520000080578, 8227563.828730001114309 ], [ 683770.335520000080578, 8227563.858750000596046 ], [ 683770.305500000016764, 8227563.858750000596046 ], [ 683770.305500000016764, 8227563.888770001009107 ], [ 683770.24546, 8227563.888770001009107 ], [ 683770.24546, 8227563.918790001422167 ], [ 683770.215440000058152, 8227563.918790001422167 ], [ 683770.215440000058152, 8227563.948810000903904 ], [ 683770.155400000046939, 8227563.948810000903904 ], [ 683770.155400000046939, 8227563.978830001316965 ], [ 683770.095360000035726, 8227563.978830001316965 ], [ 683770.095360000035726, 8227564.008850000798702 ], [ 683770.065340000088327, 8227564.008850000798702 ], [ 683770.065340000088327, 8227564.038870001211762 ], [ 683770.005300000077114, 8227564.038870001211762 ], [ 683770.005300000077114, 8227564.0688900006935 ], [ 683769.9452600000659, 8227564.0688900006935 ], [ 683769.9452600000659, 8227564.09891000110656 ], [ 683769.91524, 8227564.09891000110656 ], [ 683769.91524, 8227564.128930000588298 ], [ 683769.855200000107288, 8227564.128930000588298 ], [ 683769.855200000107288, 8227564.158950001001358 ], [ 683769.795160000096075, 8227564.158950001001358 ], [ 683769.795160000096075, 8227564.188970001414418 ], [ 683769.765140000032261, 8227564.188970001414418 ], [ 683769.765140000032261, 8227564.218990000896156 ], [ 683769.705100000021048, 8227564.218990000896156 ], [ 683769.705100000021048, 8227564.249010001309216 ], [ 683769.675080000073649, 8227564.249010001309216 ], [ 683769.675080000073649, 8227564.279030000790954 ], [ 683769.615040000062436, 8227564.279030000790954 ], [ 683769.615040000062436, 8227564.309050001204014 ], [ 683769.555000000051223, 8227564.309050001204014 ], [ 683769.555000000051223, 8227564.339070000685751 ], [ 683769.524980000103824, 8227564.339070000685751 ], [ 683769.524980000103824, 8227564.369090001098812 ], [ 683769.464940000092611, 8227564.369090001098812 ], [ 683769.464940000092611, 8227564.399110000580549 ], [ 683769.404900000081398, 8227564.399110000580549 ], [ 683769.404900000081398, 8227564.429130000993609 ], [ 683769.374880000017583, 8227564.429130000993609 ], [ 683769.374880000017583, 8227564.45915000140667 ], [ 683769.31484, 8227564.45915000140667 ], [ 683769.31484, 8227564.489170000888407 ], [ 683769.254800000111572, 8227564.489170000888407 ], [ 683769.254800000111572, 8227564.519190001301467 ], [ 683769.224780000047758, 8227564.519190001301467 ], [ 683769.224780000047758, 8227564.549210000783205 ], [ 683769.164740000036545, 8227564.549210000783205 ], [ 683769.164740000036545, 8227564.579230001196265 ], [ 683769.104700000025332, 8227564.579230001196265 ], [ 683769.104700000025332, 8227564.609250000678003 ], [ 683769.074680000077933, 8227564.609250000678003 ], [ 683769.074680000077933, 8227564.639270001091063 ], [ 683769.01464000006672, 8227564.639270001091063 ], [ 683769.01464000006672, 8227564.669290000572801 ], [ 683768.98462, 8227564.669290000572801 ], [ 683768.98462, 8227564.699310000985861 ], [ 683768.924580000108108, 8227564.699310000985861 ], [ 683768.924580000108108, 8227564.729330001398921 ], [ 683768.864540000096895, 8227564.729330001398921 ], [ 683768.864540000096895, 8227564.759350000880659 ], [ 683768.834520000033081, 8227564.759350000880659 ], [ 683768.834520000033081, 8227564.789370001293719 ], [ 683768.774480000021867, 8227564.789370001293719 ], [ 683768.774480000021867, 8227564.819390000775456 ], [ 683768.714440000010654, 8227564.819390000775456 ], [ 683768.714440000010654, 8227564.849410001188517 ], [ 683768.684420000063255, 8227564.849410001188517 ], [ 683768.684420000063255, 8227564.879430000670254 ], [ 683768.624380000052042, 8227564.879430000670254 ], [ 683768.624380000052042, 8227564.909450001083314 ], [ 683768.564340000040829, 8227564.909450001083314 ], [ 683768.564340000040829, 8227564.939470000565052 ], [ 683768.53432000009343, 8227564.939470000565052 ], [ 683768.53432000009343, 8227564.969490000978112 ], [ 683768.474280000082217, 8227564.969490000978112 ], [ 683768.474280000082217, 8227564.999510001391172 ], [ 683768.444260000018403, 8227564.999510001391172 ], [ 683768.444260000018403, 8227565.02953000087291 ], [ 683768.38422, 8227565.02953000087291 ], [ 683768.38422, 8227565.05955000128597 ], [ 683768.324180000112392, 8227565.05955000128597 ], [ 683768.324180000112392, 8227565.089570000767708 ], [ 683768.294160000048578, 8227565.089570000767708 ], [ 683768.294160000048578, 8227565.119590001180768 ], [ 683768.234120000037365, 8227565.119590001180768 ], [ 683768.234120000037365, 8227565.149610000662506 ], [ 683768.174080000026152, 8227565.149610000662506 ], [ 683768.174080000026152, 8227565.179630001075566 ], [ 683768.144060000078753, 8227565.179630001075566 ], [ 683768.144060000078753, 8227565.209650000557303 ], [ 683768.08402000006754, 8227565.209650000557303 ], [ 683768.08402000006754, 8227565.239670000970364 ], [ 683768.023980000056326, 8227565.239670000970364 ], [ 683768.023980000056326, 8227565.269690001383424 ], [ 683767.993960000108927, 8227565.269690001383424 ], [ 683767.993960000108927, 8227565.299710000865161 ], [ 683767.933920000097714, 8227565.299710000865161 ], [ 683767.933920000097714, 8227565.329730001278222 ], [ 683767.873880000086501, 8227565.329730001278222 ], [ 683767.873880000086501, 8227565.359750000759959 ], [ 683767.843860000022687, 8227565.359750000759959 ], [ 683767.843860000022687, 8227565.389770001173019 ], [ 683767.783820000011474, 8227565.389770001173019 ], [ 683767.783820000011474, 8227565.419790000654757 ], [ 683767.753800000064075, 8227565.419790000654757 ], [ 683767.753800000064075, 8227565.449810001067817 ], [ 683767.693760000052862, 8227565.449810001067817 ], [ 683767.693760000052862, 8227565.479830000549555 ], [ 683767.633720000041649, 8227565.479830000549555 ], [ 683767.633720000041649, 8227565.509850000962615 ], [ 683767.60370000009425, 8227565.509850000962615 ], [ 683767.60370000009425, 8227565.539870001375675 ], [ 683767.543660000083037, 8227565.539870001375675 ], [ 683767.543660000083037, 8227565.569890000857413 ], [ 683767.483620000071824, 8227565.569890000857413 ], [ 683767.483620000071824, 8227565.599910001270473 ], [ 683767.4536, 8227565.599910001270473 ], [ 683767.4536, 8227565.629930000752211 ], [ 683767.393560000113212, 8227565.629930000752211 ], [ 683767.393560000113212, 8227565.659950001165271 ], [ 683767.333520000101998, 8227565.659950001165271 ], [ 683767.333520000101998, 8227565.689970000647008 ], [ 683767.303500000038184, 8227565.689970000647008 ], [ 683767.303500000038184, 8227565.719990001060069 ], [ 683767.243460000026971, 8227565.719990001060069 ], [ 683767.243460000026971, 8227565.750010001473129 ], [ 683767.213440000079572, 8227565.750010001473129 ], [ 683767.213440000079572, 8227565.780030000954866 ], [ 683767.153400000068359, 8227565.780030000954866 ], [ 683767.153400000068359, 8227565.810050001367927 ], [ 683767.093360000057146, 8227565.810050001367927 ], [ 683767.093360000057146, 8227565.840070000849664 ], [ 683767.063340000109747, 8227565.840070000849664 ], [ 683767.063340000109747, 8227565.870090001262724 ], [ 683767.003300000098534, 8227565.870090001262724 ], [ 683767.003300000098534, 8227565.900110000744462 ], [ 683766.943260000087321, 8227565.900110000744462 ], [ 683766.943260000087321, 8227565.930130001157522 ], [ 683766.913240000023507, 8227565.930130001157522 ], [ 683766.913240000023507, 8227565.96015000063926 ], [ 683766.853200000012293, 8227565.96015000063926 ], [ 683766.853200000012293, 8227565.99017000105232 ], [ 683766.79316, 8227565.99017000105232 ], [ 683766.79316, 8227566.02019000146538 ], [ 683766.763140000053681, 8227566.02019000146538 ], [ 683766.763140000053681, 8227566.050210000947118 ], [ 683766.703100000042468, 8227566.050210000947118 ], [ 683766.703100000042468, 8227566.080230001360178 ], [ 683766.673080000095069, 8227566.080230001360178 ], [ 683766.673080000095069, 8227566.110250000841916 ], [ 683766.613040000083856, 8227566.110250000841916 ], [ 683766.613040000083856, 8227566.140270001254976 ], [ 683766.553000000072643, 8227566.140270001254976 ], [ 683766.553000000072643, 8227566.170290000736713 ], [ 683766.52298, 8227566.170290000736713 ], [ 683766.52298, 8227566.200310001149774 ], [ 683766.462940000114031, 8227566.200310001149774 ], [ 683766.462940000114031, 8227566.230330000631511 ], [ 683766.402900000102818, 8227566.230330000631511 ], [ 683766.402900000102818, 8227566.260350001044571 ], [ 683766.372880000039004, 8227566.260350001044571 ], [ 683766.372880000039004, 8227566.290370001457632 ], [ 683766.312840000027791, 8227566.290370001457632 ], [ 683766.312840000027791, 8227566.320390000939369 ], [ 683766.252800000016578, 8227566.320390000939369 ], [ 683766.252800000016578, 8227566.350410001352429 ], [ 683766.222780000069179, 8227566.350410001352429 ], [ 683766.222780000069179, 8227566.380430000834167 ], [ 683766.162740000057966, 8227566.380430000834167 ], [ 683766.162740000057966, 8227566.410450001247227 ], [ 683766.102700000046752, 8227566.410450001247227 ], [ 683766.102700000046752, 8227566.440470000728965 ], [ 683766.072680000099353, 8227566.440470000728965 ], [ 683766.072680000099353, 8227566.470490001142025 ], [ 683766.01264000008814, 8227566.470490001142025 ], [ 683766.01264000008814, 8227566.500510000623763 ], [ 683765.982620000024326, 8227566.500510000623763 ], [ 683765.982620000024326, 8227566.530530001036823 ], [ 683765.922580000013113, 8227566.530530001036823 ], [ 683765.922580000013113, 8227566.560550001449883 ], [ 683765.86254, 8227566.560550001449883 ], [ 683765.86254, 8227566.590570000931621 ], [ 683765.832520000054501, 8227566.590570000931621 ], [ 683765.832520000054501, 8227566.620590001344681 ], [ 683765.772480000043288, 8227566.620590001344681 ], [ 683765.772480000043288, 8227566.650610000826418 ], [ 683765.712440000032075, 8227566.650610000826418 ], [ 683765.712440000032075, 8227566.680630001239479 ], [ 683765.682420000084676, 8227566.680630001239479 ], [ 683765.682420000084676, 8227566.710650000721216 ], [ 683765.622380000073463, 8227566.710650000721216 ], [ 683765.622380000073463, 8227566.740670001134276 ], [ 683765.56234000006225, 8227566.740670001134276 ], [ 683765.56234000006225, 8227566.770690000616014 ], [ 683765.532320000114851, 8227566.770690000616014 ], [ 683765.532320000114851, 8227566.800710001029074 ], [ 683765.472280000103638, 8227566.800710001029074 ], [ 683765.472280000103638, 8227566.830730001442134 ], [ 683765.442260000039823, 8227566.830730001442134 ], [ 683765.442260000039823, 8227566.860750000923872 ], [ 683765.38222000002861, 8227566.860750000923872 ], [ 683765.38222000002861, 8227566.890770001336932 ], [ 683765.322180000017397, 8227566.890770001336932 ], [ 683765.322180000017397, 8227566.92079000081867 ], [ 683765.292160000069998, 8227566.92079000081867 ], [ 683765.292160000069998, 8227566.95081000123173 ], [ 683765.232120000058785, 8227566.95081000123173 ], [ 683765.232120000058785, 8227566.980830000713468 ], [ 683765.172080000047572, 8227566.980830000713468 ], [ 683765.172080000047572, 8227567.010850001126528 ], [ 683765.142060000100173, 8227567.010850001126528 ], [ 683765.142060000100173, 8227567.040870000608265 ], [ 683765.08202000008896, 8227567.040870000608265 ], [ 683765.08202000008896, 8227567.070890001021326 ], [ 683765.021980000077747, 8227567.070890001021326 ], [ 683765.021980000077747, 8227567.100910001434386 ], [ 683764.991960000013933, 8227567.100910001434386 ], [ 683764.991960000013933, 8227567.130930000916123 ], [ 683764.93192, 8227567.130930000916123 ], [ 683764.93192, 8227567.160950001329184 ], [ 683764.871880000107922, 8227567.160950001329184 ], [ 683764.871880000107922, 8227567.190970000810921 ], [ 683764.841860000044107, 8227567.190970000810921 ], [ 683764.841860000044107, 8227567.220990001223981 ], [ 683764.781820000032894, 8227567.220990001223981 ], [ 683764.781820000032894, 8227567.251010000705719 ], [ 683764.751800000085495, 8227567.251010000705719 ], [ 683764.751800000085495, 8227567.281030001118779 ], [ 683764.691760000074282, 8227567.281030001118779 ], [ 683764.691760000074282, 8227567.311050000600517 ], [ 683764.631720000063069, 8227567.311050000600517 ], [ 683764.631720000063069, 8227567.341070001013577 ], [ 683764.6017, 8227567.341070001013577 ], [ 683764.6017, 8227567.371090001426637 ], [ 683764.541660000104457, 8227567.371090001426637 ], [ 683764.541660000104457, 8227567.401110000908375 ], [ 683764.481620000093244, 8227567.401110000908375 ], [ 683764.481620000093244, 8227567.431130001321435 ], [ 683764.45160000002943, 8227567.431130001321435 ], [ 683764.45160000002943, 8227567.461150000803173 ], [ 683764.391560000018217, 8227567.461150000803173 ], [ 683764.391560000018217, 8227567.491170001216233 ], [ 683764.33152, 8227567.491170001216233 ], [ 683764.33152, 8227567.52119000069797 ], [ 683764.301500000059605, 8227567.52119000069797 ], [ 683764.301500000059605, 8227567.551210001111031 ], [ 683764.241460000048392, 8227567.551210001111031 ], [ 683764.241460000048392, 8227567.581230000592768 ], [ 683764.211440000100993, 8227567.581230000592768 ], [ 683764.211440000100993, 8227567.611250001005828 ], [ 683764.151400000089779, 8227567.611250001005828 ], [ 683764.151400000089779, 8227567.641270001418889 ], [ 683764.091360000078566, 8227567.641270001418889 ], [ 683764.091360000078566, 8227567.671290000900626 ], [ 683764.061340000014752, 8227567.671290000900626 ], [ 683764.061340000014752, 8227567.701310001313686 ], [ 683764.0013, 8227567.701310001313686 ], [ 683764.0013, 8227567.731330000795424 ], [ 683763.941260000108741, 8227567.731330000795424 ], [ 683763.941260000108741, 8227567.761350001208484 ], [ 683763.881220000097528, 8227567.761350001208484 ], [ 683763.881220000097528, 8227567.791370000690222 ], [ 683763.821180000086315, 8227567.791370000690222 ], [ 683763.821180000086315, 8227567.821390001103282 ], [ 683763.761140000075102, 8227567.821390001103282 ], [ 683763.761140000075102, 8227567.85141000058502 ], [ 683763.701100000063889, 8227567.85141000058502 ], [ 683763.701100000063889, 8227567.88143000099808 ], [ 683763.641060000052676, 8227567.88143000099808 ], [ 683763.641060000052676, 8227567.91145000141114 ], [ 683763.581020000041462, 8227567.91145000141114 ], [ 683763.581020000041462, 8227567.941470000892878 ], [ 683763.520980000030249, 8227567.941470000892878 ], [ 683763.520980000030249, 8227567.971490001305938 ], [ 683763.460940000019036, 8227567.971490001305938 ], [ 683763.460940000019036, 8227568.001510000787675 ], [ 683763.4009, 8227568.001510000787675 ], [ 683763.4009, 8227568.031530001200736 ], [ 683763.340860000113025, 8227568.031530001200736 ], [ 683763.340860000113025, 8227568.061550000682473 ], [ 683763.280820000101812, 8227568.061550000682473 ], [ 683763.280820000101812, 8227568.091570001095533 ], [ 683763.220780000090599, 8227568.091570001095533 ], [ 683763.220780000090599, 8227568.121590000577271 ], [ 683763.160740000079386, 8227568.121590000577271 ], [ 683763.160740000079386, 8227568.151610000990331 ], [ 683763.100700000068173, 8227568.151610000990331 ], [ 683763.100700000068173, 8227568.181630001403391 ], [ 683763.04066000005696, 8227568.181630001403391 ], [ 683763.04066000005696, 8227568.211650000885129 ], [ 683762.980620000045747, 8227568.211650000885129 ], [ 683762.980620000045747, 8227568.241670001298189 ], [ 683762.920580000034533, 8227568.241670001298189 ], [ 683762.920580000034533, 8227568.271690000779927 ], [ 683762.86054000002332, 8227568.271690000779927 ], [ 683762.86054000002332, 8227568.301710001192987 ], [ 683762.800500000012107, 8227568.301710001192987 ], [ 683762.800500000012107, 8227568.331730000674725 ], [ 683762.74046, 8227568.331730000674725 ], [ 683762.74046, 8227568.361750001087785 ], [ 683762.680420000106096, 8227568.361750001087785 ], [ 683762.680420000106096, 8227568.391770000569522 ], [ 683762.620380000094883, 8227568.391770000569522 ], [ 683762.620380000094883, 8227568.421790000982583 ], [ 683762.56034000008367, 8227568.421790000982583 ], [ 683762.56034000008367, 8227568.451810001395643 ], [ 683762.500300000072457, 8227568.451810001395643 ], [ 683762.500300000072457, 8227568.48183000087738 ], [ 683762.440260000061244, 8227568.48183000087738 ], [ 683762.440260000061244, 8227568.511850001290441 ], [ 683762.380220000050031, 8227568.511850001290441 ], [ 683762.380220000050031, 8227568.541870000772178 ], [ 683762.320180000038818, 8227568.541870000772178 ], [ 683762.320180000038818, 8227568.571890001185238 ], [ 683762.260140000027604, 8227568.571890001185238 ], [ 683762.260140000027604, 8227568.601910000666976 ], [ 683762.200100000016391, 8227568.601910000666976 ], [ 683762.200100000016391, 8227568.631930001080036 ], [ 683762.14006, 8227568.631930001080036 ], [ 683762.14006, 8227568.661950000561774 ], [ 683762.08002000011038, 8227568.661950000561774 ], [ 683762.08002000011038, 8227568.691970000974834 ], [ 683762.019980000099167, 8227568.691970000974834 ], [ 683762.019980000099167, 8227568.721990001387894 ], [ 683761.959940000087954, 8227568.721990001387894 ], [ 683761.959940000087954, 8227568.752010000869632 ], [ 683761.899900000076741, 8227568.752010000869632 ], [ 683761.899900000076741, 8227568.782030001282692 ], [ 683761.839860000065528, 8227568.782030001282692 ], [ 683761.839860000065528, 8227568.81205000076443 ], [ 683761.779820000054315, 8227568.81205000076443 ], [ 683761.779820000054315, 8227568.84207000117749 ], [ 683761.719780000043102, 8227568.84207000117749 ], [ 683761.719780000043102, 8227568.872090000659227 ], [ 683761.659740000031888, 8227568.872090000659227 ], [ 683761.659740000031888, 8227568.902110001072288 ], [ 683761.599700000020675, 8227568.902110001072288 ], [ 683761.599700000020675, 8227568.932130000554025 ], [ 683761.53966, 8227568.932130000554025 ], [ 683761.53966, 8227568.962150000967085 ], [ 683761.479620000114664, 8227568.962150000967085 ], [ 683761.479620000114664, 8227568.992170001380146 ], [ 683761.419580000103451, 8227568.992170001380146 ], [ 683761.419580000103451, 8227569.022190000861883 ], [ 683761.359540000092238, 8227569.022190000861883 ], [ 683761.359540000092238, 8227569.052210001274943 ], [ 683761.299500000081025, 8227569.052210001274943 ], [ 683761.299500000081025, 8227569.082230000756681 ], [ 683761.239460000069812, 8227569.082230000756681 ], [ 683761.239460000069812, 8227569.112250001169741 ], [ 683761.179420000058599, 8227569.112250001169741 ], [ 683761.179420000058599, 8227569.142270000651479 ], [ 683761.119380000047386, 8227569.142270000651479 ], [ 683761.119380000047386, 8227569.172290001064539 ], [ 683761.059340000036173, 8227569.172290001064539 ], [ 683761.059340000036173, 8227569.202310001477599 ], [ 683760.999300000024959, 8227569.202310001477599 ], [ 683760.999300000024959, 8227569.232330000959337 ], [ 683760.939260000013746, 8227569.232330000959337 ], [ 683760.939260000013746, 8227569.262350001372397 ], [ 683760.87922, 8227569.262350001372397 ], [ 683760.87922, 8227569.292370000854135 ], [ 683760.819180000107735, 8227569.292370000854135 ], [ 683760.819180000107735, 8227569.322390001267195 ], [ 683760.759140000096522, 8227569.322390001267195 ], [ 683760.759140000096522, 8227569.352410000748932 ], [ 683760.699100000085309, 8227569.352410000748932 ], [ 683760.699100000085309, 8227569.382430001161993 ], [ 683760.639060000074096, 8227569.382430001161993 ], [ 683760.639060000074096, 8227569.41245000064373 ], [ 683760.579020000062883, 8227569.41245000064373 ], [ 683760.579020000062883, 8227569.44247000105679 ], [ 683760.51898000005167, 8227569.44247000105679 ], [ 683760.51898000005167, 8227569.472490001469851 ], [ 683760.458940000040457, 8227569.472490001469851 ], [ 683760.458940000040457, 8227569.502510000951588 ], [ 683760.398900000029244, 8227569.502510000951588 ], [ 683760.398900000029244, 8227569.532530001364648 ], [ 683760.33886000001803, 8227569.532530001364648 ], [ 683760.33886000001803, 8227569.562550000846386 ], [ 683760.248800000059418, 8227569.562550000846386 ], [ 683760.248800000059418, 8227569.592570001259446 ], [ 683760.188760000048205, 8227569.592570001259446 ], [ 683760.188760000048205, 8227569.622590000741184 ], [ 683760.128720000036992, 8227569.622590000741184 ], [ 683760.128720000036992, 8227569.652610001154244 ], [ 683760.068680000025779, 8227569.652610001154244 ], [ 683760.068680000025779, 8227569.682630000635982 ], [ 683760.008640000014566, 8227569.682630000635982 ], [ 683760.008640000014566, 8227569.712650001049042 ], [ 683759.9486, 8227569.712650001049042 ], [ 683759.9486, 8227569.742670001462102 ], [ 683759.888560000108555, 8227569.742670001462102 ], [ 683759.888560000108555, 8227569.77269000094384 ], [ 683759.828520000097342, 8227569.77269000094384 ], [ 683759.828520000097342, 8227569.8027100013569 ], [ 683759.768480000086129, 8227569.8027100013569 ], [ 683759.768480000086129, 8227569.832730000838637 ], [ 683759.708440000074916, 8227569.832730000838637 ], [ 683759.708440000074916, 8227569.862750001251698 ], [ 683759.648400000063702, 8227569.862750001251698 ], [ 683759.648400000063702, 8227569.892770000733435 ], [ 683759.588360000052489, 8227569.892770000733435 ], [ 683759.588360000052489, 8227569.922790001146495 ], [ 683759.528320000041276, 8227569.922790001146495 ], [ 683759.528320000041276, 8227569.952810000628233 ], [ 683759.468280000030063, 8227569.952810000628233 ], [ 683759.468280000030063, 8227569.982830001041293 ], [ 683759.40824000001885, 8227569.982830001041293 ], [ 683759.40824000001885, 8227570.012850001454353 ], [ 683759.3482, 8227570.012850001454353 ], [ 683759.3482, 8227570.042870000936091 ], [ 683759.288160000112839, 8227570.042870000936091 ], [ 683759.288160000112839, 8227570.072890001349151 ], [ 683759.228120000101626, 8227570.072890001349151 ], [ 683759.228120000101626, 8227570.102910000830889 ], [ 683759.168080000090413, 8227570.102910000830889 ], [ 683759.168080000090413, 8227570.132930001243949 ], [ 683759.1080400000792, 8227570.132930001243949 ], [ 683759.1080400000792, 8227570.162950000725687 ], [ 683759.048000000067987, 8227570.162950000725687 ], [ 683759.048000000067987, 8227570.192970001138747 ], [ 683758.987960000056773, 8227570.192970001138747 ], [ 683758.987960000056773, 8227570.222990000620484 ], [ 683758.92792000004556, 8227570.222990000620484 ], [ 683758.92792000004556, 8227570.253010001033545 ], [ 683758.867880000034347, 8227570.253010001033545 ], [ 683758.867880000034347, 8227570.283030001446605 ], [ 683758.807840000023134, 8227570.283030001446605 ], [ 683758.807840000023134, 8227570.313050000928342 ], [ 683758.747800000011921, 8227570.313050000928342 ], [ 683758.747800000011921, 8227570.343070001341403 ], [ 683758.68776, 8227570.343070001341403 ], [ 683758.68776, 8227570.37309000082314 ], [ 683758.62772000010591, 8227570.37309000082314 ], [ 683758.62772000010591, 8227570.4031100012362 ], [ 683758.567680000094697, 8227570.4031100012362 ], [ 683758.567680000094697, 8227570.433130000717938 ], [ 683758.507640000083484, 8227570.433130000717938 ], [ 683758.507640000083484, 8227570.463150001130998 ], [ 683758.447600000072271, 8227570.463150001130998 ], [ 683758.447600000072271, 8227570.493170000612736 ], [ 683758.387560000061058, 8227570.493170000612736 ], [ 683758.387560000061058, 8227570.523190001025796 ], [ 683758.327520000049844, 8227570.523190001025796 ], [ 683758.327520000049844, 8227570.553210001438856 ], [ 683758.267480000038631, 8227570.553210001438856 ], [ 683758.267480000038631, 8227570.583230000920594 ], [ 683758.207440000027418, 8227570.583230000920594 ], [ 683758.207440000027418, 8227570.613250001333654 ], [ 683758.147400000016205, 8227570.613250001333654 ], [ 683758.147400000016205, 8227570.643270000815392 ], [ 683758.08736, 8227570.643270000815392 ], [ 683758.08736, 8227570.673290001228452 ], [ 683758.027320000110194, 8227570.673290001228452 ], [ 683758.027320000110194, 8227570.703310000710189 ], [ 683757.967280000098981, 8227570.703310000710189 ], [ 683757.967280000098981, 8227570.73333000112325 ], [ 683757.907240000087768, 8227570.73333000112325 ], [ 683757.907240000087768, 8227570.763350000604987 ], [ 683757.847200000076555, 8227570.763350000604987 ], [ 683757.847200000076555, 8227570.793370001018047 ], [ 683757.787160000065342, 8227570.793370001018047 ], [ 683757.787160000065342, 8227570.823390001431108 ], [ 683757.727120000054128, 8227570.823390001431108 ], [ 683757.727120000054128, 8227570.853410000912845 ], [ 683757.667080000042915, 8227570.853410000912845 ], [ 683757.667080000042915, 8227570.883430001325905 ], [ 683757.607040000031702, 8227570.883430001325905 ], [ 683757.607040000031702, 8227570.913450000807643 ], [ 683757.547000000020489, 8227570.913450000807643 ], [ 683757.547000000020489, 8227570.943470001220703 ], [ 683757.48696, 8227570.943470001220703 ], [ 683757.48696, 8227570.973490000702441 ], [ 683757.426920000114478, 8227570.973490000702441 ], [ 683757.426920000114478, 8227571.003510001115501 ], [ 683757.366880000103265, 8227571.003510001115501 ], [ 683757.366880000103265, 8227571.033530000597239 ], [ 683757.306840000092052, 8227571.033530000597239 ], [ 683757.306840000092052, 8227571.063550001010299 ], [ 683757.246800000080839, 8227571.063550001010299 ], [ 683757.246800000080839, 8227571.093570001423359 ], [ 683757.186760000069626, 8227571.093570001423359 ], [ 683757.186760000069626, 8227571.123590000905097 ], [ 683757.126720000058413, 8227571.123590000905097 ], [ 683757.126720000058413, 8227571.153610001318157 ], [ 683757.066680000047199, 8227571.153610001318157 ], [ 683757.066680000047199, 8227571.183630000799894 ], [ 683757.006640000035986, 8227571.183630000799894 ], [ 683757.006640000035986, 8227571.213650001212955 ], [ 683756.946600000024773, 8227571.213650001212955 ], [ 683756.946600000024773, 8227571.243670000694692 ], [ 683756.88656000001356, 8227571.243670000694692 ], [ 683756.88656000001356, 8227571.273690001107752 ], [ 683756.82652, 8227571.273690001107752 ], [ 683756.82652, 8227571.30371000058949 ], [ 683756.766480000107549, 8227571.30371000058949 ], [ 683756.766480000107549, 8227571.33373000100255 ], [ 683756.706440000096336, 8227571.33373000100255 ], [ 683756.706440000096336, 8227571.36375000141561 ], [ 683756.646400000085123, 8227571.36375000141561 ], [ 683756.646400000085123, 8227571.393770000897348 ], [ 683756.58636000007391, 8227571.393770000897348 ], [ 683756.58636000007391, 8227571.423790001310408 ], [ 683756.526320000062697, 8227571.423790001310408 ], [ 683756.526320000062697, 8227571.453810000792146 ], [ 683756.466280000051484, 8227571.453810000792146 ], [ 683756.466280000051484, 8227571.483830001205206 ], [ 683756.40624000004027, 8227571.483830001205206 ], [ 683756.40624000004027, 8227571.513850000686944 ], [ 683756.346200000029057, 8227571.513850000686944 ], [ 683756.346200000029057, 8227571.543870001100004 ], [ 683756.286160000017844, 8227571.543870001100004 ], [ 683756.286160000017844, 8227571.573890000581741 ], [ 683756.22612, 8227571.573890000581741 ], [ 683756.22612, 8227571.603910000994802 ], [ 683756.166080000111833, 8227571.603910000994802 ], [ 683756.166080000111833, 8227571.633930001407862 ], [ 683756.076020000036806, 8227571.633930001407862 ], [ 683756.076020000036806, 8227571.663950000889599 ], [ 683756.015980000025593, 8227571.663950000889599 ], [ 683756.015980000025593, 8227571.69397000130266 ], [ 683755.95594000001438, 8227571.69397000130266 ], [ 683755.95594000001438, 8227571.723990000784397 ], [ 683755.8959, 8227571.723990000784397 ], [ 683755.8959, 8227571.754010001197457 ], [ 683755.835860000108369, 8227571.754010001197457 ], [ 683755.835860000108369, 8227571.784030000679195 ], [ 683755.775820000097156, 8227571.784030000679195 ], [ 683755.775820000097156, 8227571.814050001092255 ], [ 683755.715780000085942, 8227571.814050001092255 ], [ 683755.715780000085942, 8227571.844070000573993 ], [ 683755.655740000074729, 8227571.844070000573993 ], [ 683755.655740000074729, 8227571.874090000987053 ], [ 683755.595700000063516, 8227571.874090000987053 ], [ 683755.595700000063516, 8227571.904110001400113 ], [ 683755.535660000052303, 8227571.904110001400113 ], [ 683755.535660000052303, 8227571.934130000881851 ], [ 683755.47562000004109, 8227571.934130000881851 ], [ 683755.47562000004109, 8227571.964150001294911 ], [ 683755.415580000029877, 8227571.964150001294911 ], [ 683755.415580000029877, 8227571.994170000776649 ], [ 683755.355540000018664, 8227571.994170000776649 ], [ 683755.355540000018664, 8227572.024190001189709 ], [ 683755.2955, 8227572.024190001189709 ], [ 683755.2955, 8227572.054210000671446 ], [ 683755.235460000112653, 8227572.054210000671446 ], [ 683755.235460000112653, 8227572.084230001084507 ], [ 683755.17542000010144, 8227572.084230001084507 ], [ 683755.17542000010144, 8227572.114250000566244 ], [ 683755.115380000090227, 8227572.114250000566244 ], [ 683755.115380000090227, 8227572.144270000979304 ], [ 683755.055340000079013, 8227572.144270000979304 ], [ 683755.055340000079013, 8227572.174290001392365 ], [ 683754.9953000000678, 8227572.174290001392365 ], [ 683754.9953000000678, 8227572.204310000874102 ], [ 683754.935260000056587, 8227572.204310000874102 ], [ 683754.935260000056587, 8227572.234330001287162 ], [ 683754.875220000045374, 8227572.234330001287162 ], [ 683754.875220000045374, 8227572.2643500007689 ], [ 683754.815180000034161, 8227572.2643500007689 ], [ 683754.815180000034161, 8227572.29437000118196 ], [ 683754.755140000022948, 8227572.29437000118196 ], [ 683754.755140000022948, 8227572.324390000663698 ], [ 683754.695100000011735, 8227572.324390000663698 ], [ 683754.695100000011735, 8227572.354410001076758 ], [ 683754.63506, 8227572.354410001076758 ], [ 683754.63506, 8227572.384430000558496 ], [ 683754.575020000105724, 8227572.384430000558496 ], [ 683754.575020000105724, 8227572.414450000971556 ], [ 683754.514980000094511, 8227572.414450000971556 ], [ 683754.514980000094511, 8227572.444470001384616 ], [ 683754.454940000083297, 8227572.444470001384616 ], [ 683754.454940000083297, 8227572.474490000866354 ], [ 683754.394900000072084, 8227572.474490000866354 ], [ 683754.394900000072084, 8227572.504510001279414 ], [ 683754.334860000060871, 8227572.504510001279414 ], [ 683754.334860000060871, 8227572.534530000761151 ], [ 683754.274820000049658, 8227572.534530000761151 ], [ 683754.274820000049658, 8227572.564550001174212 ], [ 683754.214780000038445, 8227572.564550001174212 ], [ 683754.214780000038445, 8227572.594570000655949 ], [ 683754.154740000027232, 8227572.594570000655949 ], [ 683754.154740000027232, 8227572.624590001069009 ], [ 683754.094700000016019, 8227572.624590001069009 ], [ 683754.094700000016019, 8227572.654610000550747 ], [ 683754.03466, 8227572.654610000550747 ], [ 683754.03466, 8227572.684630000963807 ], [ 683753.974620000110008, 8227572.684630000963807 ], [ 683753.974620000110008, 8227572.714650001376867 ], [ 683753.914580000098795, 8227572.714650001376867 ], [ 683753.914580000098795, 8227572.744670000858605 ], [ 683753.854540000087582, 8227572.744670000858605 ], [ 683753.854540000087582, 8227572.774690001271665 ], [ 683753.794500000076368, 8227572.774690001271665 ], [ 683753.794500000076368, 8227572.804710000753403 ], [ 683753.734460000065155, 8227572.804710000753403 ], [ 683753.734460000065155, 8227572.834730001166463 ], [ 683753.674420000053942, 8227572.834730001166463 ], [ 683753.674420000053942, 8227572.864750000648201 ], [ 683753.614380000042729, 8227572.864750000648201 ], [ 683753.614380000042729, 8227572.894770001061261 ], [ 683753.554340000031516, 8227572.894770001061261 ], [ 683753.554340000031516, 8227572.924790001474321 ], [ 683753.494300000020303, 8227572.924790001474321 ], [ 683753.494300000020303, 8227572.954810000956059 ], [ 683753.43426, 8227572.954810000956059 ], [ 683753.43426, 8227572.984830001369119 ], [ 683753.374220000114292, 8227572.984830001369119 ], [ 683753.374220000114292, 8227573.014850000850856 ], [ 683753.314180000103079, 8227573.014850000850856 ], [ 683753.314180000103079, 8227573.044870001263916 ], [ 683753.254140000091866, 8227573.044870001263916 ], [ 683753.254140000091866, 8227573.074890000745654 ], [ 683753.194100000080653, 8227573.074890000745654 ], [ 683753.194100000080653, 8227573.104910001158714 ], [ 683753.134060000069439, 8227573.104910001158714 ], [ 683753.134060000069439, 8227573.134930000640452 ], [ 683753.074020000058226, 8227573.134930000640452 ], [ 683753.074020000058226, 8227573.164950001053512 ], [ 683753.013980000047013, 8227573.164950001053512 ], [ 683753.013980000047013, 8227573.194970001466572 ], [ 683752.9539400000358, 8227573.194970001466572 ], [ 683752.9539400000358, 8227573.22499000094831 ], [ 683752.893900000024587, 8227573.22499000094831 ], [ 683752.893900000024587, 8227573.25501000136137 ], [ 683752.833860000013374, 8227573.25501000136137 ], [ 683752.833860000013374, 8227573.285030000843108 ], [ 683752.77382, 8227573.285030000843108 ], [ 683752.77382, 8227573.315050001256168 ], [ 683752.713780000107363, 8227573.315050001256168 ], [ 683752.713780000107363, 8227573.345070000737906 ], [ 683752.65374000009615, 8227573.345070000737906 ], [ 683752.65374000009615, 8227573.375090001150966 ], [ 683752.593700000084937, 8227573.375090001150966 ], [ 683752.593700000084937, 8227573.405110000632703 ], [ 683752.533660000073723, 8227573.405110000632703 ], [ 683752.533660000073723, 8227573.435130001045763 ], [ 683752.47362000006251, 8227573.435130001045763 ], [ 683752.47362000006251, 8227573.465150001458824 ], [ 683752.413580000051297, 8227573.465150001458824 ], [ 683752.413580000051297, 8227573.495170000940561 ], [ 683752.353540000040084, 8227573.495170000940561 ], [ 683752.353540000040084, 8227573.525190001353621 ], [ 683752.293500000028871, 8227573.525190001353621 ], [ 683752.293500000028871, 8227573.555210000835359 ], [ 683752.233460000017658, 8227573.555210000835359 ], [ 683752.233460000017658, 8227573.585230001248419 ], [ 683752.17342, 8227573.585230001248419 ], [ 683752.17342, 8227573.615250000730157 ], [ 683752.113380000111647, 8227573.615250000730157 ], [ 683752.113380000111647, 8227573.645270001143217 ], [ 683752.053340000100434, 8227573.645270001143217 ], [ 683752.053340000100434, 8227573.675290000624955 ], [ 683751.963280000025406, 8227573.675290000624955 ], [ 683751.963280000025406, 8227573.705310001038015 ], [ 683751.903240000014193, 8227573.705310001038015 ], [ 683751.903240000014193, 8227573.735330001451075 ], [ 683751.8432, 8227573.735330001451075 ], [ 683751.8432, 8227573.765350000932813 ], [ 683751.783160000108182, 8227573.765350000932813 ], [ 683751.783160000108182, 8227573.795370001345873 ], [ 683751.723120000096969, 8227573.795370001345873 ], [ 683751.723120000096969, 8227573.82539000082761 ], [ 683751.663080000085756, 8227573.82539000082761 ], [ 683751.663080000085756, 8227573.855410001240671 ], [ 683751.603040000074543, 8227573.855410001240671 ], [ 683751.603040000074543, 8227573.885430000722408 ], [ 683751.54300000006333, 8227573.885430000722408 ], [ 683751.54300000006333, 8227573.915450001135468 ], [ 683751.482960000052117, 8227573.915450001135468 ], [ 683751.482960000052117, 8227573.945470000617206 ], [ 683751.422920000040904, 8227573.945470000617206 ], [ 683751.422920000040904, 8227573.975490001030266 ], [ 683751.362880000029691, 8227573.975490001030266 ], [ 683751.362880000029691, 8227574.005510001443326 ], [ 683751.302840000018477, 8227574.005510001443326 ], [ 683751.302840000018477, 8227574.035530000925064 ], [ 683751.2428, 8227574.035530000925064 ], [ 683751.2428, 8227574.065550001338124 ], [ 683751.182760000112467, 8227574.065550001338124 ], [ 683751.182760000112467, 8227574.095570000819862 ], [ 683751.122720000101253, 8227574.095570000819862 ], [ 683751.122720000101253, 8227574.125590001232922 ], [ 683751.06268000009004, 8227574.125590001232922 ], [ 683751.06268000009004, 8227574.15561000071466 ], [ 683751.002640000078827, 8227574.15561000071466 ], [ 683751.002640000078827, 8227574.18563000112772 ], [ 683750.942600000067614, 8227574.18563000112772 ], [ 683750.942600000067614, 8227574.215650000609457 ], [ 683750.882560000056401, 8227574.215650000609457 ], [ 683750.882560000056401, 8227574.245670001022518 ], [ 683750.822520000045188, 8227574.245670001022518 ], [ 683750.822520000045188, 8227574.275690001435578 ], [ 683750.762480000033975, 8227574.275690001435578 ], [ 683750.762480000033975, 8227574.305710000917315 ], [ 683750.702440000022762, 8227574.305710000917315 ], [ 683750.702440000022762, 8227574.335730001330376 ], [ 683750.642400000011548, 8227574.335730001330376 ], [ 683750.642400000011548, 8227574.365750000812113 ], [ 683750.58236, 8227574.365750000812113 ], [ 683750.58236, 8227574.395770001225173 ], [ 683750.522320000105537, 8227574.395770001225173 ], [ 683750.522320000105537, 8227574.425790000706911 ], [ 683750.462280000094324, 8227574.425790000706911 ], [ 683750.462280000094324, 8227574.455810001119971 ], [ 683750.402240000083111, 8227574.455810001119971 ], [ 683750.402240000083111, 8227574.485830000601709 ], [ 683750.342200000071898, 8227574.485830000601709 ], [ 683750.342200000071898, 8227574.515850001014769 ], [ 683750.282160000060685, 8227574.515850001014769 ], [ 683750.282160000060685, 8227574.545870001427829 ], [ 683750.222120000049472, 8227574.545870001427829 ], [ 683750.222120000049472, 8227574.575890000909567 ], [ 683750.162080000038259, 8227574.575890000909567 ], [ 683750.162080000038259, 8227574.605910001322627 ], [ 683750.102040000027046, 8227574.605910001322627 ], [ 683750.102040000027046, 8227574.635930000804365 ], [ 683750.042000000015832, 8227574.635930000804365 ], [ 683750.042000000015832, 8227574.665950001217425 ], [ 683749.98196, 8227574.665950001217425 ], [ 683749.98196, 8227574.695970000699162 ], [ 683749.921920000109822, 8227574.695970000699162 ], [ 683749.921920000109822, 8227574.725990001112223 ], [ 683749.861880000098608, 8227574.725990001112223 ], [ 683749.861880000098608, 8227574.75601000059396 ], [ 683749.801840000087395, 8227574.75601000059396 ], [ 683749.801840000087395, 8227574.78603000100702 ], [ 683749.741800000076182, 8227574.78603000100702 ], [ 683749.741800000076182, 8227574.816050001420081 ], [ 683749.681760000064969, 8227574.816050001420081 ], [ 683749.681760000064969, 8227574.846070000901818 ], [ 683749.621720000053756, 8227574.846070000901818 ], [ 683749.621720000053756, 8227574.876090001314878 ], [ 683749.561680000042543, 8227574.876090001314878 ], [ 683749.561680000042543, 8227574.906110000796616 ], [ 683749.50164000003133, 8227574.906110000796616 ], [ 683749.50164000003133, 8227574.936130001209676 ], [ 683749.441600000020117, 8227574.936130001209676 ], [ 683749.441600000020117, 8227574.966150000691414 ], [ 683749.38156, 8227574.966150000691414 ], [ 683749.38156, 8227574.996170001104474 ], [ 683749.321520000114106, 8227574.996170001104474 ], [ 683749.321520000114106, 8227575.026190000586212 ], [ 683749.261480000102893, 8227575.026190000586212 ], [ 683749.261480000102893, 8227575.056210000999272 ], [ 683749.201440000091679, 8227575.056210000999272 ], [ 683749.201440000091679, 8227575.086230001412332 ], [ 683749.141400000080466, 8227575.086230001412332 ], [ 683749.141400000080466, 8227575.11625000089407 ], [ 683749.081360000069253, 8227575.11625000089407 ], [ 683749.081360000069253, 8227575.14627000130713 ], [ 683749.02132000005804, 8227575.14627000130713 ], [ 683749.02132000005804, 8227575.176290000788867 ], [ 683748.961280000046827, 8227575.176290000788867 ], [ 683748.961280000046827, 8227575.206310001201928 ], [ 683748.901240000035614, 8227575.206310001201928 ], [ 683748.901240000035614, 8227575.236330000683665 ], [ 683748.841200000024401, 8227575.236330000683665 ], [ 683748.841200000024401, 8227575.266350001096725 ], [ 683748.781160000013188, 8227575.266350001096725 ], [ 683748.781160000013188, 8227575.296370000578463 ], [ 683748.72112, 8227575.296370000578463 ], [ 683748.72112, 8227575.326390000991523 ], [ 683748.661080000107177, 8227575.326390000991523 ], [ 683748.661080000107177, 8227575.356410001404583 ], [ 683748.601040000095963, 8227575.356410001404583 ], [ 683748.601040000095963, 8227575.386430000886321 ], [ 683748.54100000008475, 8227575.386430000886321 ], [ 683748.54100000008475, 8227575.416450001299381 ], [ 683748.480960000073537, 8227575.416450001299381 ], [ 683748.480960000073537, 8227575.446470000781119 ], [ 683748.420920000062324, 8227575.446470000781119 ], [ 683748.420920000062324, 8227575.476490001194179 ], [ 683748.360880000051111, 8227575.476490001194179 ], [ 683748.360880000051111, 8227575.506510000675917 ], [ 683748.300840000039898, 8227575.506510000675917 ], [ 683748.300840000039898, 8227575.536530001088977 ], [ 683748.240800000028685, 8227575.536530001088977 ], [ 683748.240800000028685, 8227575.566550000570714 ], [ 683748.180760000017472, 8227575.566550000570714 ], [ 683748.180760000017472, 8227575.596570000983775 ], [ 683748.12072, 8227575.596570000983775 ], [ 683748.12072, 8227575.626590001396835 ], [ 683748.060680000111461, 8227575.626590001396835 ], [ 683748.060680000111461, 8227575.656610000878572 ], [ 683748.000640000100248, 8227575.656610000878572 ], [ 683748.000640000100248, 8227575.686630001291633 ], [ 683747.940600000089034, 8227575.686630001291633 ], [ 683747.940600000089034, 8227575.71665000077337 ], [ 683747.880560000077821, 8227575.71665000077337 ], [ 683747.880560000077821, 8227575.74667000118643 ], [ 683747.7905, 8227575.74667000118643 ], [ 683747.7905, 8227575.776690000668168 ], [ 683747.730460000107996, 8227575.776690000668168 ], [ 683747.730460000107996, 8227575.806710001081228 ], [ 683747.670420000096783, 8227575.806710001081228 ], [ 683747.670420000096783, 8227575.836730000562966 ], [ 683747.61038000008557, 8227575.836730000562966 ], [ 683747.61038000008557, 8227575.866750000976026 ], [ 683747.550340000074357, 8227575.866750000976026 ], [ 683747.550340000074357, 8227575.896770001389086 ], [ 683747.490300000063144, 8227575.896770001389086 ], [ 683747.490300000063144, 8227575.926790000870824 ], [ 683747.430260000051931, 8227575.926790000870824 ], [ 683747.430260000051931, 8227575.956810001283884 ], [ 683747.370220000040717, 8227575.956810001283884 ], [ 683747.370220000040717, 8227575.986830000765622 ], [ 683747.310180000029504, 8227575.986830000765622 ], [ 683747.310180000029504, 8227576.016850001178682 ], [ 683747.250140000018291, 8227576.016850001178682 ], [ 683747.250140000018291, 8227576.046870000660419 ], [ 683747.1901, 8227576.046870000660419 ], [ 683747.1901, 8227576.07689000107348 ], [ 683747.13006000011228, 8227576.07689000107348 ], [ 683747.13006000011228, 8227576.106910000555217 ], [ 683747.070020000101067, 8227576.106910000555217 ], [ 683747.070020000101067, 8227576.136930000968277 ], [ 683747.009980000089854, 8227576.136930000968277 ], [ 683747.009980000089854, 8227576.166950001381338 ], [ 683746.949940000078641, 8227576.166950001381338 ], [ 683746.949940000078641, 8227576.196970000863075 ], [ 683746.85988, 8227576.196970000863075 ], [ 683746.85988, 8227576.226990001276135 ], [ 683746.799840000108816, 8227576.226990001276135 ], [ 683746.799840000108816, 8227576.257010000757873 ], [ 683746.739800000097603, 8227576.257010000757873 ], [ 683746.739800000097603, 8227576.287030001170933 ], [ 683746.649740000022575, 8227576.287030001170933 ], [ 683746.649740000022575, 8227576.317050000652671 ], [ 683746.589700000011362, 8227576.317050000652671 ], [ 683746.589700000011362, 8227576.347070001065731 ], [ 683746.52966, 8227576.347070001065731 ], [ 683746.52966, 8227576.377090001478791 ], [ 683746.439600000041537, 8227576.377090001478791 ], [ 683746.439600000041537, 8227576.407110000960529 ], [ 683746.379560000030324, 8227576.407110000960529 ], [ 683746.379560000030324, 8227576.437130001373589 ], [ 683746.319520000019111, 8227576.437130001373589 ], [ 683746.319520000019111, 8227576.467150000855327 ], [ 683746.229460000060499, 8227576.467150000855327 ], [ 683746.229460000060499, 8227576.497170001268387 ], [ 683746.169420000049286, 8227576.497170001268387 ], [ 683746.169420000049286, 8227576.527190000750124 ], [ 683746.109380000038072, 8227576.527190000750124 ], [ 683746.109380000038072, 8227576.557210001163185 ], [ 683746.01932000007946, 8227576.557210001163185 ], [ 683746.01932000007946, 8227576.587230000644922 ], [ 683745.959280000068247, 8227576.587230000644922 ], [ 683745.959280000068247, 8227576.617250001057982 ], [ 683745.899240000057034, 8227576.617250001057982 ], [ 683745.899240000057034, 8227576.647270001471043 ], [ 683745.809180000098422, 8227576.647270001471043 ], [ 683745.809180000098422, 8227576.67729000095278 ], [ 683745.749140000087209, 8227576.67729000095278 ], [ 683745.749140000087209, 8227576.70731000136584 ], [ 683745.689100000075996, 8227576.70731000136584 ], [ 683745.689100000075996, 8227576.737330000847578 ], [ 683745.59904, 8227576.737330000847578 ], [ 683745.59904, 8227576.767350001260638 ], [ 683745.539000000106171, 8227576.767350001260638 ], [ 683745.539000000106171, 8227576.797370000742376 ], [ 683745.478960000094958, 8227576.797370000742376 ], [ 683745.478960000094958, 8227576.827390001155436 ], [ 683745.418920000083745, 8227576.827390001155436 ], [ 683745.418920000083745, 8227576.857410000637174 ], [ 683745.32886, 8227576.857410000637174 ], [ 683745.32886, 8227576.887430001050234 ], [ 683745.268820000113919, 8227576.887430001050234 ], [ 683745.268820000113919, 8227576.917450001463294 ], [ 683745.208780000102706, 8227576.917450001463294 ], [ 683745.208780000102706, 8227576.947470000945032 ], [ 683745.118720000027679, 8227576.947470000945032 ], [ 683745.118720000027679, 8227576.977490001358092 ], [ 683745.058680000016466, 8227576.977490001358092 ], [ 683745.058680000016466, 8227577.007510000839829 ], [ 683744.99864, 8227577.007510000839829 ], [ 683744.99864, 8227577.03753000125289 ], [ 683744.908580000046641, 8227577.03753000125289 ], [ 683744.908580000046641, 8227577.067550000734627 ], [ 683744.848540000035428, 8227577.067550000734627 ], [ 683744.848540000035428, 8227577.097570001147687 ], [ 683744.788500000024214, 8227577.097570001147687 ], [ 683744.788500000024214, 8227577.127590000629425 ], [ 683744.698440000065602, 8227577.127590000629425 ], [ 683744.698440000065602, 8227577.157610001042485 ], [ 683744.638400000054389, 8227577.157610001042485 ], [ 683744.638400000054389, 8227577.187630001455545 ], [ 683744.578360000043176, 8227577.187630001455545 ], [ 683744.578360000043176, 8227577.217650000937283 ], [ 683744.488300000084564, 8227577.217650000937283 ], [ 683744.488300000084564, 8227577.247670001350343 ], [ 683744.428260000073351, 8227577.247670001350343 ], [ 683744.428260000073351, 8227577.277690000832081 ], [ 683744.368220000062138, 8227577.277690000832081 ], [ 683744.368220000062138, 8227577.307710001245141 ], [ 683744.278160000103526, 8227577.307710001245141 ], [ 683744.278160000103526, 8227577.337730000726879 ], [ 683744.218120000092313, 8227577.337730000726879 ], [ 683744.218120000092313, 8227577.367750001139939 ], [ 683744.1580800000811, 8227577.367750001139939 ], [ 683744.1580800000811, 8227577.397770000621676 ], [ 683744.06802, 8227577.397770000621676 ], [ 683744.06802, 8227577.427790001034737 ], [ 683744.007980000111274, 8227577.427790001034737 ], [ 683744.007980000111274, 8227577.457810001447797 ], [ 683743.947940000100061, 8227577.457810001447797 ], [ 683743.947940000100061, 8227577.487830000929534 ], [ 683743.857880000025034, 8227577.487830000929534 ], [ 683743.857880000025034, 8227577.517850001342595 ], [ 683743.797840000013821, 8227577.517850001342595 ], [ 683743.797840000013821, 8227577.547870000824332 ], [ 683743.7378, 8227577.547870000824332 ], [ 683743.7378, 8227577.577890001237392 ], [ 683743.647740000043996, 8227577.577890001237392 ], [ 683743.647740000043996, 8227577.60791000071913 ], [ 683743.587700000032783, 8227577.60791000071913 ], [ 683743.587700000032783, 8227577.63793000113219 ], [ 683743.527660000021569, 8227577.63793000113219 ], [ 683743.527660000021569, 8227577.667950000613928 ], [ 683743.437600000062957, 8227577.667950000613928 ], [ 683743.437600000062957, 8227577.697970001026988 ], [ 683743.377560000051744, 8227577.697970001026988 ], [ 683743.377560000051744, 8227577.727990001440048 ], [ 683743.317520000040531, 8227577.727990001440048 ], [ 683743.317520000040531, 8227577.758010000921786 ], [ 683743.227460000081919, 8227577.758010000921786 ], [ 683743.227460000081919, 8227577.788030001334846 ], [ 683743.167420000070706, 8227577.788030001334846 ], [ 683743.167420000070706, 8227577.818050000816584 ], [ 683743.107380000059493, 8227577.818050000816584 ], [ 683743.107380000059493, 8227577.848070001229644 ], [ 683743.017320000100881, 8227577.848070001229644 ], [ 683743.017320000100881, 8227577.878090000711381 ], [ 683742.957280000089668, 8227577.878090000711381 ], [ 683742.957280000089668, 8227577.908110001124442 ], [ 683742.897240000078455, 8227577.908110001124442 ], [ 683742.897240000078455, 8227577.938130000606179 ], [ 683742.80718, 8227577.938130000606179 ], [ 683742.80718, 8227577.968150001019239 ], [ 683742.747140000108629, 8227577.968150001019239 ], [ 683742.747140000108629, 8227577.9981700014323 ], [ 683742.687100000097416, 8227577.9981700014323 ], [ 683742.687100000097416, 8227578.028190000914037 ], [ 683742.597040000022389, 8227578.028190000914037 ], [ 683742.597040000022389, 8227578.058210001327097 ], [ 683742.537000000011176, 8227578.058210001327097 ], [ 683742.537000000011176, 8227578.088230000808835 ], [ 683742.47696, 8227578.088230000808835 ], [ 683742.47696, 8227578.118250001221895 ], [ 683742.386900000041351, 8227578.118250001221895 ], [ 683742.386900000041351, 8227578.148270000703633 ], [ 683742.326860000030138, 8227578.148270000703633 ], [ 683742.326860000030138, 8227578.178290001116693 ], [ 683742.266820000018924, 8227578.178290001116693 ], [ 683742.266820000018924, 8227578.208310000598431 ], [ 683742.176760000060312, 8227578.208310000598431 ], [ 683742.176760000060312, 8227578.238330001011491 ], [ 683742.116720000049099, 8227578.238330001011491 ], [ 683742.116720000049099, 8227578.268350001424551 ], [ 683742.056680000037886, 8227578.268350001424551 ], [ 683742.056680000037886, 8227578.298370000906289 ], [ 683741.966620000079274, 8227578.298370000906289 ], [ 683741.966620000079274, 8227578.328390001319349 ], [ 683741.906580000068061, 8227578.328390001319349 ], [ 683741.906580000068061, 8227578.358410000801086 ], [ 683741.846540000056848, 8227578.358410000801086 ], [ 683741.846540000056848, 8227578.388430001214147 ], [ 683741.756480000098236, 8227578.388430001214147 ], [ 683741.756480000098236, 8227578.418450000695884 ], [ 683741.696440000087023, 8227578.418450000695884 ], [ 683741.696440000087023, 8227578.448470001108944 ], [ 683741.63640000007581, 8227578.448470001108944 ], [ 683741.63640000007581, 8227578.478490000590682 ], [ 683741.54634, 8227578.478490000590682 ], [ 683741.54634, 8227578.508510001003742 ], [ 683741.486300000105985, 8227578.508510001003742 ], [ 683741.486300000105985, 8227578.538530001416802 ], [ 683741.426260000094771, 8227578.538530001416802 ], [ 683741.426260000094771, 8227578.56855000089854 ], [ 683741.336200000019744, 8227578.56855000089854 ], [ 683741.336200000019744, 8227578.5985700013116 ], [ 683741.27616, 8227578.5985700013116 ], [ 683741.27616, 8227578.628590000793338 ], [ 683741.216120000113733, 8227578.628590000793338 ], [ 683741.216120000113733, 8227578.658610001206398 ], [ 683741.126060000038706, 8227578.658610001206398 ], [ 683741.126060000038706, 8227578.688630000688136 ], [ 683741.066020000027493, 8227578.688630000688136 ], [ 683741.066020000027493, 8227578.718650001101196 ], [ 683741.00598000001628, 8227578.718650001101196 ], [ 683741.00598000001628, 8227578.748670000582933 ], [ 683740.94594, 8227578.748670000582933 ], [ 683740.94594, 8227578.778690000995994 ], [ 683740.855880000046454, 8227578.778690000995994 ], [ 683740.855880000046454, 8227578.808710001409054 ], [ 683740.795840000035241, 8227578.808710001409054 ], [ 683740.795840000035241, 8227578.838730000890791 ], [ 683740.735800000024028, 8227578.838730000890791 ], [ 683740.735800000024028, 8227578.868750001303852 ], [ 683740.645740000065416, 8227578.868750001303852 ], [ 683740.645740000065416, 8227578.898770000785589 ], [ 683740.585700000054203, 8227578.898770000785589 ], [ 683740.585700000054203, 8227578.928790001198649 ], [ 683740.52566000004299, 8227578.928790001198649 ], [ 683740.52566000004299, 8227578.958810000680387 ], [ 683740.435600000084378, 8227578.958810000680387 ], [ 683740.435600000084378, 8227578.988830001093447 ], [ 683740.375560000073165, 8227578.988830001093447 ], [ 683740.375560000073165, 8227579.018850000575185 ], [ 683740.315520000061952, 8227579.018850000575185 ], [ 683740.315520000061952, 8227579.048870000988245 ], [ 683740.22546000010334, 8227579.048870000988245 ], [ 683740.22546000010334, 8227579.078890001401305 ], [ 683740.165420000092126, 8227579.078890001401305 ], [ 683740.165420000092126, 8227579.108910000883043 ], [ 683740.105380000080913, 8227579.108910000883043 ], [ 683740.105380000080913, 8227579.138930001296103 ], [ 683740.01532, 8227579.138930001296103 ], [ 683740.01532, 8227579.168950000777841 ], [ 683739.955280000111088, 8227579.168950000777841 ], [ 683739.955280000111088, 8227579.198970001190901 ], [ 683739.895240000099875, 8227579.198970001190901 ], [ 683739.895240000099875, 8227579.228990000672638 ], [ 683739.805180000024848, 8227579.228990000672638 ], [ 683739.805180000024848, 8227579.259010001085699 ], [ 683739.745140000013635, 8227579.259010001085699 ], [ 683739.745140000013635, 8227579.289030000567436 ], [ 683739.6851, 8227579.289030000567436 ], [ 683739.6851, 8227579.319050000980496 ], [ 683739.595040000043809, 8227579.319050000980496 ], [ 683739.595040000043809, 8227579.349070001393557 ], [ 683739.535000000032596, 8227579.349070001393557 ], [ 683739.535000000032596, 8227579.379090000875294 ], [ 683739.474960000021383, 8227579.379090000875294 ], [ 683739.474960000021383, 8227579.409110001288354 ], [ 683739.384900000062771, 8227579.409110001288354 ], [ 683739.384900000062771, 8227579.439130000770092 ], [ 683739.324860000051558, 8227579.439130000770092 ], [ 683739.324860000051558, 8227579.469150001183152 ], [ 683739.264820000040345, 8227579.469150001183152 ], [ 683739.264820000040345, 8227579.49917000066489 ], [ 683739.174760000081733, 8227579.49917000066489 ], [ 683739.174760000081733, 8227579.52919000107795 ], [ 683739.11472000007052, 8227579.52919000107795 ], [ 683739.11472000007052, 8227579.559210000559688 ], [ 683739.054680000059307, 8227579.559210000559688 ], [ 683739.054680000059307, 8227579.589230000972748 ], [ 683738.964620000100695, 8227579.589230000972748 ], [ 683738.964620000100695, 8227579.619250001385808 ], [ 683738.904580000089481, 8227579.619250001385808 ], [ 683738.904580000089481, 8227579.649270000867546 ], [ 683738.844540000078268, 8227579.649270000867546 ], [ 683738.844540000078268, 8227579.679290001280606 ], [ 683738.75448, 8227579.679290001280606 ], [ 683738.75448, 8227579.709310000762343 ], [ 683738.694440000108443, 8227579.709310000762343 ], [ 683738.694440000108443, 8227579.739330001175404 ], [ 683738.63440000009723, 8227579.739330001175404 ], [ 683738.63440000009723, 8227579.769350000657141 ], [ 683738.544340000022203, 8227579.769350000657141 ], [ 683738.544340000022203, 8227579.799370001070201 ], [ 683738.48430000001099, 8227579.799370001070201 ], [ 683738.48430000001099, 8227579.829390000551939 ], [ 683738.42426, 8227579.829390000551939 ], [ 683738.42426, 8227579.859410000964999 ], [ 683738.334200000041164, 8227579.859410000964999 ], [ 683738.334200000041164, 8227579.889430001378059 ], [ 683738.274160000029951, 8227579.889430001378059 ], [ 683738.274160000029951, 8227579.919450000859797 ], [ 683738.214120000018738, 8227579.919450000859797 ], [ 683738.214120000018738, 8227579.949470001272857 ], [ 683738.124060000060126, 8227579.949470001272857 ], [ 683738.124060000060126, 8227579.979490000754595 ], [ 683738.064020000048913, 8227579.979490000754595 ], [ 683738.064020000048913, 8227580.009510001167655 ], [ 683738.0039800000377, 8227580.009510001167655 ], [ 683738.0039800000377, 8227580.039530000649393 ], [ 683737.913920000079088, 8227580.039530000649393 ], [ 683737.913920000079088, 8227580.069550001062453 ], [ 683737.853880000067875, 8227580.069550001062453 ], [ 683737.853880000067875, 8227580.099570001475513 ], [ 683737.793840000056662, 8227580.099570001475513 ], [ 683737.793840000056662, 8227580.129590000957251 ], [ 683737.70378000009805, 8227580.129590000957251 ], [ 683737.70378000009805, 8227580.159610001370311 ], [ 683737.643740000086837, 8227580.159610001370311 ], [ 683737.643740000086837, 8227580.189630000852048 ], [ 683737.583700000075623, 8227580.189630000852048 ], [ 683737.583700000075623, 8227580.219650001265109 ], [ 683737.49364, 8227580.219650001265109 ], [ 683737.49364, 8227580.249670000746846 ], [ 683737.433600000105798, 8227580.249670000746846 ], [ 683737.433600000105798, 8227580.279690001159906 ], [ 683737.373560000094585, 8227580.279690001159906 ], [ 683737.373560000094585, 8227580.309710000641644 ], [ 683737.283500000019558, 8227580.309710000641644 ], [ 683737.283500000019558, 8227580.339730001054704 ], [ 683737.22346, 8227580.339730001054704 ], [ 683737.22346, 8227580.369750001467764 ], [ 683737.163420000113547, 8227580.369750001467764 ], [ 683737.163420000113547, 8227580.399770000949502 ], [ 683737.07336000003852, 8227580.399770000949502 ], [ 683737.07336000003852, 8227580.429790001362562 ], [ 683737.013320000027306, 8227580.429790001362562 ], [ 683737.013320000027306, 8227580.4598100008443 ], [ 683736.953280000016093, 8227580.4598100008443 ], [ 683736.953280000016093, 8227580.48983000125736 ], [ 683736.863220000057481, 8227580.48983000125736 ], [ 683736.863220000057481, 8227580.519850000739098 ], [ 683736.803180000046268, 8227580.519850000739098 ], [ 683736.803180000046268, 8227580.549870001152158 ], [ 683736.743140000035055, 8227580.549870001152158 ], [ 683736.743140000035055, 8227580.579890000633895 ], [ 683736.653080000076443, 8227580.579890000633895 ], [ 683736.653080000076443, 8227580.609910001046956 ], [ 683736.59304000006523, 8227580.609910001046956 ], [ 683736.59304000006523, 8227580.639930001460016 ], [ 683736.533000000054017, 8227580.639930001460016 ], [ 683736.533000000054017, 8227580.669950000941753 ], [ 683736.472960000042804, 8227580.669950000941753 ], [ 683736.472960000042804, 8227580.699970001354814 ], [ 683736.382900000084192, 8227580.699970001354814 ], [ 683736.382900000084192, 8227580.729990000836551 ], [ 683736.322860000072978, 8227580.729990000836551 ], [ 683736.322860000072978, 8227580.760010001249611 ], [ 683736.262820000061765, 8227580.760010001249611 ], [ 683736.262820000061765, 8227580.790030000731349 ], [ 683736.172760000103153, 8227580.790030000731349 ], [ 683736.172760000103153, 8227580.820050001144409 ], [ 683736.11272000009194, 8227580.820050001144409 ], [ 683736.11272000009194, 8227580.850070000626147 ], [ 683736.052680000080727, 8227580.850070000626147 ], [ 683736.052680000080727, 8227580.880090001039207 ], [ 683735.96262, 8227580.880090001039207 ], [ 683735.96262, 8227580.910110001452267 ], [ 683735.902580000110902, 8227580.910110001452267 ], [ 683735.902580000110902, 8227580.940130000934005 ], [ 683735.842540000099689, 8227580.940130000934005 ], [ 683735.842540000099689, 8227580.970150001347065 ], [ 683735.752480000024661, 8227580.970150001347065 ], [ 683735.752480000024661, 8227581.000170000828803 ], [ 683735.692440000013448, 8227581.000170000828803 ], [ 683735.692440000013448, 8227581.030190001241863 ], [ 683735.6324, 8227581.030190001241863 ], [ 683735.6324, 8227581.0602100007236 ], [ 683735.542340000043623, 8227581.0602100007236 ], [ 683735.542340000043623, 8227581.090230001136661 ], [ 683735.48230000003241, 8227581.090230001136661 ], [ 683735.48230000003241, 8227581.120250000618398 ], [ 683735.422260000021197, 8227581.120250000618398 ], [ 683735.422260000021197, 8227581.150270001031458 ], [ 683735.332200000062585, 8227581.150270001031458 ], [ 683735.332200000062585, 8227581.180290001444519 ], [ 683735.272160000051372, 8227581.180290001444519 ], [ 683735.272160000051372, 8227581.210310000926256 ], [ 683735.212120000040159, 8227581.210310000926256 ], [ 683735.212120000040159, 8227581.240330001339316 ], [ 683735.122060000081547, 8227581.240330001339316 ], [ 683735.122060000081547, 8227581.270350000821054 ], [ 683735.062020000070333, 8227581.270350000821054 ], [ 683735.062020000070333, 8227581.300370001234114 ], [ 683735.00198000005912, 8227581.300370001234114 ], [ 683735.00198000005912, 8227581.330390000715852 ], [ 683734.911920000100508, 8227581.330390000715852 ], [ 683734.911920000100508, 8227581.360410001128912 ], [ 683734.851880000089295, 8227581.360410001128912 ], [ 683734.851880000089295, 8227581.39043000061065 ], [ 683734.791840000078082, 8227581.39043000061065 ], [ 683734.791840000078082, 8227581.42045000102371 ], [ 683734.70178, 8227581.42045000102371 ], [ 683734.70178, 8227581.45047000143677 ], [ 683734.641740000108257, 8227581.45047000143677 ], [ 683734.641740000108257, 8227581.480490000918508 ], [ 683734.581700000097044, 8227581.480490000918508 ], [ 683734.581700000097044, 8227581.510510001331568 ], [ 683734.491640000022016, 8227581.510510001331568 ], [ 683734.491640000022016, 8227581.540530000813305 ], [ 683734.431600000010803, 8227581.540530000813305 ], [ 683734.431600000010803, 8227581.570550001226366 ], [ 683734.37156, 8227581.570550001226366 ], [ 683734.37156, 8227581.600570000708103 ], [ 683734.281500000040978, 8227581.600570000708103 ], [ 683734.281500000040978, 8227581.630590001121163 ], [ 683734.221460000029765, 8227581.630590001121163 ], [ 683734.221460000029765, 8227581.660610000602901 ], [ 683734.161420000018552, 8227581.660610000602901 ], [ 683734.161420000018552, 8227581.690630001015961 ], [ 683734.07136000005994, 8227581.690630001015961 ], [ 683734.07136000005994, 8227581.720650001429021 ], [ 683734.011320000048727, 8227581.720650001429021 ], [ 683734.011320000048727, 8227581.750670000910759 ], [ 683733.951280000037514, 8227581.750670000910759 ], [ 683733.951280000037514, 8227581.780690001323819 ], [ 683733.861220000078902, 8227581.780690001323819 ], [ 683733.861220000078902, 8227581.810710000805557 ], [ 683733.801180000067689, 8227581.810710000805557 ], [ 683733.801180000067689, 8227581.840730001218617 ], [ 683733.741140000056475, 8227581.840730001218617 ], [ 683733.741140000056475, 8227581.870750000700355 ], [ 683733.651080000097863, 8227581.870750000700355 ], [ 683733.651080000097863, 8227581.900770001113415 ], [ 683733.59104000008665, 8227581.900770001113415 ], [ 683733.59104000008665, 8227581.930790000595152 ], [ 683733.531000000075437, 8227581.930790000595152 ], [ 683733.531000000075437, 8227581.960810001008213 ], [ 683733.44094, 8227581.960810001008213 ], [ 683733.44094, 8227581.990830001421273 ], [ 683733.380900000105612, 8227581.990830001421273 ], [ 683733.380900000105612, 8227582.02085000090301 ], [ 683733.320860000094399, 8227582.02085000090301 ], [ 683733.320860000094399, 8227582.050870001316071 ], [ 683733.230800000019372, 8227582.050870001316071 ], [ 683733.230800000019372, 8227582.080890000797808 ], [ 683733.17076, 8227582.080890000797808 ], [ 683733.17076, 8227582.110910001210868 ], [ 683733.110720000113361, 8227582.110910001210868 ], [ 683733.110720000113361, 8227582.140930000692606 ], [ 683733.020660000038333, 8227582.140930000692606 ], [ 683733.020660000038333, 8227582.170950001105666 ], [ 683732.96062000002712, 8227582.170950001105666 ], [ 683732.96062000002712, 8227582.200970000587404 ], [ 683732.900580000015907, 8227582.200970000587404 ], [ 683732.900580000015907, 8227582.230990001000464 ], [ 683732.810520000057295, 8227582.230990001000464 ], [ 683732.810520000057295, 8227582.261010001413524 ], [ 683732.750480000046082, 8227582.261010001413524 ], [ 683732.750480000046082, 8227582.291030000895262 ], [ 683732.690440000034869, 8227582.291030000895262 ], [ 683732.690440000034869, 8227582.321050001308322 ], [ 683732.600380000076257, 8227582.321050001308322 ], [ 683732.600380000076257, 8227582.35107000079006 ], [ 683732.540340000065044, 8227582.35107000079006 ], [ 683732.540340000065044, 8227582.38109000120312 ], [ 683732.48030000005383, 8227582.38109000120312 ], [ 683732.48030000005383, 8227582.411110000684857 ], [ 683732.390240000095218, 8227582.411110000684857 ], [ 683732.390240000095218, 8227582.441130001097918 ], [ 683732.330200000084005, 8227582.441130001097918 ], [ 683732.330200000084005, 8227582.471150000579655 ], [ 683732.270160000072792, 8227582.471150000579655 ], [ 683732.270160000072792, 8227582.501170000992715 ], [ 683732.210120000061579, 8227582.501170000992715 ], [ 683732.210120000061579, 8227582.531190001405776 ], [ 683732.120060000102967, 8227582.531190001405776 ], [ 683732.120060000102967, 8227582.561210000887513 ], [ 683732.060020000091754, 8227582.561210000887513 ], [ 683732.060020000091754, 8227582.591230001300573 ], [ 683731.999980000080541, 8227582.591230001300573 ], [ 683731.999980000080541, 8227582.621250000782311 ], [ 683731.90992, 8227582.621250000782311 ], [ 683731.90992, 8227582.651270001195371 ], [ 683731.849880000110716, 8227582.651270001195371 ], [ 683731.849880000110716, 8227582.681290000677109 ], [ 683731.789840000099503, 8227582.681290000677109 ], [ 683731.789840000099503, 8227582.711310001090169 ], [ 683731.699780000024475, 8227582.711310001090169 ], [ 683731.699780000024475, 8227582.741330000571907 ], [ 683731.639740000013262, 8227582.741330000571907 ], [ 683731.639740000013262, 8227582.771350000984967 ], [ 683731.5797, 8227582.771350000984967 ], [ 683731.5797, 8227582.801370001398027 ], [ 683731.489640000043437, 8227582.801370001398027 ], [ 683731.489640000043437, 8227582.831390000879765 ], [ 683731.429600000032224, 8227582.831390000879765 ], [ 683731.429600000032224, 8227582.861410001292825 ], [ 683731.369560000021011, 8227582.861410001292825 ], [ 683731.369560000021011, 8227582.891430000774562 ], [ 683731.279500000062399, 8227582.891430000774562 ], [ 683731.279500000062399, 8227582.921450001187623 ], [ 683731.219460000051185, 8227582.921450001187623 ], [ 683731.219460000051185, 8227582.95147000066936 ], [ 683731.159420000039972, 8227582.95147000066936 ], [ 683731.159420000039972, 8227582.98149000108242 ], [ 683731.06936000008136, 8227582.98149000108242 ], [ 683731.06936000008136, 8227583.011510000564158 ], [ 683731.009320000070147, 8227583.011510000564158 ], [ 683731.009320000070147, 8227583.041530000977218 ], [ 683730.949280000058934, 8227583.041530000977218 ], [ 683730.949280000058934, 8227583.071550001390278 ], [ 683730.859220000100322, 8227583.071550001390278 ], [ 683730.859220000100322, 8227583.101570000872016 ], [ 683730.799180000089109, 8227583.101570000872016 ], [ 683730.799180000089109, 8227583.131590001285076 ], [ 683730.739140000077896, 8227583.131590001285076 ], [ 683730.739140000077896, 8227583.161610000766814 ], [ 683730.64908, 8227583.161610000766814 ], [ 683730.64908, 8227583.191630001179874 ], [ 683730.589040000108071, 8227583.191630001179874 ], [ 683730.589040000108071, 8227583.221650000661612 ], [ 683730.529000000096858, 8227583.221650000661612 ], [ 683730.529000000096858, 8227583.251670001074672 ], [ 683730.43894000002183, 8227583.251670001074672 ], [ 683730.43894000002183, 8227583.281690000556409 ], [ 683730.378900000010617, 8227583.281690000556409 ], [ 683730.378900000010617, 8227583.31171000096947 ], [ 683730.31886, 8227583.31171000096947 ], [ 683730.31886, 8227583.34173000138253 ], [ 683730.228800000040792, 8227583.34173000138253 ], [ 683730.228800000040792, 8227583.371750000864267 ], [ 683730.168760000029579, 8227583.371750000864267 ], [ 683730.168760000029579, 8227583.401770001277328 ], [ 683730.108720000018366, 8227583.401770001277328 ], [ 683730.108720000018366, 8227583.431790000759065 ], [ 683730.018660000059754, 8227583.431790000759065 ], [ 683730.018660000059754, 8227583.461810001172125 ], [ 683729.958620000048541, 8227583.461810001172125 ], [ 683729.958620000048541, 8227583.491830000653863 ], [ 683729.898580000037327, 8227583.491830000653863 ], [ 683729.898580000037327, 8227583.521850001066923 ], [ 683729.808520000078715, 8227583.521850001066923 ], [ 683729.808520000078715, 8227583.551870001479983 ], [ 683729.748480000067502, 8227583.551870001479983 ], [ 683729.748480000067502, 8227583.581890000961721 ], [ 683729.688440000056289, 8227583.581890000961721 ], [ 683729.688440000056289, 8227583.611910001374781 ], [ 683729.598380000097677, 8227583.611910001374781 ], [ 683729.598380000097677, 8227583.641930000856519 ], [ 683729.538340000086464, 8227583.641930000856519 ], [ 683729.538340000086464, 8227583.671950001269579 ], [ 683729.478300000075251, 8227583.671950001269579 ], [ 683729.478300000075251, 8227583.701970000751317 ], [ 683729.38824, 8227583.701970000751317 ], [ 683729.38824, 8227583.731990001164377 ], [ 683729.328200000105426, 8227583.731990001164377 ], [ 683729.328200000105426, 8227583.762010000646114 ], [ 683729.268160000094213, 8227583.762010000646114 ], [ 683729.268160000094213, 8227583.792030001059175 ], [ 683729.178100000019185, 8227583.792030001059175 ], [ 683729.178100000019185, 8227583.822050001472235 ], [ 683729.11806, 8227583.822050001472235 ], [ 683729.11806, 8227583.852070000953972 ], [ 683729.058020000113174, 8227583.852070000953972 ], [ 683729.058020000113174, 8227583.882090001367033 ], [ 683728.967960000038147, 8227583.882090001367033 ], [ 683728.967960000038147, 8227583.91211000084877 ], [ 683728.907920000026934, 8227583.91211000084877 ], [ 683728.907920000026934, 8227583.94213000126183 ], [ 683728.847880000015721, 8227583.94213000126183 ], [ 683728.847880000015721, 8227583.972150000743568 ], [ 683728.757820000057109, 8227583.972150000743568 ], [ 683728.757820000057109, 8227584.002170001156628 ], [ 683728.697780000045896, 8227584.002170001156628 ], [ 683728.697780000045896, 8227584.032190000638366 ], [ 683728.637740000034682, 8227584.032190000638366 ], [ 683728.637740000034682, 8227584.062210001051426 ], [ 683728.54768000007607, 8227584.062210001051426 ], [ 683728.54768000007607, 8227584.092230001464486 ], [ 683728.487640000064857, 8227584.092230001464486 ], [ 683728.487640000064857, 8227584.122250000946224 ], [ 683728.427600000053644, 8227584.122250000946224 ], [ 683728.427600000053644, 8227584.152270001359284 ], [ 683728.337540000095032, 8227584.152270001359284 ], [ 683728.337540000095032, 8227584.182290000841022 ], [ 683728.277500000083819, 8227584.182290000841022 ], [ 683728.277500000083819, 8227584.212310001254082 ], [ 683728.217460000072606, 8227584.212310001254082 ], [ 683728.217460000072606, 8227584.242330000735819 ], [ 683728.127400000113994, 8227584.242330000735819 ], [ 683728.127400000113994, 8227584.27235000114888 ], [ 683728.067360000102781, 8227584.27235000114888 ], [ 683728.067360000102781, 8227584.302370000630617 ], [ 683728.007320000091568, 8227584.302370000630617 ], [ 683728.007320000091568, 8227584.332390001043677 ], [ 683727.91726000001654, 8227584.332390001043677 ], [ 683727.91726000001654, 8227584.362410001456738 ], [ 683727.85722, 8227584.362410001456738 ], [ 683727.85722, 8227584.392430000938475 ], [ 683727.797180000110529, 8227584.392430000938475 ], [ 683727.797180000110529, 8227584.422450001351535 ], [ 683727.737140000099316, 8227584.422450001351535 ], [ 683727.737140000099316, 8227584.452470000833273 ], [ 683727.647080000024289, 8227584.452470000833273 ], [ 683727.647080000024289, 8227584.482490001246333 ], [ 683727.587040000013076, 8227584.482490001246333 ], [ 683727.587040000013076, 8227584.512510000728071 ], [ 683727.527, 8227584.512510000728071 ], [ 683727.527, 8227584.542530001141131 ], [ 683727.436940000043251, 8227584.542530001141131 ], [ 683727.436940000043251, 8227584.572550000622869 ], [ 683727.376900000032037, 8227584.572550000622869 ], [ 683727.376900000032037, 8227584.602570001035929 ], [ 683727.316860000020824, 8227584.602570001035929 ], [ 683727.316860000020824, 8227584.632590001448989 ], [ 683727.226800000062212, 8227584.632590001448989 ], [ 683727.226800000062212, 8227584.662610000930727 ], [ 683727.166760000050999, 8227584.662610000930727 ], [ 683727.166760000050999, 8227584.692630001343787 ], [ 683727.106720000039786, 8227584.692630001343787 ], [ 683727.106720000039786, 8227584.722650000825524 ], [ 683727.016660000081174, 8227584.722650000825524 ], [ 683727.016660000081174, 8227584.752670001238585 ], [ 683726.956620000069961, 8227584.752670001238585 ], [ 683726.956620000069961, 8227584.782690000720322 ], [ 683726.896580000058748, 8227584.782690000720322 ], [ 683726.896580000058748, 8227584.812710001133382 ], [ 683726.806520000100136, 8227584.812710001133382 ], [ 683726.806520000100136, 8227584.84273000061512 ], [ 683726.746480000088923, 8227584.84273000061512 ], [ 683726.746480000088923, 8227584.87275000102818 ], [ 683726.68644000007771, 8227584.87275000102818 ], [ 683726.68644000007771, 8227584.90277000144124 ], [ 683726.59638, 8227584.90277000144124 ], [ 683726.59638, 8227584.932790000922978 ], [ 683726.536340000107884, 8227584.932790000922978 ], [ 683726.536340000107884, 8227584.962810001336038 ], [ 683726.476300000096671, 8227584.962810001336038 ], [ 683726.476300000096671, 8227584.992830000817776 ], [ 683726.386240000021644, 8227584.992830000817776 ], [ 683726.386240000021644, 8227585.022850001230836 ], [ 683726.326200000010431, 8227585.022850001230836 ], [ 683726.326200000010431, 8227585.052870000712574 ], [ 683726.26616, 8227585.052870000712574 ], [ 683726.26616, 8227585.082890001125634 ], [ 683726.176100000040606, 8227585.082890001125634 ], [ 683726.176100000040606, 8227585.112910000607371 ], [ 683726.116060000029393, 8227585.112910000607371 ], [ 683726.116060000029393, 8227585.142930001020432 ], [ 683726.056020000018179, 8227585.142930001020432 ], [ 683726.056020000018179, 8227585.172950001433492 ], [ 683725.965960000059567, 8227585.172950001433492 ], [ 683725.965960000059567, 8227585.202970000915229 ], [ 683725.905920000048354, 8227585.202970000915229 ], [ 683725.905920000048354, 8227585.23299000132829 ], [ 683725.845880000037141, 8227585.23299000132829 ], [ 683725.845880000037141, 8227585.263010000810027 ], [ 683725.755820000078529, 8227585.263010000810027 ], [ 683725.755820000078529, 8227585.293030001223087 ], [ 683725.695780000067316, 8227585.293030001223087 ], [ 683725.695780000067316, 8227585.323050000704825 ], [ 683725.635740000056103, 8227585.323050000704825 ], [ 683725.635740000056103, 8227585.353070001117885 ], [ 683725.545680000097491, 8227585.353070001117885 ], [ 683725.545680000097491, 8227585.383090000599623 ], [ 683725.485640000086278, 8227585.383090000599623 ], [ 683725.485640000086278, 8227585.413110001012683 ], [ 683725.425600000075065, 8227585.413110001012683 ], [ 683725.425600000075065, 8227585.443130001425743 ], [ 683725.33554, 8227585.443130001425743 ], [ 683725.33554, 8227585.473150000907481 ], [ 683725.275500000105239, 8227585.473150000907481 ], [ 683725.275500000105239, 8227585.503170001320541 ], [ 683725.215460000094026, 8227585.503170001320541 ], [ 683725.215460000094026, 8227585.533190000802279 ], [ 683725.125400000018999, 8227585.533190000802279 ], [ 683725.125400000018999, 8227585.563210001215339 ], [ 683725.06536, 8227585.563210001215339 ], [ 683725.06536, 8227585.593230000697076 ], [ 683725.005320000112988, 8227585.593230000697076 ], [ 683725.005320000112988, 8227585.623250001110137 ], [ 683724.915260000037961, 8227585.623250001110137 ], [ 683724.915260000037961, 8227585.653270000591874 ], [ 683724.855220000026748, 8227585.653270000591874 ], [ 683724.855220000026748, 8227585.683290001004934 ], [ 683724.795180000015534, 8227585.683290001004934 ], [ 683724.795180000015534, 8227585.713310001417994 ], [ 683724.705120000056922, 8227585.713310001417994 ], [ 683724.705120000056922, 8227585.743330000899732 ], [ 683724.645080000045709, 8227585.743330000899732 ], [ 683724.645080000045709, 8227585.773350001312792 ], [ 683724.585040000034496, 8227585.773350001312792 ], [ 683724.585040000034496, 8227585.80337000079453 ], [ 683724.494980000075884, 8227585.80337000079453 ], [ 683724.494980000075884, 8227585.83339000120759 ], [ 683724.434940000064671, 8227585.83339000120759 ], [ 683724.434940000064671, 8227585.863410000689328 ], [ 683724.374900000053458, 8227585.863410000689328 ], [ 683724.374900000053458, 8227585.893430001102388 ], [ 683724.284840000094846, 8227585.893430001102388 ], [ 683724.284840000094846, 8227585.923450000584126 ], [ 683724.224800000083633, 8227585.923450000584126 ], [ 683724.224800000083633, 8227585.953470000997186 ], [ 683724.16476000007242, 8227585.953470000997186 ], [ 683724.16476000007242, 8227585.983490001410246 ], [ 683724.074700000113808, 8227585.983490001410246 ], [ 683724.074700000113808, 8227586.013510000891984 ], [ 683724.014660000102594, 8227586.013510000891984 ], [ 683724.014660000102594, 8227586.043530001305044 ], [ 683723.954620000091381, 8227586.043530001305044 ], [ 683723.954620000091381, 8227586.073550000786781 ], [ 683723.864560000016354, 8227586.073550000786781 ], [ 683723.864560000016354, 8227586.103570001199841 ], [ 683723.80452, 8227586.103570001199841 ], [ 683723.80452, 8227586.133590000681579 ], [ 683723.744480000110343, 8227586.133590000681579 ], [ 683723.744480000110343, 8227586.163610001094639 ], [ 683723.654420000035316, 8227586.163610001094639 ], [ 683723.654420000035316, 8227586.193630000576377 ], [ 683723.594380000024103, 8227586.193630000576377 ], [ 683723.594380000024103, 8227586.223650000989437 ], [ 683723.53434000001289, 8227586.223650000989437 ], [ 683723.53434000001289, 8227586.253670001402497 ], [ 683723.4743, 8227586.253670001402497 ], [ 683723.4743, 8227586.283690000884235 ], [ 683723.384240000043064, 8227586.283690000884235 ], [ 683723.384240000043064, 8227586.313710001297295 ], [ 683723.324200000031851, 8227586.313710001297295 ], [ 683723.324200000031851, 8227586.343730000779033 ], [ 683723.264160000020638, 8227586.343730000779033 ], [ 683723.264160000020638, 8227586.373750001192093 ], [ 683723.174100000062026, 8227586.373750001192093 ], [ 683723.174100000062026, 8227586.403770000673831 ], [ 683723.114060000050813, 8227586.403770000673831 ], [ 683723.114060000050813, 8227586.433790001086891 ], [ 683723.0540200000396, 8227586.433790001086891 ], [ 683723.0540200000396, 8227586.463810000568628 ], [ 683722.963960000080988, 8227586.463810000568628 ], [ 683722.963960000080988, 8227586.493830000981688 ], [ 683722.903920000069775, 8227586.493830000981688 ], [ 683722.903920000069775, 8227586.523850001394749 ], [ 683722.843880000058562, 8227586.523850001394749 ], [ 683722.843880000058562, 8227586.553870000876486 ], [ 683722.75382000009995, 8227586.553870000876486 ], [ 683722.75382000009995, 8227586.583890001289546 ], [ 683722.693780000088736, 8227586.583890001289546 ], [ 683722.693780000088736, 8227586.613910000771284 ], [ 683722.633740000077523, 8227586.613910000771284 ], [ 683722.633740000077523, 8227586.643930001184344 ], [ 683722.54368, 8227586.643930001184344 ], [ 683722.54368, 8227586.673950000666082 ], [ 683722.483640000107698, 8227586.673950000666082 ], [ 683722.483640000107698, 8227586.703970001079142 ], [ 683722.423600000096485, 8227586.703970001079142 ], [ 683722.423600000096485, 8227586.73399000056088 ], [ 683722.333540000021458, 8227586.73399000056088 ], [ 683722.333540000021458, 8227586.76401000097394 ], [ 683722.273500000010245, 8227586.76401000097394 ], [ 683722.273500000010245, 8227586.794030001387 ], [ 683722.21346, 8227586.794030001387 ], [ 683722.21346, 8227586.824050000868738 ], [ 683722.123400000040419, 8227586.824050000868738 ], [ 683722.123400000040419, 8227586.854070001281798 ], [ 683722.063360000029206, 8227586.854070001281798 ], [ 683722.063360000029206, 8227586.884090000763535 ], [ 683722.003320000017993, 8227586.884090000763535 ], [ 683722.003320000017993, 8227586.914110001176596 ], [ 683721.913260000059381, 8227586.914110001176596 ], [ 683721.913260000059381, 8227586.944130000658333 ], [ 683721.853220000048168, 8227586.944130000658333 ], [ 683721.853220000048168, 8227586.974150001071393 ], [ 683721.793180000036955, 8227586.974150001071393 ], [ 683721.793180000036955, 8227587.004170000553131 ], [ 683721.703120000078343, 8227587.004170000553131 ], [ 683721.703120000078343, 8227587.034190000966191 ], [ 683721.64308000006713, 8227587.034190000966191 ], [ 683721.64308000006713, 8227587.064210001379251 ], [ 683721.583040000055917, 8227587.064210001379251 ], [ 683721.583040000055917, 8227587.094230000860989 ], [ 683721.492980000097305, 8227587.094230000860989 ], [ 683721.492980000097305, 8227587.124250001274049 ], [ 683721.432940000086091, 8227587.124250001274049 ], [ 683721.432940000086091, 8227587.154270000755787 ], [ 683721.372900000074878, 8227587.154270000755787 ], [ 683721.372900000074878, 8227587.184290001168847 ], [ 683721.28284, 8227587.184290001168847 ], [ 683721.28284, 8227587.214310000650585 ], [ 683721.222800000105053, 8227587.214310000650585 ], [ 683721.222800000105053, 8227587.244330001063645 ], [ 683721.16276000009384, 8227587.244330001063645 ], [ 683721.16276000009384, 8227587.274350001476705 ], [ 683721.072700000018813, 8227587.274350001476705 ], [ 683721.072700000018813, 8227587.304370000958443 ], [ 683721.01266, 8227587.304370000958443 ], [ 683721.01266, 8227587.334390001371503 ], [ 683720.952620000112802, 8227587.334390001371503 ], [ 683720.952620000112802, 8227587.36441000085324 ], [ 683720.862560000037774, 8227587.36441000085324 ], [ 683720.862560000037774, 8227587.394430001266301 ], [ 683720.802520000026561, 8227587.394430001266301 ], [ 683720.802520000026561, 8227587.424450000748038 ], [ 683720.742480000015348, 8227587.424450000748038 ], [ 683720.742480000015348, 8227587.454470001161098 ], [ 683720.652420000056736, 8227587.454470001161098 ], [ 683720.652420000056736, 8227587.484490000642836 ], [ 683720.592380000045523, 8227587.484490000642836 ], [ 683720.592380000045523, 8227587.514510001055896 ], [ 683720.53234000003431, 8227587.514510001055896 ], [ 683720.53234000003431, 8227587.544530001468956 ], [ 683720.442280000075698, 8227587.544530001468956 ], [ 683720.442280000075698, 8227587.574550000950694 ], [ 683720.382240000064485, 8227587.574550000950694 ], [ 683720.382240000064485, 8227587.604570001363754 ], [ 683720.322200000053272, 8227587.604570001363754 ], [ 683720.322200000053272, 8227587.634590000845492 ], [ 683720.23214000009466, 8227587.634590000845492 ], [ 683720.23214000009466, 8227587.664610001258552 ], [ 683720.172100000083447, 8227587.664610001258552 ], [ 683720.172100000083447, 8227587.69463000074029 ], [ 683720.112060000072233, 8227587.69463000074029 ], [ 683720.112060000072233, 8227587.72465000115335 ], [ 683720.022000000113621, 8227587.72465000115335 ], [ 683720.022000000113621, 8227587.754670000635087 ], [ 683719.961960000102408, 8227587.754670000635087 ], [ 683719.961960000102408, 8227587.784690001048148 ], [ 683719.901920000091195, 8227587.784690001048148 ], [ 683719.901920000091195, 8227587.814710001461208 ], [ 683719.811860000016168, 8227587.814710001461208 ], [ 683719.811860000016168, 8227587.844730000942945 ], [ 683719.75182, 8227587.844730000942945 ], [ 683719.75182, 8227587.874750001356006 ], [ 683719.691780000110157, 8227587.874750001356006 ], [ 683719.691780000110157, 8227587.904770000837743 ], [ 683719.601720000035129, 8227587.904770000837743 ], [ 683719.601720000035129, 8227587.934790001250803 ], [ 683719.541680000023916, 8227587.934790001250803 ], [ 683719.541680000023916, 8227587.964810000732541 ], [ 683719.481640000012703, 8227587.964810000732541 ], [ 683719.481640000012703, 8227587.994830001145601 ], [ 683719.391580000054091, 8227587.994830001145601 ], [ 683719.391580000054091, 8227588.024850000627339 ], [ 683719.331540000042878, 8227588.024850000627339 ], [ 683719.331540000042878, 8227588.054870001040399 ], [ 683719.271500000031665, 8227588.054870001040399 ], [ 683719.271500000031665, 8227588.084890001453459 ], [ 683719.181440000073053, 8227588.084890001453459 ], [ 683719.181440000073053, 8227588.114910000935197 ], [ 683719.12140000006184, 8227588.114910000935197 ], [ 683719.12140000006184, 8227588.144930001348257 ], [ 683719.061360000050627, 8227588.144930001348257 ], [ 683719.061360000050627, 8227588.174950000829995 ], [ 683719.001320000039414, 8227588.174950000829995 ], [ 683719.001320000039414, 8227588.204970001243055 ], [ 683718.911260000080802, 8227588.204970001243055 ], [ 683718.911260000080802, 8227588.234990000724792 ], [ 683718.851220000069588, 8227588.234990000724792 ], [ 683718.851220000069588, 8227588.265010001137853 ], [ 683718.791180000058375, 8227588.265010001137853 ], [ 683718.791180000058375, 8227588.29503000061959 ], [ 683718.701120000099763, 8227588.29503000061959 ], [ 683718.701120000099763, 8227588.32505000103265 ], [ 683718.64108000008855, 8227588.32505000103265 ], [ 683718.64108000008855, 8227588.355070001445711 ], [ 683718.581040000077337, 8227588.355070001445711 ], [ 683718.581040000077337, 8227588.385090000927448 ], [ 683718.49098, 8227588.385090000927448 ], [ 683718.49098, 8227588.415110001340508 ], [ 683718.430940000107512, 8227588.415110001340508 ], [ 683718.430940000107512, 8227588.445130000822246 ], [ 683718.370900000096299, 8227588.445130000822246 ], [ 683718.370900000096299, 8227588.475150001235306 ], [ 683718.280840000021271, 8227588.475150001235306 ], [ 683718.280840000021271, 8227588.505170000717044 ], [ 683718.220800000010058, 8227588.505170000717044 ], [ 683718.220800000010058, 8227588.535190001130104 ], [ 683718.16076000011526, 8227588.535190001130104 ], [ 683718.16076000011526, 8227588.565210000611842 ], [ 683718.070700000040233, 8227588.565210000611842 ], [ 683718.070700000040233, 8227588.595230001024902 ], [ 683718.01066000002902, 8227588.595230001024902 ], [ 683718.01066000002902, 8227588.625250001437962 ], [ 683717.950620000017807, 8227588.625250001437962 ], [ 683717.950620000017807, 8227588.6552700009197 ], [ 683717.860560000059195, 8227588.6552700009197 ], [ 683717.860560000059195, 8227588.68529000133276 ], [ 683717.800520000047982, 8227588.68529000133276 ], [ 683717.800520000047982, 8227588.715310000814497 ], [ 683717.740480000036769, 8227588.715310000814497 ], [ 683717.740480000036769, 8227588.745330001227558 ], [ 683717.650420000078157, 8227588.745330001227558 ], [ 683717.650420000078157, 8227588.775350000709295 ], [ 683717.590380000066943, 8227588.775350000709295 ], [ 683717.590380000066943, 8227588.805370001122355 ], [ 683717.53034000005573, 8227588.805370001122355 ], [ 683717.53034000005573, 8227588.835390000604093 ], [ 683717.440280000097118, 8227588.835390000604093 ], [ 683717.440280000097118, 8227588.865410001017153 ], [ 683717.380240000085905, 8227588.865410001017153 ], [ 683717.380240000085905, 8227588.895430001430213 ], [ 683717.320200000074692, 8227588.895430001430213 ], [ 683717.320200000074692, 8227588.925450000911951 ], [ 683717.23014, 8227588.925450000911951 ], [ 683717.23014, 8227588.955470001325011 ], [ 683717.170100000104867, 8227588.955470001325011 ], [ 683717.170100000104867, 8227588.985490000806749 ], [ 683717.110060000093654, 8227588.985490000806749 ], [ 683717.110060000093654, 8227589.015510001219809 ], [ 683717.020000000018626, 8227589.015510001219809 ], [ 683717.020000000018626, 8227589.045530000701547 ], [ 683716.95996, 8227589.045530000701547 ], [ 683716.95996, 8227589.075550001114607 ], [ 683716.899920000112616, 8227589.075550001114607 ], [ 683716.899920000112616, 8227589.105570000596344 ], [ 683716.809860000037588, 8227589.105570000596344 ], [ 683716.809860000037588, 8227589.135590001009405 ], [ 683716.749820000026375, 8227589.135590001009405 ], [ 683716.749820000026375, 8227589.165610001422465 ], [ 683716.689780000015162, 8227589.165610001422465 ], [ 683716.689780000015162, 8227589.195630000904202 ], [ 683716.59972000005655, 8227589.195630000904202 ], [ 683716.59972000005655, 8227589.225650001317263 ], [ 683716.539680000045337, 8227589.225650001317263 ], [ 683716.539680000045337, 8227589.255670000799 ], [ 683716.479640000034124, 8227589.255670000799 ], [ 683716.479640000034124, 8227589.28569000121206 ], [ 683716.389580000075512, 8227589.28569000121206 ], [ 683716.389580000075512, 8227589.315710000693798 ], [ 683716.329540000064299, 8227589.315710000693798 ], [ 683716.329540000064299, 8227589.345730001106858 ], [ 683716.269500000053085, 8227589.345730001106858 ], [ 683716.269500000053085, 8227589.375750000588596 ], [ 683716.179440000094473, 8227589.375750000588596 ], [ 683716.179440000094473, 8227589.405770001001656 ], [ 683716.11940000008326, 8227589.405770001001656 ], [ 683716.11940000008326, 8227589.435790001414716 ], [ 683716.059360000072047, 8227589.435790001414716 ], [ 683716.059360000072047, 8227589.465810000896454 ], [ 683715.969300000113435, 8227589.465810000896454 ], [ 683715.969300000113435, 8227589.495830001309514 ], [ 683715.909260000102222, 8227589.495830001309514 ], [ 683715.909260000102222, 8227589.525850000791252 ], [ 683715.849220000091009, 8227589.525850000791252 ], [ 683715.849220000091009, 8227589.555870001204312 ], [ 683715.759160000015981, 8227589.555870001204312 ], [ 683715.759160000015981, 8227589.585890000686049 ], [ 683715.69912, 8227589.585890000686049 ], [ 683715.69912, 8227589.61591000109911 ], [ 683715.639080000109971, 8227589.61591000109911 ], [ 683715.639080000109971, 8227589.645930000580847 ], [ 683715.549020000034943, 8227589.645930000580847 ], [ 683715.549020000034943, 8227589.675950000993907 ], [ 683715.48898000002373, 8227589.675950000993907 ], [ 683715.48898000002373, 8227589.705970001406968 ], [ 683715.428940000012517, 8227589.705970001406968 ], [ 683715.428940000012517, 8227589.735990000888705 ], [ 683715.338880000053905, 8227589.735990000888705 ], [ 683715.338880000053905, 8227589.766010001301765 ], [ 683715.278840000042692, 8227589.766010001301765 ], [ 683715.278840000042692, 8227589.796030000783503 ], [ 683715.218800000031479, 8227589.796030000783503 ], [ 683715.218800000031479, 8227589.826050001196563 ], [ 683715.128740000072867, 8227589.826050001196563 ], [ 683715.128740000072867, 8227589.856070000678301 ], [ 683715.068700000061654, 8227589.856070000678301 ], [ 683715.068700000061654, 8227589.886090001091361 ], [ 683715.00866000005044, 8227589.886090001091361 ], [ 683715.00866000005044, 8227589.916110000573099 ], [ 683714.918600000091828, 8227589.916110000573099 ], [ 683714.918600000091828, 8227589.946130000986159 ], [ 683714.858560000080615, 8227589.946130000986159 ], [ 683714.858560000080615, 8227589.976150001399219 ], [ 683714.798520000069402, 8227589.976150001399219 ], [ 683714.798520000069402, 8227590.006170000880957 ], [ 683714.70846000011079, 8227590.006170000880957 ], [ 683714.70846000011079, 8227590.036190001294017 ], [ 683714.648420000099577, 8227590.036190001294017 ], [ 683714.648420000099577, 8227590.066210000775754 ], [ 683714.588380000088364, 8227590.066210000775754 ], [ 683714.588380000088364, 8227590.096230001188815 ], [ 683714.528340000077151, 8227590.096230001188815 ], [ 683714.528340000077151, 8227590.126250000670552 ], [ 683714.43828, 8227590.126250000670552 ], [ 683714.43828, 8227590.156270001083612 ], [ 683714.378240000107326, 8227590.156270001083612 ], [ 683714.378240000107326, 8227590.18629000056535 ], [ 683714.318200000096112, 8227590.18629000056535 ], [ 683714.318200000096112, 8227590.21631000097841 ], [ 683714.228140000021085, 8227590.21631000097841 ], [ 683714.228140000021085, 8227590.24633000139147 ], [ 683714.1681, 8227590.24633000139147 ], [ 683714.1681, 8227590.276350000873208 ], [ 683714.108060000115074, 8227590.276350000873208 ], [ 683714.108060000115074, 8227590.306370001286268 ], [ 683714.018000000040047, 8227590.306370001286268 ], [ 683714.018000000040047, 8227590.336390000768006 ], [ 683713.957960000028834, 8227590.336390000768006 ], [ 683713.957960000028834, 8227590.366410001181066 ], [ 683713.897920000017621, 8227590.366410001181066 ], [ 683713.897920000017621, 8227590.396430000662804 ], [ 683713.807860000059009, 8227590.396430000662804 ], [ 683713.807860000059009, 8227590.426450001075864 ], [ 683713.747820000047795, 8227590.426450001075864 ], [ 683713.747820000047795, 8227590.456470000557601 ], [ 683713.687780000036582, 8227590.456470000557601 ], [ 683713.687780000036582, 8227590.486490000970662 ], [ 683713.59772000007797, 8227590.486490000970662 ], [ 683713.59772000007797, 8227590.516510001383722 ], [ 683713.537680000066757, 8227590.516510001383722 ], [ 683713.537680000066757, 8227590.546530000865459 ], [ 683713.477640000055544, 8227590.546530000865459 ], [ 683713.477640000055544, 8227590.57655000127852 ], [ 683713.387580000096932, 8227590.57655000127852 ], [ 683713.387580000096932, 8227590.606570000760257 ], [ 683713.327540000085719, 8227590.606570000760257 ], [ 683713.327540000085719, 8227590.636590001173317 ], [ 683713.267500000074506, 8227590.636590001173317 ], [ 683713.267500000074506, 8227590.666610000655055 ], [ 683713.17744, 8227590.666610000655055 ], [ 683713.17744, 8227590.696630001068115 ], [ 683713.117400000104681, 8227590.696630001068115 ], [ 683713.117400000104681, 8227590.726650000549853 ], [ 683713.057360000093468, 8227590.726650000549853 ], [ 683713.057360000093468, 8227590.756670000962913 ], [ 683712.96730000001844, 8227590.756670000962913 ], [ 683712.96730000001844, 8227590.786690001375973 ], [ 683712.90726, 8227590.786690001375973 ], [ 683712.90726, 8227590.816710000857711 ], [ 683712.847220000112429, 8227590.816710000857711 ], [ 683712.847220000112429, 8227590.846730001270771 ], [ 683712.757160000037402, 8227590.846730001270771 ], [ 683712.757160000037402, 8227590.876750000752509 ], [ 683712.697120000026189, 8227590.876750000752509 ], [ 683712.697120000026189, 8227590.906770001165569 ], [ 683712.637080000014976, 8227590.906770001165569 ], [ 683712.637080000014976, 8227590.936790000647306 ], [ 683712.547020000056364, 8227590.936790000647306 ], [ 683712.547020000056364, 8227590.966810001060367 ], [ 683712.486980000045151, 8227590.966810001060367 ], [ 683712.486980000045151, 8227590.996830001473427 ], [ 683712.426940000033937, 8227590.996830001473427 ], [ 683712.426940000033937, 8227591.026850000955164 ], [ 683712.336880000075325, 8227591.026850000955164 ], [ 683712.336880000075325, 8227591.056870001368225 ], [ 683712.276840000064112, 8227591.056870001368225 ], [ 683712.276840000064112, 8227591.086890000849962 ], [ 683712.216800000052899, 8227591.086890000849962 ], [ 683712.216800000052899, 8227591.116910001263022 ], [ 683712.126740000094287, 8227591.116910001263022 ], [ 683712.126740000094287, 8227591.14693000074476 ], [ 683712.066700000083074, 8227591.14693000074476 ], [ 683712.066700000083074, 8227591.17695000115782 ], [ 683712.006660000071861, 8227591.17695000115782 ], [ 683712.006660000071861, 8227591.206970000639558 ], [ 683711.916600000113249, 8227591.206970000639558 ], [ 683711.916600000113249, 8227591.236990001052618 ], [ 683711.856560000102036, 8227591.236990001052618 ], [ 683711.856560000102036, 8227591.267010001465678 ], [ 683711.796520000090823, 8227591.267010001465678 ], [ 683711.796520000090823, 8227591.297030000947416 ], [ 683711.706460000015795, 8227591.297030000947416 ], [ 683711.706460000015795, 8227591.327050001360476 ], [ 683711.64642, 8227591.327050001360476 ], [ 683711.64642, 8227591.357070000842214 ], [ 683711.586380000109784, 8227591.357070000842214 ], [ 683711.586380000109784, 8227591.387090001255274 ], [ 683711.496320000034757, 8227591.387090001255274 ], [ 683711.496320000034757, 8227591.417110000737011 ], [ 683711.436280000023544, 8227591.417110000737011 ], [ 683711.436280000023544, 8227591.447130001150072 ], [ 683711.376240000012331, 8227591.447130001150072 ], [ 683711.376240000012331, 8227591.477150000631809 ], [ 683711.286180000053719, 8227591.477150000631809 ], [ 683711.286180000053719, 8227591.507170001044869 ], [ 683711.226140000042506, 8227591.507170001044869 ], [ 683711.226140000042506, 8227591.53719000145793 ], [ 683711.166100000031292, 8227591.53719000145793 ], [ 683711.166100000031292, 8227591.567210000939667 ], [ 683711.07604000007268, 8227591.567210000939667 ], [ 683711.07604000007268, 8227591.597230001352727 ], [ 683711.016000000061467, 8227591.597230001352727 ], [ 683711.016000000061467, 8227591.627250000834465 ], [ 683710.955960000050254, 8227591.627250000834465 ], [ 683710.955960000050254, 8227591.657270001247525 ], [ 683710.865900000091642, 8227591.657270001247525 ], [ 683710.865900000091642, 8227591.687290000729263 ], [ 683710.805860000080429, 8227591.687290000729263 ], [ 683710.805860000080429, 8227591.717310001142323 ], [ 683710.745820000069216, 8227591.717310001142323 ], [ 683710.745820000069216, 8227591.747330000624061 ], [ 683710.655760000110604, 8227591.747330000624061 ], [ 683710.655760000110604, 8227591.777350001037121 ], [ 683710.595720000099391, 8227591.777350001037121 ], [ 683710.595720000099391, 8227591.807370001450181 ], [ 683710.535680000088178, 8227591.807370001450181 ], [ 683710.535680000088178, 8227591.837390000931919 ], [ 683710.44562000001315, 8227591.837390000931919 ], [ 683710.44562000001315, 8227591.867410001344979 ], [ 683710.38558, 8227591.867410001344979 ], [ 683710.38558, 8227591.897430000826716 ], [ 683710.325540000107139, 8227591.897430000826716 ], [ 683710.325540000107139, 8227591.927450001239777 ], [ 683710.265500000095926, 8227591.927450001239777 ], [ 683710.265500000095926, 8227591.957470000721514 ], [ 683710.175440000020899, 8227591.957470000721514 ], [ 683710.175440000020899, 8227591.987490001134574 ], [ 683710.1154, 8227591.987490001134574 ], [ 683710.1154, 8227592.017510000616312 ], [ 683710.055360000114888, 8227592.017510000616312 ], [ 683710.055360000114888, 8227592.047530001029372 ], [ 683709.965300000039861, 8227592.047530001029372 ], [ 683709.965300000039861, 8227592.077550001442432 ], [ 683709.905260000028647, 8227592.077550001442432 ], [ 683709.905260000028647, 8227592.10757000092417 ], [ 683709.845220000017434, 8227592.10757000092417 ], [ 683709.845220000017434, 8227592.13759000133723 ], [ 683709.755160000058822, 8227592.13759000133723 ], [ 683709.755160000058822, 8227592.167610000818968 ], [ 683709.695120000047609, 8227592.167610000818968 ], [ 683709.695120000047609, 8227592.197630001232028 ], [ 683709.635080000036396, 8227592.197630001232028 ], [ 683709.635080000036396, 8227592.227650000713766 ], [ 683709.545020000077784, 8227592.227650000713766 ], [ 683709.545020000077784, 8227592.257670001126826 ], [ 683709.484980000066571, 8227592.257670001126826 ], [ 683709.484980000066571, 8227592.287690000608563 ], [ 683709.424940000055358, 8227592.287690000608563 ], [ 683709.424940000055358, 8227592.317710001021624 ], [ 683709.334880000096746, 8227592.317710001021624 ], [ 683709.334880000096746, 8227592.347730001434684 ], [ 683709.274840000085533, 8227592.347730001434684 ], [ 683709.274840000085533, 8227592.377750000916421 ], [ 683709.21480000007432, 8227592.377750000916421 ], [ 683709.21480000007432, 8227592.407770001329482 ], [ 683709.12474, 8227592.407770001329482 ], [ 683709.12474, 8227592.437790000811219 ], [ 683709.064700000104494, 8227592.437790000811219 ], [ 683709.064700000104494, 8227592.467810001224279 ], [ 683709.004660000093281, 8227592.467810001224279 ], [ 683709.004660000093281, 8227592.497830000706017 ], [ 683708.914600000018254, 8227592.497830000706017 ], [ 683708.914600000018254, 8227592.527850001119077 ], [ 683708.85456, 8227592.527850001119077 ], [ 683708.85456, 8227592.557870000600815 ], [ 683708.794520000112243, 8227592.557870000600815 ], [ 683708.794520000112243, 8227592.587890001013875 ], [ 683708.704460000037216, 8227592.587890001013875 ], [ 683708.704460000037216, 8227592.617910001426935 ], [ 683708.644420000026003, 8227592.617910001426935 ], [ 683708.644420000026003, 8227592.647930000908673 ], [ 683708.584380000014789, 8227592.647930000908673 ], [ 683708.584380000014789, 8227592.677950001321733 ], [ 683708.494320000056177, 8227592.677950001321733 ], [ 683708.494320000056177, 8227592.707970000803471 ], [ 683708.434280000044964, 8227592.707970000803471 ], [ 683708.434280000044964, 8227592.737990001216531 ], [ 683708.374240000033751, 8227592.737990001216531 ], [ 683708.374240000033751, 8227592.768010000698268 ], [ 683708.284180000075139, 8227592.768010000698268 ], [ 683708.284180000075139, 8227592.798030001111329 ], [ 683708.224140000063926, 8227592.798030001111329 ], [ 683708.224140000063926, 8227592.828050000593066 ], [ 683708.164100000052713, 8227592.828050000593066 ], [ 683708.164100000052713, 8227592.858070001006126 ], [ 683708.074040000094101, 8227592.858070001006126 ], [ 683708.074040000094101, 8227592.888090001419187 ], [ 683708.014000000082888, 8227592.888090001419187 ], [ 683708.014000000082888, 8227592.918110000900924 ], [ 683707.953960000071675, 8227592.918110000900924 ], [ 683707.953960000071675, 8227592.948130001313984 ], [ 683707.863900000113063, 8227592.948130001313984 ], [ 683707.863900000113063, 8227592.978150000795722 ], [ 683707.803860000101849, 8227592.978150000795722 ], [ 683707.803860000101849, 8227593.008170001208782 ], [ 683707.743820000090636, 8227593.008170001208782 ], [ 683707.743820000090636, 8227593.03819000069052 ], [ 683707.653760000015609, 8227593.03819000069052 ], [ 683707.653760000015609, 8227593.06821000110358 ], [ 683707.59372, 8227593.06821000110358 ], [ 683707.59372, 8227593.098230000585318 ], [ 683707.533680000109598, 8227593.098230000585318 ], [ 683707.533680000109598, 8227593.128250000998378 ], [ 683707.443620000034571, 8227593.128250000998378 ], [ 683707.443620000034571, 8227593.158270001411438 ], [ 683707.383580000023358, 8227593.158270001411438 ], [ 683707.383580000023358, 8227593.188290000893176 ], [ 683707.323540000012144, 8227593.188290000893176 ], [ 683707.323540000012144, 8227593.218310001306236 ], [ 683707.233480000053532, 8227593.218310001306236 ], [ 683707.233480000053532, 8227593.248330000787973 ], [ 683707.173440000042319, 8227593.248330000787973 ], [ 683707.173440000042319, 8227593.278350001201034 ], [ 683707.113400000031106, 8227593.278350001201034 ], [ 683707.113400000031106, 8227593.308370000682771 ], [ 683707.023340000072494, 8227593.308370000682771 ], [ 683707.023340000072494, 8227593.338390001095831 ], [ 683706.963300000061281, 8227593.338390001095831 ], [ 683706.963300000061281, 8227593.368410000577569 ], [ 683706.903260000050068, 8227593.368410000577569 ], [ 683706.903260000050068, 8227593.398430000990629 ], [ 683706.813200000091456, 8227593.398430000990629 ], [ 683706.813200000091456, 8227593.428450001403689 ], [ 683706.753160000080243, 8227593.428450001403689 ], [ 683706.753160000080243, 8227593.458470000885427 ], [ 683706.69312000006903, 8227593.458470000885427 ], [ 683706.69312000006903, 8227593.488490001298487 ], [ 683706.603060000110418, 8227593.488490001298487 ], [ 683706.603060000110418, 8227593.518510000780225 ], [ 683706.543020000099204, 8227593.518510000780225 ], [ 683706.543020000099204, 8227593.548530001193285 ], [ 683706.482980000087991, 8227593.548530001193285 ], [ 683706.482980000087991, 8227593.578550000675023 ], [ 683706.392920000012964, 8227593.578550000675023 ], [ 683706.392920000012964, 8227593.608570001088083 ], [ 683706.33288, 8227593.608570001088083 ], [ 683706.33288, 8227593.63859000056982 ], [ 683706.272840000106953, 8227593.63859000056982 ], [ 683706.272840000106953, 8227593.668610000982881 ], [ 683706.182780000031926, 8227593.668610000982881 ], [ 683706.182780000031926, 8227593.698630001395941 ], [ 683706.122740000020713, 8227593.698630001395941 ], [ 683706.122740000020713, 8227593.728650000877678 ], [ 683706.0627, 8227593.728650000877678 ], [ 683706.0627, 8227593.758670001290739 ], [ 683705.972640000050887, 8227593.758670001290739 ], [ 683705.972640000050887, 8227593.788690000772476 ], [ 683705.912600000039674, 8227593.788690000772476 ], [ 683705.912600000039674, 8227593.818710001185536 ], [ 683705.852560000028461, 8227593.818710001185536 ], [ 683705.852560000028461, 8227593.848730000667274 ], [ 683705.792520000017248, 8227593.848730000667274 ], [ 683705.792520000017248, 8227593.878750001080334 ], [ 683705.702460000058636, 8227593.878750001080334 ], [ 683705.702460000058636, 8227593.908770000562072 ], [ 683705.642420000047423, 8227593.908770000562072 ], [ 683705.642420000047423, 8227593.938790000975132 ], [ 683705.58238000003621, 8227593.938790000975132 ], [ 683705.58238000003621, 8227593.968810001388192 ], [ 683705.492320000077598, 8227593.968810001388192 ], [ 683705.492320000077598, 8227593.99883000086993 ], [ 683705.432280000066385, 8227593.99883000086993 ], [ 683705.432280000066385, 8227594.02885000128299 ], [ 683705.372240000055172, 8227594.02885000128299 ], [ 683705.372240000055172, 8227594.058870000764728 ], [ 683705.28218000009656, 8227594.058870000764728 ], [ 683705.28218000009656, 8227594.088890001177788 ], [ 683705.222140000085346, 8227594.088890001177788 ], [ 683705.222140000085346, 8227594.118910000659525 ], [ 683705.162100000074133, 8227594.118910000659525 ], [ 683705.162100000074133, 8227594.148930001072586 ], [ 683705.07204, 8227594.148930001072586 ], [ 683705.07204, 8227594.178950000554323 ], [ 683705.012000000104308, 8227594.178950000554323 ], [ 683705.012000000104308, 8227594.208970000967383 ], [ 683704.951960000093095, 8227594.208970000967383 ], [ 683704.951960000093095, 8227594.238990001380444 ], [ 683704.861900000018068, 8227594.238990001380444 ], [ 683704.861900000018068, 8227594.269010000862181 ], [ 683704.80186, 8227594.269010000862181 ], [ 683704.80186, 8227594.299030001275241 ], [ 683704.741820000112057, 8227594.299030001275241 ], [ 683704.741820000112057, 8227594.329050000756979 ], [ 683704.651760000037029, 8227594.329050000756979 ], [ 683704.651760000037029, 8227594.359070001170039 ], [ 683704.591720000025816, 8227594.359070001170039 ], [ 683704.591720000025816, 8227594.389090000651777 ], [ 683704.531680000014603, 8227594.389090000651777 ], [ 683704.531680000014603, 8227594.419110001064837 ], [ 683704.441620000055991, 8227594.419110001064837 ], [ 683704.441620000055991, 8227594.449130001477897 ], [ 683704.381580000044778, 8227594.449130001477897 ], [ 683704.381580000044778, 8227594.479150000959635 ], [ 683704.321540000033565, 8227594.479150000959635 ], [ 683704.321540000033565, 8227594.509170001372695 ], [ 683704.231480000074953, 8227594.509170001372695 ], [ 683704.231480000074953, 8227594.539190000854433 ], [ 683704.17144000006374, 8227594.539190000854433 ], [ 683704.17144000006374, 8227594.569210001267493 ], [ 683704.111400000052527, 8227594.569210001267493 ], [ 683704.111400000052527, 8227594.59923000074923 ], [ 683704.021340000093915, 8227594.59923000074923 ], [ 683704.021340000093915, 8227594.629250001162291 ], [ 683703.961300000082701, 8227594.629250001162291 ], [ 683703.961300000082701, 8227594.659270000644028 ], [ 683703.901260000071488, 8227594.659270000644028 ], [ 683703.901260000071488, 8227594.689290001057088 ], [ 683703.811200000112876, 8227594.689290001057088 ], [ 683703.811200000112876, 8227594.719310001470149 ], [ 683703.751160000101663, 8227594.719310001470149 ], [ 683703.751160000101663, 8227594.749330000951886 ], [ 683703.69112000009045, 8227594.749330000951886 ], [ 683703.69112000009045, 8227594.779350001364946 ], [ 683703.601060000015423, 8227594.779350001364946 ], [ 683703.601060000015423, 8227594.809370000846684 ], [ 683703.54102, 8227594.809370000846684 ], [ 683703.54102, 8227594.839390001259744 ], [ 683703.480980000109412, 8227594.839390001259744 ], [ 683703.480980000109412, 8227594.869410000741482 ], [ 683703.390920000034384, 8227594.869410000741482 ], [ 683703.390920000034384, 8227594.899430001154542 ], [ 683703.330880000023171, 8227594.899430001154542 ], [ 683703.330880000023171, 8227594.92945000063628 ], [ 683703.270840000011958, 8227594.92945000063628 ], [ 683703.270840000011958, 8227594.95947000104934 ], [ 683703.180780000053346, 8227594.95947000104934 ], [ 683703.180780000053346, 8227594.9894900014624 ], [ 683703.120740000042133, 8227594.9894900014624 ], [ 683703.120740000042133, 8227595.019510000944138 ], [ 683703.06070000003092, 8227595.019510000944138 ], [ 683703.06070000003092, 8227595.049530001357198 ], [ 683702.970640000072308, 8227595.049530001357198 ], [ 683702.970640000072308, 8227595.079550000838935 ], [ 683702.910600000061095, 8227595.079550000838935 ], [ 683702.910600000061095, 8227595.109570001251996 ], [ 683702.850560000049882, 8227595.109570001251996 ], [ 683702.850560000049882, 8227595.139590000733733 ], [ 683702.76050000009127, 8227595.139590000733733 ], [ 683702.76050000009127, 8227595.169610001146793 ], [ 683702.700460000080056, 8227595.169610001146793 ], [ 683702.700460000080056, 8227595.199630000628531 ], [ 683702.640420000068843, 8227595.199630000628531 ], [ 683702.640420000068843, 8227595.229650001041591 ], [ 683702.550360000110231, 8227595.229650001041591 ], [ 683702.550360000110231, 8227595.259670001454651 ], [ 683702.490320000099018, 8227595.259670001454651 ], [ 683702.490320000099018, 8227595.289690000936389 ], [ 683702.430280000087805, 8227595.289690000936389 ], [ 683702.430280000087805, 8227595.319710001349449 ], [ 683702.340220000012778, 8227595.319710001349449 ], [ 683702.340220000012778, 8227595.349730000831187 ], [ 683702.28018, 8227595.349730000831187 ], [ 683702.28018, 8227595.379750001244247 ], [ 683702.220140000106767, 8227595.379750001244247 ], [ 683702.220140000106767, 8227595.409770000725985 ], [ 683702.130080000031739, 8227595.409770000725985 ], [ 683702.130080000031739, 8227595.439790001139045 ], [ 683702.070040000020526, 8227595.439790001139045 ], [ 683702.070040000020526, 8227595.469810000620782 ], [ 683702.01, 8227595.469810000620782 ], [ 683702.01, 8227595.499830001033843 ], [ 683701.919940000050701, 8227595.499830001033843 ], [ 683701.919940000050701, 8227595.529850001446903 ], [ 683701.859900000039488, 8227595.529850001446903 ], [ 683701.859900000039488, 8227595.55987000092864 ], [ 683701.769840000080876, 8227595.55987000092864 ], [ 683701.769840000080876, 8227595.589890001341701 ], [ 683701.709800000069663, 8227595.589890001341701 ], [ 683701.709800000069663, 8227595.619910000823438 ], [ 683701.619740000111051, 8227595.619910000823438 ], [ 683701.619740000111051, 8227595.649930001236498 ], [ 683701.559700000099838, 8227595.649930001236498 ], [ 683701.559700000099838, 8227595.679950000718236 ], [ 683701.46964000002481, 8227595.679950000718236 ], [ 683701.46964000002481, 8227595.709970001131296 ], [ 683701.409600000013597, 8227595.709970001131296 ], [ 683701.409600000013597, 8227595.739990000613034 ], [ 683701.319540000054985, 8227595.739990000613034 ], [ 683701.319540000054985, 8227595.770010001026094 ], [ 683701.259500000043772, 8227595.770010001026094 ], [ 683701.259500000043772, 8227595.800030001439154 ], [ 683701.16944000008516, 8227595.800030001439154 ], [ 683701.16944000008516, 8227595.830050000920892 ], [ 683701.109400000073947, 8227595.830050000920892 ], [ 683701.109400000073947, 8227595.860070001333952 ], [ 683701.049360000062734, 8227595.860070001333952 ], [ 683701.049360000062734, 8227595.89009000081569 ], [ 683700.959300000104122, 8227595.89009000081569 ], [ 683700.959300000104122, 8227595.92011000122875 ], [ 683700.899260000092909, 8227595.92011000122875 ], [ 683700.899260000092909, 8227595.950130000710487 ], [ 683700.809200000017881, 8227595.950130000710487 ], [ 683700.809200000017881, 8227595.980150001123548 ], [ 683700.74916, 8227595.980150001123548 ], [ 683700.74916, 8227596.010170000605285 ], [ 683700.659100000048056, 8227596.010170000605285 ], [ 683700.659100000048056, 8227596.040190001018345 ], [ 683700.599060000036843, 8227596.040190001018345 ], [ 683700.599060000036843, 8227596.070210001431406 ], [ 683700.509000000078231, 8227596.070210001431406 ], [ 683700.509000000078231, 8227596.100230000913143 ], [ 683700.448960000067018, 8227596.100230000913143 ], [ 683700.448960000067018, 8227596.130250001326203 ], [ 683700.358900000108406, 8227596.130250001326203 ], [ 683700.358900000108406, 8227596.160270000807941 ], [ 683700.298860000097193, 8227596.160270000807941 ], [ 683700.298860000097193, 8227596.190290001221001 ], [ 683700.208800000022165, 8227596.190290001221001 ], [ 683700.208800000022165, 8227596.220310000702739 ], [ 683700.148760000010952, 8227596.220310000702739 ], [ 683700.148760000010952, 8227596.250330001115799 ], [ 683700.08872, 8227596.250330001115799 ], [ 683700.08872, 8227596.280350000597537 ], [ 683699.998660000041127, 8227596.280350000597537 ], [ 683699.998660000041127, 8227596.310370001010597 ], [ 683699.938620000029914, 8227596.310370001010597 ], [ 683699.938620000029914, 8227596.340390001423657 ], [ 683699.848560000071302, 8227596.340390001423657 ], [ 683699.848560000071302, 8227596.370410000905395 ], [ 683699.788520000060089, 8227596.370410000905395 ], [ 683699.788520000060089, 8227596.400430001318455 ], [ 683699.698460000101477, 8227596.400430001318455 ], [ 683699.698460000101477, 8227596.430450000800192 ], [ 683699.638420000090264, 8227596.430450000800192 ], [ 683699.638420000090264, 8227596.460470001213253 ], [ 683699.548360000015236, 8227596.460470001213253 ], [ 683699.548360000015236, 8227596.49049000069499 ], [ 683699.48832, 8227596.49049000069499 ], [ 683699.48832, 8227596.52051000110805 ], [ 683699.398260000045411, 8227596.52051000110805 ], [ 683699.398260000045411, 8227596.550530000589788 ], [ 683699.338220000034198, 8227596.550530000589788 ], [ 683699.338220000034198, 8227596.580550001002848 ], [ 683699.248160000075586, 8227596.580550001002848 ], [ 683699.248160000075586, 8227596.610570001415908 ], [ 683699.188120000064373, 8227596.610570001415908 ], [ 683699.188120000064373, 8227596.640590000897646 ], [ 683699.12808000005316, 8227596.640590000897646 ], [ 683699.12808000005316, 8227596.670610001310706 ], [ 683699.038020000094548, 8227596.670610001310706 ], [ 683699.038020000094548, 8227596.700630000792444 ], [ 683698.947960000019521, 8227596.700630000792444 ], [ 683698.947960000019521, 8227596.730650001205504 ], [ 683698.88792, 8227596.730650001205504 ], [ 683698.88792, 8227596.760670000687242 ], [ 683698.797860000049695, 8227596.760670000687242 ], [ 683698.797860000049695, 8227596.790690001100302 ], [ 683698.707800000091083, 8227596.790690001100302 ], [ 683698.707800000091083, 8227596.820710000582039 ], [ 683698.64776000007987, 8227596.820710000582039 ], [ 683698.64776000007987, 8227596.8507300009951 ], [ 683698.5577, 8227596.8507300009951 ], [ 683698.5577, 8227596.88075000140816 ], [ 683698.467640000046231, 8227596.88075000140816 ], [ 683698.467640000046231, 8227596.910770000889897 ], [ 683698.407600000035018, 8227596.910770000889897 ], [ 683698.407600000035018, 8227596.940790001302958 ], [ 683698.317540000076406, 8227596.940790001302958 ], [ 683698.317540000076406, 8227596.970810000784695 ], [ 683698.257500000065193, 8227596.970810000784695 ], [ 683698.257500000065193, 8227597.000830001197755 ], [ 683698.167440000106581, 8227597.000830001197755 ], [ 683698.167440000106581, 8227597.030850000679493 ], [ 683698.077380000031553, 8227597.030850000679493 ], [ 683698.077380000031553, 8227597.060870001092553 ], [ 683698.01734000002034, 8227597.060870001092553 ], [ 683698.01734000002034, 8227597.090890000574291 ], [ 683697.927280000061728, 8227597.090890000574291 ], [ 683697.927280000061728, 8227597.120910000987351 ], [ 683697.837220000103116, 8227597.120910000987351 ], [ 683697.837220000103116, 8227597.150930001400411 ], [ 683697.777180000091903, 8227597.150930001400411 ], [ 683697.777180000091903, 8227597.180950000882149 ], [ 683697.687120000016876, 8227597.180950000882149 ], [ 683697.687120000016876, 8227597.210970001295209 ], [ 683697.597060000058264, 8227597.210970001295209 ], [ 683697.597060000058264, 8227597.240990000776947 ], [ 683697.53702000004705, 8227597.240990000776947 ], [ 683697.53702000004705, 8227597.271010001190007 ], [ 683697.446960000088438, 8227597.271010001190007 ], [ 683697.446960000088438, 8227597.301030000671744 ], [ 683697.386920000077225, 8227597.301030000671744 ], [ 683697.386920000077225, 8227597.331050001084805 ], [ 683697.29686, 8227597.331050001084805 ], [ 683697.29686, 8227597.361070000566542 ], [ 683697.206800000043586, 8227597.361070000566542 ], [ 683697.206800000043586, 8227597.391090000979602 ], [ 683697.146760000032373, 8227597.391090000979602 ], [ 683697.146760000032373, 8227597.421110001392663 ], [ 683697.056700000073761, 8227597.421110001392663 ], [ 683697.056700000073761, 8227597.4511300008744 ], [ 683696.966640000115149, 8227597.4511300008744 ], [ 683696.966640000115149, 8227597.48115000128746 ], [ 683696.906600000103936, 8227597.48115000128746 ], [ 683696.906600000103936, 8227597.511170000769198 ], [ 683696.816540000028908, 8227597.511170000769198 ], [ 683696.816540000028908, 8227597.541190001182258 ], [ 683696.756500000017695, 8227597.541190001182258 ], [ 683696.756500000017695, 8227597.571210000663996 ], [ 683696.666440000059083, 8227597.571210000663996 ], [ 683696.666440000059083, 8227597.601230001077056 ], [ 683696.576380000100471, 8227597.601230001077056 ], [ 683696.576380000100471, 8227597.631250000558794 ], [ 683696.516340000089258, 8227597.631250000558794 ], [ 683696.516340000089258, 8227597.661270000971854 ], [ 683696.426280000014231, 8227597.661270000971854 ], [ 683696.426280000014231, 8227597.691290001384914 ], [ 683696.336220000055619, 8227597.691290001384914 ], [ 683696.336220000055619, 8227597.721310000866652 ], [ 683696.276180000044405, 8227597.721310000866652 ], [ 683696.276180000044405, 8227597.751330001279712 ], [ 683696.186120000085793, 8227597.751330001279712 ], [ 683696.186120000085793, 8227597.781350000761449 ], [ 683696.096060000010766, 8227597.781350000761449 ], [ 683696.096060000010766, 8227597.81137000117451 ], [ 683696.03602, 8227597.81137000117451 ], [ 683696.03602, 8227597.841390000656247 ], [ 683695.945960000040941, 8227597.841390000656247 ], [ 683695.945960000040941, 8227597.871410001069307 ], [ 683695.885920000029728, 8227597.871410001069307 ], [ 683695.885920000029728, 8227597.901430000551045 ], [ 683695.795860000071116, 8227597.901430000551045 ], [ 683695.795860000071116, 8227597.931450000964105 ], [ 683695.705800000112504, 8227597.931450000964105 ], [ 683695.705800000112504, 8227597.961470001377165 ], [ 683695.645760000101291, 8227597.961470001377165 ], [ 683695.645760000101291, 8227597.991490000858903 ], [ 683695.555700000026263, 8227597.991490000858903 ], [ 683695.555700000026263, 8227598.021510001271963 ], [ 683695.465640000067651, 8227598.021510001271963 ], [ 683695.465640000067651, 8227598.051530000753701 ], [ 683695.405600000056438, 8227598.051530000753701 ], [ 683695.405600000056438, 8227598.081550001166761 ], [ 683695.315540000097826, 8227598.081550001166761 ], [ 683695.315540000097826, 8227598.111570000648499 ], [ 683695.225480000022799, 8227598.111570000648499 ], [ 683695.225480000022799, 8227598.141590001061559 ], [ 683695.165440000011586, 8227598.141590001061559 ], [ 683695.165440000011586, 8227598.171610001474619 ], [ 683695.075380000052974, 8227598.171610001474619 ], [ 683695.075380000052974, 8227598.201630000956357 ], [ 683695.015340000041761, 8227598.201630000956357 ], [ 683695.015340000041761, 8227598.231650001369417 ], [ 683694.925280000083148, 8227598.231650001369417 ], [ 683694.925280000083148, 8227598.261670000851154 ], [ 683694.83522, 8227598.261670000851154 ], [ 683694.83522, 8227598.291690001264215 ], [ 683694.775180000113323, 8227598.291690001264215 ], [ 683694.775180000113323, 8227598.321710000745952 ], [ 683694.685120000038296, 8227598.321710000745952 ], [ 683694.685120000038296, 8227598.351730001159012 ], [ 683694.595060000079684, 8227598.351730001159012 ], [ 683694.595060000079684, 8227598.38175000064075 ], [ 683694.535020000068471, 8227598.38175000064075 ], [ 683694.535020000068471, 8227598.41177000105381 ], [ 683694.444960000109859, 8227598.41177000105381 ], [ 683694.444960000109859, 8227598.44179000146687 ], [ 683694.384920000098646, 8227598.44179000146687 ], [ 683694.384920000098646, 8227598.471810000948608 ], [ 683694.294860000023618, 8227598.471810000948608 ], [ 683694.294860000023618, 8227598.501830001361668 ], [ 683694.204800000065006, 8227598.501830001361668 ], [ 683694.204800000065006, 8227598.531850000843406 ], [ 683694.144760000053793, 8227598.531850000843406 ], [ 683694.144760000053793, 8227598.561870001256466 ], [ 683694.054700000095181, 8227598.561870001256466 ], [ 683694.054700000095181, 8227598.591890000738204 ], [ 683693.964640000020154, 8227598.591890000738204 ], [ 683693.964640000020154, 8227598.621910001151264 ], [ 683693.9046, 8227598.621910001151264 ], [ 683693.9046, 8227598.651930000633001 ], [ 683693.814540000050329, 8227598.651930000633001 ], [ 683693.814540000050329, 8227598.681950001046062 ], [ 683693.724480000091717, 8227598.681950001046062 ], [ 683693.724480000091717, 8227598.711970001459122 ], [ 683693.664440000080504, 8227598.711970001459122 ], [ 683693.664440000080504, 8227598.741990000940859 ], [ 683693.57438, 8227598.741990000940859 ], [ 683693.57438, 8227598.77201000135392 ], [ 683693.514340000110678, 8227598.77201000135392 ], [ 683693.514340000110678, 8227598.802030000835657 ], [ 683693.424280000035651, 8227598.802030000835657 ], [ 683693.424280000035651, 8227598.832050001248717 ], [ 683693.334220000077039, 8227598.832050001248717 ], [ 683693.334220000077039, 8227598.862070000730455 ], [ 683693.274180000065826, 8227598.862070000730455 ], [ 683693.274180000065826, 8227598.892090001143515 ], [ 683693.184120000107214, 8227598.892090001143515 ], [ 683693.184120000107214, 8227598.922110000625253 ], [ 683693.094060000032187, 8227598.922110000625253 ], [ 683693.094060000032187, 8227598.952130001038313 ], [ 683693.034020000020973, 8227598.952130001038313 ], [ 683693.034020000020973, 8227598.982150001451373 ], [ 683692.943960000062361, 8227598.982150001451373 ], [ 683692.943960000062361, 8227599.012170000933111 ], [ 683692.853900000103749, 8227599.012170000933111 ], [ 683692.853900000103749, 8227599.042190001346171 ], [ 683692.793860000092536, 8227599.042190001346171 ], [ 683692.793860000092536, 8227599.072210000827909 ], [ 683692.703800000017509, 8227599.072210000827909 ], [ 683692.703800000017509, 8227599.102230001240969 ], [ 683692.64376, 8227599.102230001240969 ], [ 683692.64376, 8227599.132250000722706 ], [ 683692.553700000047684, 8227599.132250000722706 ], [ 683692.553700000047684, 8227599.162270001135767 ], [ 683692.463640000089072, 8227599.162270001135767 ], [ 683692.463640000089072, 8227599.192290000617504 ], [ 683692.403600000077859, 8227599.192290000617504 ], [ 683692.403600000077859, 8227599.222310001030564 ], [ 683692.31354, 8227599.222310001030564 ], [ 683692.31354, 8227599.252330001443624 ], [ 683692.223480000044219, 8227599.252330001443624 ], [ 683692.223480000044219, 8227599.282350000925362 ], [ 683692.163440000033006, 8227599.282350000925362 ], [ 683692.163440000033006, 8227599.312370001338422 ], [ 683692.073380000074394, 8227599.312370001338422 ], [ 683692.073380000074394, 8227599.34239000082016 ], [ 683691.98332, 8227599.34239000082016 ], [ 683691.98332, 8227599.37241000123322 ], [ 683691.923280000104569, 8227599.37241000123322 ], [ 683691.923280000104569, 8227599.402430000714958 ], [ 683691.833220000029542, 8227599.402430000714958 ], [ 683691.833220000029542, 8227599.432450001128018 ], [ 683691.773180000018328, 8227599.432450001128018 ], [ 683691.773180000018328, 8227599.462470000609756 ], [ 683691.683120000059716, 8227599.462470000609756 ], [ 683691.683120000059716, 8227599.492490001022816 ], [ 683691.593060000101104, 8227599.492490001022816 ], [ 683691.593060000101104, 8227599.522510001435876 ], [ 683691.352900000056252, 8227599.522510001435876 ], [ 683691.352900000056252, 8227599.552530000917614 ], [ 683691.112740000011399, 8227599.552530000917614 ], [ 683691.112740000011399, 8227599.582550001330674 ], [ 683690.842560000019148, 8227599.582550001330674 ], [ 683690.842560000019148, 8227599.612570000812411 ], [ 683690.572380000026897, 8227599.612570000812411 ], [ 683690.572380000026897, 8227599.642590001225471 ], [ 683690.302200000034645, 8227599.642590001225471 ], [ 683690.302200000034645, 8227599.672610000707209 ], [ 683690.032020000042394, 8227599.672610000707209 ], [ 683690.032020000042394, 8227599.702630001120269 ], [ 683689.791860000113957, 8227599.702630001120269 ], [ 683689.791860000113957, 8227599.732650000602007 ], [ 683689.461640000110492, 8227599.732650000602007 ] ], [ [ 683756.316180000081658, 8227484.335770000703633 ], [ 683756.346200000029057, 8227484.335770000703633 ], [ 683756.346200000029057, 8227484.305750001221895 ], [ 683756.316180000081658, 8227484.305750001221895 ], [ 683756.316180000081658, 8227484.335770000703633 ] ] ] } }
]
}
