{
"type": "FeatureCollection",
"crs": { "type": "name", "properties": { "name": "urn:ogc:def:crs:OGC:1.3:CRS84" } },
"features": [
{ "type": "Feature", "properties": { "Field": "000", "Length": 17.981243653489351, "Image": "/home/dev4_bemagro_com/codes/input/64188/Orthomosaico.tif", "Farm": "64188" }, "geometry": { "type": "LineString", "coordinates": [ [ -48.295423048352745, -21.145236625103152 ], [ -48.295383300509108, -21.145210880286321 ], [ -48.295334987560942, -21.145181232241999 ], [ -48.29527990997358, -21.145145472632503 ] ] } },
{ "type": "Feature", "properties": { "Field": "000", "Length": 132.24103918705813, "Image": "/home/dev4_bemagro_com/codes/input/64188/Orthomosaico.tif", "Farm": "64188" }, "geometry": { "type": "LineString", "coordinates": [ [ -48.295275271828984, -21.145142464835427 ], [ -48.295216244244095, -21.145104266275023 ], [ -48.29516851622391, -21.145073795346445 ], [ -48.295113408962123, -21.14503746648332 ], [ -48.295041612499368, -21.144992043603523 ], [ -48.294986376178784, -21.144955886577684 ], [ -48.294947505831779, -21.144929293658379 ], [ -48.294876390214043, -21.144882937673181 ], [ -48.294852431611702, -21.144867833981433 ], [ -48.294779629689096, -21.144823841928542 ], [ -48.29477163858423, -21.144818814059398 ], [ -48.294669520653201, -21.144751046617586 ], [ -48.294574080259842, -21.144690083598579 ], [ -48.29453380413436, -21.144665399933334 ], [ -48.294430048752993, -21.1445998578005 ], [ -48.294374795090427, -21.144563725046133 ], [ -48.294350739734838, -21.144548758952766 ], [ -48.294264078860763, -21.144491754698389 ], [ -48.294226073519496, -21.144467321314217 ] ] } },
{ "type": "Feature", "properties": { "Field": "000", "Length": 376.77772006956349, "Image": "/home/dev4_bemagro_com/codes/input/64188/Orthomosaico.tif", "Farm": "64188" }, "geometry": { "type": "LineString", "coordinates": [ [ -48.296216856753894, -21.144487381682122 ], [ -48.29618451690596, -21.144467632565838 ], [ -48.296110392196489, -21.14442562974682 ], [ -48.295948210499638, -21.144328454624105 ], [ -48.295742653075102, -21.144194689403022 ], [ -48.295702290914129, -21.144170128603037 ], [ -48.295630472559715, -21.144124736355938 ], [ -48.295606893027369, -21.144109116116059 ], [ -48.295560612526948, -21.144076739925193 ], [ -48.295441807263416, -21.14399985881872 ], [ -48.295321192370821, -21.143925499096273 ], [ -48.295210836469266, -21.143853029369499 ], [ -48.295154161076056, -21.143818889237792 ], [ -48.295091074297737, -21.143777513250779 ], [ -48.294979279340012, -21.143707011676426 ], [ -48.29492446106147, -21.143670299605692 ], [ -48.294820434746605, -21.143605137448734 ], [ -48.294773549642478, -21.14357353640305 ], [ -48.294670898601893, -21.143506482281808 ], [ -48.294593405836686, -21.143452976579603 ], [ -48.294530121231013, -21.143411867600349 ], [ -48.294458215138839, -21.143366598399162 ], [ -48.294396227171745, -21.143323785966892 ], [ -48.294270998371729, -21.143239781141205 ], [ -48.294095028397422, -21.143129402960387 ], [ -48.294025870922617, -21.143080509910583 ], [ -48.293915902006205, -21.143007525307276 ], [ -48.293875736757236, -21.142982682585949 ], [ -48.29379767216443, -21.142929913989352 ], [ -48.293735778605622, -21.142886981796458 ], [ -48.293593814583772, -21.142793912535982 ], [ -48.293553691070322, -21.142769010627884 ], [ -48.29346744138352, -21.142711461581396 ], [ -48.293380470431217, -21.142654876030008 ], [ -48.293318137124153, -21.142612507676667 ], [ -48.293295491211097, -21.142595715910531 ], [ -48.293264041490225, -21.142574903207265 ], [ -48.293235227542318, -21.142554270863148 ] ] } },
{ "type": "Feature", "properties": { "Field": "000", "Length": 377.00373446126866, "Image": "/home/dev4_bemagro_com/codes/input/64188/Orthomosaico.tif", "Farm": "64188" }, "geometry": { "type": "LineString", "coordinates": [ [ -48.29622774383752, -21.144476721420613 ], [ -48.296162024524989, -21.144438072810249 ], [ -48.296120592807128, -21.144415132803136 ], [ -48.29608828870326, -21.144395504882102 ], [ -48.296022848078195, -21.144357481954447 ], [ -48.295918408527221, -21.144292903334215 ], [ -48.29583947534384, -21.144241283333383 ], [ -48.295616890435042, -21.144098886515792 ], [ -48.295515114650719, -21.144030667660875 ], [ -48.295467432293243, -21.144000134328106 ], [ -48.295355252184827, -21.143930172974926 ], [ -48.29524440781492, -21.143858362343646 ], [ -48.295148008317945, -21.143798742990295 ], [ -48.295045392975481, -21.143731640533858 ], [ -48.294973211131811, -21.143686758960477 ], [ -48.294917992721729, -21.143650578517075 ], [ -48.294838393702236, -21.143599866946445 ], [ -48.294752095095511, -21.143542381692097 ], [ -48.294688482287349, -21.143501720921648 ], [ -48.29458725104147, -21.143432793320127 ], [ -48.294476241285913, -21.143361208515309 ], [ -48.294366935090842, -21.14328735257055 ], [ -48.294272675555675, -21.143224794730337 ], [ -48.294097396096355, -21.143113453787461 ], [ -48.294042869816181, -21.143076361319689 ], [ -48.293996665138785, -21.143043890454983 ], [ -48.29395745779437, -21.143017735551247 ], [ -48.293893812716185, -21.142977119630903 ], [ -48.293799702055843, -21.142914365149576 ], [ -48.293737602551509, -21.142871695515183 ], [ -48.293697776496153, -21.142846376790107 ], [ -48.293611186374925, -21.142789279380352 ], [ -48.293539592345226, -21.142743577442761 ], [ -48.2934696032574, -21.14269573752113 ], [ -48.293390554426693, -21.142644274926525 ], [ -48.293281400979964, -21.142570221267476 ], [ -48.293243363598954, -21.14254344391415 ] ] } },
{ "type": "Feature", "properties": { "Field": "000", "Length": 377.27146508132103, "Image": "/home/dev4_bemagro_com/codes/input/64188/Orthomosaico.tif", "Farm": "64188" }, "geometry": { "type": "LineString", "coordinates": [ [ -48.29623906417369, -21.144465636930398 ], [ -48.296108463380207, -21.144389213217899 ], [ -48.296011349912767, -21.144330621908274 ], [ -48.295961983450738, -21.144302542578135 ], [ -48.295921671777158, -21.144277908855084 ], [ -48.295889931615555, -21.144257487286261 ], [ -48.295788041795511, -21.144189418232113 ], [ -48.295621111743635, -21.144082608805661 ], [ -48.295558610712902, -21.144040457509213 ], [ -48.295471700627921, -21.143983788405571 ], [ -48.295335440897226, -21.143898893293848 ], [ -48.295232764656546, -21.143831872754852 ], [ -48.295152533746965, -21.14378204512024 ], [ -48.295057380087741, -21.143720689660455 ], [ -48.295009021613481, -21.143691107168433 ], [ -48.294922409103187, -21.143634038838563 ], [ -48.294842438372513, -21.143583844626679 ], [ -48.294779757087994, -21.143541929909642 ], [ -48.294692773896898, -21.143485360100396 ], [ -48.294599141866854, -21.143421978096097 ], [ -48.294495987606261, -21.143355607298584 ], [ -48.294356122020069, -21.143259781763266 ], [ -48.294245531509063, -21.143187628304545 ], [ -48.294189301283829, -21.143152846776069 ], [ -48.294070309138114, -21.1430762217006 ], [ -48.293977827835349, -21.143011370187434 ], [ -48.293946190765475, -21.142990808760285 ], [ -48.293889745872939, -21.142956334749019 ], [ -48.293843367803341, -21.14292408223605 ], [ -48.293733868550916, -21.142850478932555 ], [ -48.293622425450955, -21.142779489940565 ], [ -48.293552159823982, -21.142732008109338 ], [ -48.293457023500586, -21.142670630124183 ], [ -48.293308536038388, -21.142570585163266 ], [ -48.293252960126033, -21.142530673460765 ] ] } },
{ "type": "Feature", "properties": { "Field": "000", "Length": 377.49967798065649, "Image": "/home/dev4_bemagro_com/codes/input/64188/Orthomosaico.tif", "Farm": "64188" }, "geometry": { "type": "LineString", "coordinates": [ [ -48.296249500199906, -21.144455418324267 ], [ -48.296216436202265, -21.144435853260049 ], [ -48.296199706060932, -21.144426932269774 ], [ -48.296125786206545, -21.144384612935852 ], [ -48.296077354072963, -21.144355136303886 ], [ -48.296019739023876, -21.144322409340006 ], [ -48.295939291515303, -21.14427288955406 ], [ -48.29586047003518, -21.144221119559351 ], [ -48.295749420893479, -21.144149587536869 ], [ -48.295709352391782, -21.144124607151724 ], [ -48.295480892707204, -21.143974310509616 ], [ -48.295425148095987, -21.143938847165991 ], [ -48.295344628444539, -21.143889431049562 ], [ -48.295074747756743, -21.1437159713714 ], [ -48.295010503902361, -21.14367619326319 ], [ -48.294947750561199, -21.143634373481262 ], [ -48.294907660661316, -21.143609423572595 ], [ -48.294804509816871, -21.143543047879696 ], [ -48.294694400698035, -21.143470248982748 ], [ -48.29464774432374, -21.143438351444889 ], [ -48.294592284358615, -21.143402497801912 ], [ -48.294529528898543, -21.143360681007476 ], [ -48.294505379153634, -21.143345847516503 ], [ -48.294465969940653, -21.143319960875331 ], [ -48.294380402967356, -21.143261521216353 ], [ -48.294261462965196, -21.143184824771193 ], [ -48.294167077244495, -21.143122434706935 ], [ -48.294119025113254, -21.143092416414344 ], [ -48.293994325849802, -21.143007721425992 ], [ -48.293946967641375, -21.142976747808092 ], [ -48.293891099577536, -21.142941456501724 ], [ -48.293710934671751, -21.142820895417437 ], [ -48.293678864397727, -21.142800933466766 ], [ -48.293608670034047, -21.142753358937217 ], [ -48.293529228688037, -21.142702431029853 ], [ -48.293419737870778, -21.142628816943986 ], [ -48.293388084137597, -21.142608278236121 ], [ -48.293287354620126, -21.142538707665764 ], [ -48.293261061854047, -21.142519892189412 ] ] } },
{ "type": "Feature", "properties": { "Field": "000", "Length": 377.70269075411892, "Image": "/home/dev4_bemagro_com/codes/input/64188/Orthomosaico.tif", "Farm": "64188" }, "geometry": { "type": "LineString", "coordinates": [ [ -48.296258787667639, -21.144446324346134 ], [ -48.296242374705017, -21.144436090514752 ], [ -48.296013318463416, -21.144303031549377 ], [ -48.295965555580139, -21.144272609034257 ], [ -48.295902626196352, -21.144231022305785 ], [ -48.295854535580766, -21.144201057678085 ], [ -48.295735511569632, -21.144124474746583 ], [ -48.295688423481721, -21.144093140178462 ], [ -48.295624612910522, -21.144052752644193 ], [ -48.295577372843738, -21.144021620095398 ], [ -48.2955072730512, -21.143973922069009 ], [ -48.295483262872239, -21.143958890323297 ], [ -48.295418194489329, -21.143920309585198 ], [ -48.295283411745466, -21.143833364211666 ], [ -48.295260060333881, -21.143817445289137 ], [ -48.295211901705166, -21.143787577187183 ], [ -48.295148947214443, -21.143746024255964 ], [ -48.295028642828804, -21.143671223478599 ], [ -48.294973730537883, -21.143634635286244 ], [ -48.29493368833559, -21.143609618053436 ], [ -48.294855015129805, -21.143557650514829 ], [ -48.294704262122643, -21.143460631900172 ], [ -48.294634313038898, -21.14341273996526 ], [ -48.294515422611688, -21.143335975692473 ], [ -48.294484282836201, -21.143314756519224 ], [ -48.294428963125483, -21.143278712752945 ], [ -48.294390221947573, -21.14325195335153 ], [ -48.294350293101964, -21.143226777339891 ], [ -48.294176495187187, -21.143113410730635 ], [ -48.29405874477461, -21.143035115603446 ], [ -48.294027713168916, -21.143013757514993 ], [ -48.293862054868278, -21.142905221601215 ], [ -48.293713188023915, -21.142805673703236 ], [ -48.293586185357199, -21.142724047098188 ], [ -48.29335871496783, -21.142572439068303 ], [ -48.293304378246773, -21.142535102887148 ], [ -48.293268888367166, -21.142509477154722 ] ] } },
{ "type": "Feature", "properties": { "Field": "000", "Length": 377.88364197869345, "Image": "/home/dev4_bemagro_com/codes/input/64188/Orthomosaico.tif", "Farm": "64188" }, "geometry": { "type": "LineString", "coordinates": [ [ -48.296267489947404, -21.144437803362909 ], [ -48.296203118808272, -21.144397889446797 ], [ -48.296137241489198, -21.144360536088218 ], [ -48.296031096218385, -21.144298453352501 ], [ -48.295975429938153, -21.144262881672532 ], [ -48.295951191677489, -21.144248175532315 ], [ -48.295855993944045, -21.144186879759513 ], [ -48.295777445224971, -21.144134746243587 ], [ -48.295721693280292, -21.144099292940822 ], [ -48.295524477090787, -21.143970086416964 ], [ -48.295476751810284, -21.143939612188593 ], [ -48.295387893352434, -21.143885668048476 ], [ -48.29535665010733, -21.143864582976054 ], [ -48.295300932378929, -21.143829082536335 ], [ -48.295269775347599, -21.143807885501353 ], [ -48.295229650092793, -21.143782985578618 ], [ -48.295102651424493, -21.143701352084555 ], [ -48.29501463094838, -21.143646212305647 ], [ -48.294887666922214, -21.143564531597431 ], [ -48.294848382647849, -21.143538478257451 ], [ -48.294816391921358, -21.143518404012919 ], [ -48.294729906027676, -21.14346116708381 ], [ -48.294690108108227, -21.1434358091763 ], [ -48.294651284848385, -21.143409154614265 ], [ -48.29451721021703, -21.143321251703618 ], [ -48.294478138558624, -21.143294918575386 ], [ -48.294454192850537, -21.143279796775897 ], [ -48.294407449866362, -21.14324801112749 ], [ -48.29435974814708, -21.143217504842983 ], [ -48.294281158597506, -21.143165426356553 ], [ -48.294146735330223, -21.143077993691875 ], [ -48.294068647019721, -21.143025255895498 ], [ -48.293997534178295, -21.142978897260782 ], [ -48.293950876548436, -21.142947001582399 ], [ -48.293839993148417, -21.142875245218121 ], [ -48.29377754231399, -21.142833029305276 ], [ -48.293714147287361, -21.142792070770859 ], [ -48.293533130110738, -21.142672638861011 ], [ -48.293368563614465, -21.142562651441899 ], [ -48.293314065103537, -21.142525523388137 ], [ -48.293276708518732, -21.14249907058359 ] ] } },
{ "type": "Feature", "properties": { "Field": "000", "Length": 378.11649097931706, "Image": "/home/dev4_bemagro_com/codes/input/64188/Orthomosaico.tif", "Farm": "64188" }, "geometry": { "type": "LineString", "coordinates": [ [ -48.296277699215992, -21.144427806784336 ], [ -48.296253241421574, -21.144412838843248 ], [ -48.296220144518713, -21.144394410009721 ], [ -48.296171228044223, -21.144365645876562 ], [ -48.296123206695562, -21.144335583558913 ], [ -48.296033934946912, -21.144282242929201 ], [ -48.295961667389967, -21.14423748243447 ], [ -48.29589829824824, -21.144196487652142 ], [ -48.295811994464067, -21.144139008654125 ], [ -48.295676829531665, -21.144052586690027 ], [ -48.295519575012598, -21.143948528541575 ], [ -48.295462987343512, -21.143914260499216 ], [ -48.295398956636973, -21.143874180902273 ], [ -48.295288043439534, -21.143802463913751 ], [ -48.295199926047623, -21.143747460432284 ], [ -48.295144634364881, -21.143711378562582 ], [ -48.295064619101119, -21.143661246768541 ], [ -48.295009794137457, -21.143624543500195 ], [ -48.294937557690609, -21.1435797393891 ], [ -48.294851006131651, -21.143522589824364 ], [ -48.294826666413819, -21.143508032128629 ], [ -48.294786913377692, -21.143482612311278 ], [ -48.294716737807036, -21.143435012861872 ], [ -48.294621954490992, -21.143373155302914 ], [ -48.294575247157248, -21.14334132351507 ], [ -48.294527518782864, -21.143310853893642 ], [ -48.294480681296733, -21.143279190900369 ], [ -48.294448664515478, -21.143259153343152 ], [ -48.294354153981864, -21.143196929709038 ], [ -48.294315198792624, -21.143170445199083 ], [ -48.294149199953885, -21.143062367879804 ], [ -48.294056067721463, -21.142998341474417 ], [ -48.293999991772381, -21.14296334153396 ], [ -48.293936773022381, -21.142922143803574 ], [ -48.293890094502601, -21.142890275064492 ], [ -48.293779323011712, -21.142818366803461 ], [ -48.293661472481183, -21.142740204741056 ], [ -48.293607034574165, -21.142702998412918 ], [ -48.29348811231749, -21.142626278490926 ], [ -48.293394340429238, -21.14256307958733 ], [ -48.293285383913428, -21.142487525905764 ] ] } },
{ "type": "Feature", "properties": { "Field": "000", "Length": 378.34041970579369, "Image": "/home/dev4_bemagro_com/codes/input/64188/Orthomosaico.tif", "Farm": "64188" }, "geometry": { "type": "LineString", "coordinates": [ [ -48.296287936079821, -21.144417783183272 ], [ -48.296255529232212, -21.144398147401244 ], [ -48.296206068208633, -21.144370214859826 ], [ -48.296133535558347, -21.144325833271701 ], [ -48.296027690074148, -21.144263301725729 ], [ -48.295979639405935, -21.144233280725224 ], [ -48.295924114035621, -21.144197515779286 ], [ -48.295869278433393, -21.144160826175639 ], [ -48.295774147145721, -21.144099439764386 ], [ -48.295742880471337, -21.144078385204949 ], [ -48.295647442758565, -21.144017418934084 ], [ -48.295584917012825, -21.143975299942994 ], [ -48.29552141370398, -21.143934488479552 ], [ -48.295408962290935, -21.143864911579339 ], [ -48.295353832215653, -21.143828612648033 ], [ -48.295146771499439, -21.143696904960603 ], [ -48.295122557033871, -21.143682164523167 ], [ -48.295035609610224, -21.143625546187547 ], [ -48.294899907331896, -21.143539869362467 ], [ -48.29476613929095, -21.143451556104566 ], [ -48.294694684610626, -21.14340566207315 ], [ -48.294640342547439, -21.143368332245739 ], [ -48.294569177741856, -21.143322043566872 ], [ -48.294537085980593, -21.143302111839606 ], [ -48.294404005903502, -21.143212888837972 ], [ -48.294206837046808, -21.143083620691609 ], [ -48.294166937048452, -21.143058404532869 ], [ -48.293978989114748, -21.142932535363318 ], [ -48.29387584146145, -21.142866156082288 ], [ -48.293758579203434, -21.142787219086141 ], [ -48.293726650517875, -21.142767058370179 ], [ -48.293616715704729, -21.142694028914523 ], [ -48.293553008535, -21.142653498982643 ], [ -48.29336540505134, -21.142527179186025 ], [ -48.293293237070195, -21.142477075409104 ] ] } },
{ "type": "Feature", "properties": { "Field": "000", "Length": 378.56341422978471, "Image": "/home/dev4_bemagro_com/codes/input/64188/Orthomosaico.tif", "Farm": "64188" }, "geometry": { "type": "LineString", "coordinates": [ [ -48.296298038301209, -21.144407891417572 ], [ -48.296241264616228, -21.144372832288617 ], [ -48.296175573026183, -21.14433519216453 ], [ -48.296086766582349, -21.144281172260023 ], [ -48.296029597496691, -21.144247764119566 ], [ -48.295981563805071, -21.144217719225093 ], [ -48.295919146741092, -21.144175458461078 ], [ -48.295879337566085, -21.144150115776498 ], [ -48.295855018348831, -21.144135527770796 ], [ -48.295712199915513, -21.144043614153933 ], [ -48.295595030637045, -21.143964554226134 ], [ -48.295499813385646, -21.143903285436526 ], [ -48.295451190063851, -21.143874087412826 ], [ -48.295387041395784, -21.143834174200833 ], [ -48.295252212388235, -21.143747292093224 ], [ -48.295195254194731, -21.143713568782449 ], [ -48.295140427885023, -21.143676867248352 ], [ -48.295092931074308, -21.143646080620638 ], [ -48.295036620440236, -21.143611413457574 ], [ -48.294989534262498, -21.143580076623554 ], [ -48.294933738479848, -21.143544684420075 ], [ -48.294877007065161, -21.14351062647312 ], [ -48.294822466221369, -21.143473552607368 ], [ -48.294703780637882, -21.143396509758112 ], [ -48.294610225185259, -21.143333028379057 ], [ -48.294522502129503, -21.14327747337504 ], [ -48.294413881491934, -21.143202732611957 ], [ -48.29432742752126, -21.143145453544573 ], [ -48.294120770452601, -21.143013190674388 ], [ -48.294036025734073, -21.142953706095216 ], [ -48.293924577022473, -21.142882724702179 ], [ -48.293776556321994, -21.142782072441225 ], [ -48.293665676118685, -21.14271031192342 ], [ -48.293585750612614, -21.142660055191133 ], [ -48.293531816367349, -21.142622208820455 ], [ -48.293460700258805, -21.142575854910387 ], [ -48.293422110034022, -21.142548904502355 ], [ -48.293301113499822, -21.142467118645094 ] ] } },
{ "type": "Feature", "properties": { "Field": "000", "Length": 373.22817379544534, "Image": "/home/dev4_bemagro_com/codes/input/64188/Orthomosaico.tif", "Farm": "64188" }, "geometry": { "type": "LineString", "coordinates": [ [ -48.296071885912681, -21.144625217710267 ], [ -48.296047490490459, -21.144610348587044 ], [ -48.295965371523828, -21.144563305141435 ], [ -48.295828209087219, -21.144479698353592 ], [ -48.295764844974592, -21.144438696603107 ], [ -48.295700630849993, -21.144398875762921 ], [ -48.295653557043238, -21.144367522203691 ], [ -48.295597369584499, -21.144332679155479 ], [ -48.295502886707226, -21.144270417506515 ], [ -48.295454985095276, -21.144240187619591 ], [ -48.295392001103103, -21.144198673777961 ], [ -48.295359905090685, -21.144178747770979 ], [ -48.295241541853969, -21.144101268853319 ], [ -48.295129699311389, -21.144030833371886 ], [ -48.295066430103425, -21.143989703158866 ], [ -48.295026410377652, -21.143964654153265 ], [ -48.294987178716667, -21.143938530984755 ], [ -48.294930920499382, -21.143903788854541 ], [ -48.294875534274134, -21.143867834772031 ], [ -48.294731835862315, -21.143777136873684 ], [ -48.294512251032288, -21.143630699183721 ], [ -48.294416883403606, -21.143569637028733 ], [ -48.294362461908925, -21.143532409129087 ], [ -48.294338498943851, -21.143517311359407 ], [ -48.294299705232426, -21.1434906189521 ], [ -48.294228890044927, -21.143443860701716 ], [ -48.294190352567711, -21.143416843623442 ], [ -48.294142606860369, -21.143386397905292 ], [ -48.294103475125496, -21.143360143406067 ], [ -48.294039630577267, -21.143319803741587 ], [ -48.294008506019715, -21.143298564952012 ], [ -48.293850848414628, -21.143195046447278 ], [ -48.293763242700102, -21.143139328925233 ], [ -48.293630649939352, -21.143049469975249 ], [ -48.29347211577074, -21.142947136928694 ], [ -48.29341021555193, -21.142904213207121 ], [ -48.293362788529144, -21.1428733324835 ], [ -48.293191646613785, -21.14275646441434 ], [ -48.293119463003023, -21.142708322746646 ] ] } },
{ "type": "Feature", "properties": { "Field": "000", "Length": 373.47842629379005, "Image": "/home/dev4_bemagro_com/codes/input/64188/Orthomosaico.tif", "Farm": "64188" }, "geometry": { "type": "LineString", "coordinates": [ [ -48.29608174722096, -21.144616050348496 ], [ -48.296008311709691, -21.144571784152699 ], [ -48.295967209903743, -21.144548327587056 ], [ -48.295927068276598, -21.144523450577314 ], [ -48.295821670272296, -21.144460257140548 ], [ -48.295742811203681, -21.144408537432003 ], [ -48.295686725571635, -21.144373550265506 ], [ -48.295599649120341, -21.144317106103426 ], [ -48.295527719348129, -21.144271869303449 ], [ -48.295480788793093, -21.144240327371286 ], [ -48.295377804328162, -21.144173724009427 ], [ -48.295299185085398, -21.144121684200872 ], [ -48.295211588146422, -21.144065953602368 ], [ -48.295115238804428, -21.144006262750793 ], [ -48.294997327331657, -21.143928180155402 ], [ -48.294860890496402, -21.143843535924557 ], [ -48.294733680550955, -21.143762192467719 ], [ -48.294584394945012, -21.143663196725484 ], [ -48.294537699127716, -21.14363134995633 ], [ -48.294419108411013, -21.143554178521306 ], [ -48.294380210348208, -21.143527620092492 ], [ -48.29428569945275, -21.143465396725098 ], [ -48.294184249579182, -21.143396752700074 ], [ -48.294112922554284, -21.143350684325199 ], [ -48.294040931640666, -21.143305534015177 ], [ -48.293908207180174, -21.143215846105406 ], [ -48.293812181634266, -21.143155698735409 ], [ -48.293741524113344, -21.143108731286347 ], [ -48.293632381385514, -21.143034663230683 ], [ -48.29349759622, -21.142947722597285 ], [ -48.293419749861329, -21.142894671072504 ], [ -48.29330982134325, -21.142821633201674 ], [ -48.293178041684705, -21.142730728063267 ], [ -48.293127216551156, -21.14269800484524 ] ] } },
{ "type": "Feature", "properties": { "Field": "000", "Length": 373.74645716932611, "Image": "/home/dev4_bemagro_com/codes/input/64188/Orthomosaico.tif", "Farm": "64188" }, "geometry": { "type": "LineString", "coordinates": [ [ -48.296091715421881, -21.144606783614311 ], [ -48.296010470160873, -21.144557540843387 ], [ -48.295903929312807, -21.144496057164389 ], [ -48.295863679180364, -21.144471334961771 ], [ -48.295824282322997, -21.144445431300355 ], [ -48.29570476247153, -21.144369530798798 ], [ -48.295642468955428, -21.144327109842315 ], [ -48.295562355930322, -21.144277115128805 ], [ -48.29549887733063, -21.144236269674558 ], [ -48.295436649261994, -21.144193764351169 ], [ -48.29537337851044, -21.144152636106796 ], [ -48.295309828848119, -21.144111888112214 ], [ -48.295277490733682, -21.144092309677855 ], [ -48.295213678411301, -21.144051924617546 ], [ -48.29511182971531, -21.143983801701197 ], [ -48.295071910039631, -21.143958612580136 ], [ -48.295031290783058, -21.143934427824238 ], [ -48.294896291921582, -21.143847778109564 ], [ -48.294823816048435, -21.143803315465288 ], [ -48.294776896161387, -21.14377175980718 ], [ -48.294688963569044, -21.143716496739621 ], [ -48.294555097195854, -21.143628314545829 ], [ -48.294516611881541, -21.143601232027898 ], [ -48.294446032163286, -21.143554161385037 ], [ -48.294398435187553, -21.143523511310946 ], [ -48.294328380005197, -21.143475756053835 ], [ -48.294256750501589, -21.143430102536538 ], [ -48.294194264890507, -21.143387931600831 ], [ -48.294090595981991, -21.143322270431195 ], [ -48.293972870363767, -21.14324394229287 ], [ -48.293910795806362, -21.143201240532541 ], [ -48.293799092221889, -21.14313061239455 ], [ -48.293728688824906, -21.143083310285579 ], [ -48.293618257395345, -21.143010942976151 ], [ -48.293540214282515, -21.142958146432573 ], [ -48.293468847178744, -21.14291213307207 ], [ -48.293422297259802, -21.142880099240255 ], [ -48.293312153562248, -21.142807347264089 ], [ -48.293273735151452, -21.142780181601189 ], [ -48.293234476015265, -21.14275409529581 ], [ -48.293172629578322, -21.142711103517982 ], [ -48.293135828282587, -21.142686544928782 ] ] } },
{ "type": "Feature", "properties": { "Field": "000", "Length": 373.99368463219866, "Image": "/home/dev4_bemagro_com/codes/input/64188/Orthomosaico.tif", "Farm": "64188" }, "geometry": { "type": "LineString", "coordinates": [ [ -48.296101988509477, -21.144597233446504 ], [ -48.296053276245125, -21.144567665074653 ], [ -48.296020306964245, -21.1445490359534 ], [ -48.29589835881999, -21.144476614599679 ], [ -48.295825929626425, -21.144432084516957 ], [ -48.295699822559016, -21.144349242606172 ], [ -48.295540728091311, -21.144247675373766 ], [ -48.29550964734775, -21.144226379874947 ], [ -48.295399353196728, -21.144153827132424 ], [ -48.295327711687776, -21.144108189637873 ], [ -48.295239417558363, -21.144053435909477 ], [ -48.295137499325769, -21.14398540457956 ], [ -48.294834183467962, -21.143793864811091 ], [ -48.294771155577273, -21.143752409956075 ], [ -48.294675331009451, -21.14369198054111 ], [ -48.294361901872399, -21.143482436919577 ], [ -48.294290609797699, -21.143436320881133 ], [ -48.294180748911465, -21.14336319284056 ], [ -48.294069339581824, -21.143292156612219 ], [ -48.293905563036652, -21.143181135265955 ], [ -48.293809924716157, -21.143120447353816 ], [ -48.293763160511759, -21.143088689295851 ], [ -48.293731185862562, -21.143068592705223 ], [ -48.293699954934844, -21.143047491874114 ], [ -48.293620585528082, -21.142996465117999 ], [ -48.293471152150481, -21.142897667048416 ], [ -48.293306676588067, -21.142787559668527 ], [ -48.293237078282452, -21.142739220574747 ], [ -48.293143726212428, -21.142676034889622 ] ] } },
{ "type": "Feature", "properties": { "Field": "000", "Length": 374.28002522111854, "Image": "/home/dev4_bemagro_com/codes/input/64188/Orthomosaico.tif", "Farm": "64188" }, "geometry": { "type": "LineString", "coordinates": [ [ -48.296112831389308, -21.144587153580691 ], [ -48.296039136247508, -21.144544286548797 ], [ -48.295957938407383, -21.144495856392858 ], [ -48.295909485430911, -21.144466409883261 ], [ -48.295877690123795, -21.144446063899785 ], [ -48.295837025014499, -21.144421946810866 ], [ -48.295781786407986, -21.144385793077934 ], [ -48.295750810026945, -21.144364364119191 ], [ -48.295679029397839, -21.144318919249585 ], [ -48.295639880390198, -21.14429268701771 ], [ -48.295615633982955, -21.144277992706535 ], [ -48.295568675075934, -21.144246487925987 ], [ -48.295449676228117, -21.144169870585991 ], [ -48.29540272255386, -21.144138358997612 ], [ -48.29530627593261, -21.144078806480273 ], [ -48.295258457725602, -21.144048460698613 ], [ -48.295132565992887, -21.143965331569632 ], [ -48.294948597536028, -21.143849934507315 ], [ -48.294901538570869, -21.143818561624041 ], [ -48.294877201054412, -21.143804000616818 ], [ -48.294813594973746, -21.143763330420164 ], [ -48.294766543475646, -21.143731947726423 ], [ -48.294694281351141, -21.14368718002531 ], [ -48.294560723031225, -21.143598587709217 ], [ -48.294522185410941, -21.143571570742623 ], [ -48.294364845373813, -21.143467627364103 ], [ -48.294246705372807, -21.143389850077995 ], [ -48.294143234655728, -21.143323914333262 ], [ -48.294080367036891, -21.143282246161004 ], [ -48.294033936924976, -21.143250059476383 ], [ -48.293908089657798, -21.143166872226864 ], [ -48.293844630370948, -21.143126001163999 ], [ -48.293790124958505, -21.143088881726399 ], [ -48.293734540715597, -21.143053198115147 ], [ -48.293703369606767, -21.143032019582176 ], [ -48.293632076917056, -21.14298590474014 ], [ -48.293592956111581, -21.14295963607514 ], [ -48.293560891732469, -21.142939665755197 ], [ -48.29351363761598, -21.142908552587322 ], [ -48.293411933194371, -21.142840241491097 ], [ -48.293325115943091, -21.142783448491603 ], [ -48.293247795152098, -21.142729724884852 ], [ -48.293152157033674, -21.142664815711822 ] ] } },
{ "type": "Feature", "properties": { "Field": "000", "Length": 374.57127640951427, "Image": "/home/dev4_bemagro_com/codes/input/64188/Orthomosaico.tif", "Farm": "64188" }, "geometry": { "type": "LineString", "coordinates": [ [ -48.29612423929111, -21.144576548451138 ], [ -48.296075053081545, -21.144547492881603 ], [ -48.29596825364186, -21.144486405330746 ], [ -48.295839648444371, -21.144407015287445 ], [ -48.295784062157665, -21.144371333642344 ], [ -48.295698000648727, -21.144313535699627 ], [ -48.295658466850163, -21.144287816381848 ], [ -48.295602297314304, -21.144252947951802 ], [ -48.295381663005799, -21.144107904047434 ], [ -48.295301197303417, -21.144058410525261 ], [ -48.295190034672295, -21.143987034069443 ], [ -48.295142824509597, -21.143955861679824 ], [ -48.29503864008111, -21.143890921914668 ], [ -48.294951583331155, -21.143834451474579 ], [ -48.294887425586239, -21.14379455117615 ], [ -48.29477658901412, -21.143722730163876 ], [ -48.294688927402113, -21.143667089526783 ], [ -48.294595152339575, -21.143603893757646 ], [ -48.294555294358858, -21.143578618967194 ], [ -48.294375151705964, -21.143458027442207 ], [ -48.294130469202187, -21.143297994019012 ], [ -48.294058836736994, -21.14325234472966 ], [ -48.293933988734409, -21.143167842655949 ], [ -48.293862985243358, -21.143121336658822 ], [ -48.293830802494767, -21.143101534566249 ], [ -48.293799739113922, -21.14308021716241 ], [ -48.293688745190494, -21.143008611237025 ], [ -48.293587254541848, -21.142940020770226 ], [ -48.293429336546346, -21.142836852782587 ], [ -48.293351276610089, -21.142784078272079 ], [ -48.293303857216344, -21.14275318729414 ], [ -48.293249595871814, -21.142715754676093 ], [ -48.293186895925011, -21.142673865154094 ], [ -48.293159781836451, -21.142654669127921 ] ] } },
{ "type": "Feature", "properties": { "Field": "000", "Length": 374.87177199366289, "Image": "/home/dev4_bemagro_com/codes/input/64188/Orthomosaico.tif", "Farm": "64188" }, "geometry": { "type": "LineString", "coordinates": [ [ -48.296135696377306, -21.144565897595822 ], [ -48.295906530639414, -21.144431798013727 ], [ -48.29585825793157, -21.144402092103892 ], [ -48.29579474029034, -21.14436130000206 ], [ -48.295748184867634, -21.144329272481322 ], [ -48.295677320854153, -21.144282578703557 ], [ -48.295589594467316, -21.144227027419603 ], [ -48.295432072603326, -21.144123325539564 ], [ -48.29530459378158, -21.144042352961801 ], [ -48.295224403833025, -21.143992467160444 ], [ -48.295130072838333, -21.143930003487 ], [ -48.295057275937602, -21.143886004754812 ], [ -48.294954629386503, -21.143818944254726 ], [ -48.294898413247459, -21.14378414229602 ], [ -48.294819171638458, -21.143732940356951 ], [ -48.294755122703577, -21.143692886571664 ], [ -48.294213345562845, -21.143332892436664 ], [ -48.294046385088826, -21.143226126564272 ], [ -48.29399129596387, -21.143189773377117 ], [ -48.293944903712685, -21.143157538721919 ], [ -48.293874317605606, -21.143110476845106 ], [ -48.293826970611512, -21.143079488106064 ], [ -48.293747258984929, -21.143028932997407 ], [ -48.293708874798199, -21.143001724694095 ], [ -48.293654407486386, -21.142964556135354 ], [ -48.293535793611682, -21.142887416896638 ], [ -48.293487704153769, -21.142857451410343 ], [ -48.293424632495046, -21.142816055835304 ], [ -48.293291242778722, -21.142727241500438 ], [ -48.293244878921442, -21.142694971136979 ], [ -48.293168141139503, -21.14264354511738 ] ] } },
{ "type": "Feature", "properties": { "Field": "000", "Length": 375.1259239821884, "Image": "/home/dev4_bemagro_com/codes/input/64188/Orthomosaico.tif", "Farm": "64188" }, "geometry": { "type": "LineString", "coordinates": [ [ -48.296145635763118, -21.144556657638834 ], [ -48.296104989915932, -21.144532363462403 ], [ -48.296023006884987, -21.144485111868434 ], [ -48.295876916418727, -21.144397840920451 ], [ -48.295813419689608, -21.14435702017564 ], [ -48.295750847923891, -21.14431496117588 ], [ -48.295591724550846, -21.144213433842328 ], [ -48.295426807184235, -21.144103907212596 ], [ -48.295274661891952, -21.144008819783235 ], [ -48.295172016857599, -21.143941757094385 ], [ -48.295075742285952, -21.143881960276218 ], [ -48.29498886440787, -21.143825247909444 ], [ -48.294908506233824, -21.143775601131232 ], [ -48.294789789679989, -21.143698599950238 ], [ -48.294733839635697, -21.143663422689446 ], [ -48.294522220585108, -21.143522052321877 ], [ -48.294372054369475, -21.143424236183073 ], [ -48.294200407785141, -21.143308020281072 ], [ -48.294160493043485, -21.143282824583618 ], [ -48.29413611343265, -21.143268325841269 ], [ -48.294080395001892, -21.143232826777151 ], [ -48.29404140279528, -21.143206390257262 ], [ -48.293993974355431, -21.143175511276631 ], [ -48.293892954943772, -21.143106311067353 ], [ -48.293820770521428, -21.143061433693223 ], [ -48.293765747477629, -21.143024992629179 ], [ -48.293672492715963, -21.142961123465501 ], [ -48.293458522292738, -21.142822904945479 ], [ -48.293270241620405, -21.142697474795842 ], [ -48.293176123576167, -21.142632922613704 ] ] } },
{ "type": "Feature", "properties": { "Field": "000", "Length": 375.38205031717808, "Image": "/home/dev4_bemagro_com/codes/input/64188/Orthomosaico.tif", "Farm": "64188" }, "geometry": { "type": "LineString", "coordinates": [ [ -48.296156062171121, -21.144546909622715 ], [ -48.296107212017176, -21.144517552255099 ], [ -48.296016872565474, -21.144465817742411 ], [ -48.295936413539465, -21.144416314317962 ], [ -48.295879628442329, -21.144382334629032 ], [ -48.295753238069437, -21.144299873627752 ], [ -48.295570412476273, -21.144182888189761 ], [ -48.295523249563345, -21.144151652807111 ], [ -48.295484739390076, -21.144124601186927 ], [ -48.295413605042043, -21.144078270750843 ], [ -48.295372965287939, -21.144054116251937 ], [ -48.295324798259983, -21.144024259956513 ], [ -48.295253849910729, -21.143977679265117 ], [ -48.295189729247717, -21.143937726423395 ], [ -48.295054858911996, -21.143850900700809 ], [ -48.294982757227238, -21.143805905788685 ], [ -48.294919405287814, -21.143764887950859 ], [ -48.294759991108187, -21.143663763923676 ], [ -48.29465044923289, -21.143590215608974 ], [ -48.294618749189617, -21.143569739526576 ], [ -48.294532953799376, -21.143511595157669 ], [ -48.294366273969722, -21.143404443694148 ], [ -48.294288313711611, -21.143351539175669 ], [ -48.294240803302294, -21.143320771219468 ], [ -48.29419387502459, -21.143289226781484 ], [ -48.294106632905539, -21.143233009270517 ], [ -48.294043948516368, -21.143191098899194 ], [ -48.293964587177697, -21.143140060955947 ], [ -48.293729044853571, -21.142983525763597 ], [ -48.293690306928788, -21.142956762353077 ], [ -48.29361973468572, -21.142909682330693 ], [ -48.293492859633936, -21.14282788114199 ], [ -48.293375044541655, -21.142749672111577 ], [ -48.293311625037532, -21.142708747026838 ], [ -48.293184656475113, -21.142621567588577 ] ] } },
{ "type": "Feature", "properties": { "Field": "000", "Length": 375.58418600509412, "Image": "/home/dev4_bemagro_com/codes/input/64188/Orthomosaico.tif", "Farm": "64188" }, "geometry": { "type": "LineString", "coordinates": [ [ -48.296165568379941, -21.144537601478703 ], [ -48.296018774430856, -21.144450728974086 ], [ -48.2959947890999, -21.14443566223045 ], [ -48.295905570761107, -21.144382242940512 ], [ -48.295786501918613, -21.144305721162056 ], [ -48.295668076337897, -21.144228325927504 ], [ -48.295604050587691, -21.144188239154534 ], [ -48.295423448721806, -21.14406825242575 ], [ -48.295334830617946, -21.144013961315391 ], [ -48.295271765956947, -21.14397255553779 ], [ -48.295191832237926, -21.14392230917203 ], [ -48.29508089105147, -21.143850630280074 ], [ -48.294904953950024, -21.143740204773191 ], [ -48.294849872544731, -21.143703840972393 ], [ -48.294793879393552, -21.143668724122023 ], [ -48.294731148112497, -21.143626875244674 ], [ -48.294581178275017, -21.143528794114655 ], [ -48.294495441986051, -21.143470573104668 ], [ -48.294376508530959, -21.143393867477972 ], [ -48.294243264637707, -21.143304859840672 ], [ -48.294147948948769, -21.143243726673045 ], [ -48.293974844489505, -21.143129430100085 ], [ -48.293920267695285, -21.143092403077087 ], [ -48.293801667445194, -21.143015245220447 ], [ -48.293629845076687, -21.142899258915122 ], [ -48.293471151680677, -21.142797143531531 ], [ -48.293408657613242, -21.142754984040213 ], [ -48.293329597354749, -21.142703536863184 ], [ -48.293283186053031, -21.142671326587202 ], [ -48.293192858493761, -21.142610652875103 ] ] } },
{ "type": "Feature", "properties": { "Field": "000", "Length": 378.7400310471067, "Image": "/home/dev4_bemagro_com/codes/input/64188/Orthomosaico.tif", "Farm": "64188" }, "geometry": { "type": "LineString", "coordinates": [ [ -48.296307961612044, -21.144398174833221 ], [ -48.296243106199427, -21.144358568343506 ], [ -48.296169471487197, -21.144315813789824 ], [ -48.296104895072304, -21.144276511998847 ], [ -48.296047775026707, -21.144243030114488 ], [ -48.295952171407592, -21.144182292862155 ], [ -48.295921219251007, -21.144160833164232 ], [ -48.295889522012303, -21.144140353038186 ], [ -48.295801518484325, -21.14408518899182 ], [ -48.295690525850269, -21.144013579969762 ], [ -48.295612992404713, -21.143960125714333 ], [ -48.295548948131007, -21.143920065158568 ], [ -48.295501891447032, -21.143888689194434 ], [ -48.295381128601697, -21.143814541236061 ], [ -48.295245996250813, -21.143728074927452 ], [ -48.295221456072696, -21.143713816437675 ], [ -48.295189514752501, -21.143693672999841 ], [ -48.29513461444234, -21.143657068963737 ], [ -48.295038529912219, -21.143597003985107 ], [ -48.295007370947033, -21.143575809526151 ], [ -48.294967722218196, -21.14355024669721 ], [ -48.294918978131847, -21.143521226642225 ], [ -48.294887067239337, -21.14350104087557 ], [ -48.294690342514201, -21.143371177910456 ], [ -48.294643695783094, -21.143339268002055 ], [ -48.294516613329506, -21.143257749971298 ], [ -48.29436907303549, -21.143156478220153 ], [ -48.294258223370335, -21.143084675718995 ], [ -48.294209654245051, -21.143055398891416 ], [ -48.294177864802734, -21.143035045334081 ], [ -48.294069160673963, -21.142960411759148 ], [ -48.2939188133765, -21.142862841606892 ], [ -48.293786187362215, -21.142773026146912 ], [ -48.293603699111145, -21.142655581120501 ], [ -48.29356478899453, -21.14262903858252 ], [ -48.293446884869894, -21.142550947924153 ], [ -48.29330952140235, -21.142456542119376 ] ] } },
{ "type": "Feature", "properties": { "Field": "000", "Length": 378.93744463686011, "Image": "/home/dev4_bemagro_com/codes/input/64188/Orthomosaico.tif", "Farm": "64188" }, "geometry": { "type": "LineString", "coordinates": [ [ -48.29631815385823, -21.144388194914015 ], [ -48.296188521332063, -21.144309324336401 ], [ -48.296130934741434, -21.144276553336624 ], [ -48.296090535546973, -21.144252046127519 ], [ -48.29605744925523, -21.144233600596639 ], [ -48.296000305211535, -21.144200154800441 ], [ -48.295968538418542, -21.14417976972787 ], [ -48.295851220769229, -21.144100903506576 ], [ -48.295723754560051, -21.144019913404129 ], [ -48.295661288909074, -21.143977715999743 ], [ -48.295519084834581, -21.143884968054156 ], [ -48.295406597034102, -21.14381544299459 ], [ -48.295359007950019, -21.143784781957688 ], [ -48.295334642094737, -21.143770262713755 ], [ -48.295255599238274, -21.14371879106433 ], [ -48.295190955354251, -21.143679587475017 ], [ -48.295127942371586, -21.143638112710185 ], [ -48.29504806144358, -21.143587792775342 ], [ -48.295008895878418, -21.143561582591612 ], [ -48.29492879350861, -21.143511573505727 ], [ -48.294794827373465, -21.143423524951395 ], [ -48.294755064050165, -21.143398119331703 ], [ -48.294653900631943, -21.143329104221756 ], [ -48.294534348662289, -21.143253249691785 ], [ -48.294464513927629, -21.143205211249381 ], [ -48.294339286093333, -21.143121205274369 ], [ -48.294227446071368, -21.143050767440716 ], [ -48.294140102712369, -21.142994688644098 ], [ -48.29405537420449, -21.142935183755029 ], [ -48.29399252753597, -21.142893488000833 ], [ -48.293928767687916, -21.142853030889285 ], [ -48.293780576848071, -21.142752599250457 ], [ -48.293637693277887, -21.142660777011578 ], [ -48.293535501023271, -21.142593109931511 ], [ -48.293480030159074, -21.142557271646851 ], [ -48.293448939872391, -21.142535988953423 ], [ -48.293418516134487, -21.142513874703624 ], [ -48.293317987099584, -21.142445892890017 ] ] } },
{ "type": "Feature", "properties": { "Field": "000", "Length": 379.10638241008644, "Image": "/home/dev4_bemagro_com/codes/input/64188/Orthomosaico.tif", "Farm": "64188" }, "geometry": { "type": "LineString", "coordinates": [ [ -48.296327907008944, -21.144378644940964 ], [ -48.296278531424093, -21.144349316163893 ], [ -48.296230372056812, -21.144319448795176 ], [ -48.296181320023571, -21.144290888595997 ], [ -48.296108513514184, -21.144246903489361 ], [ -48.296067401072825, -21.144223463464769 ], [ -48.295954355490117, -21.144154738796683 ], [ -48.295890928392765, -21.144113823021538 ], [ -48.295804740971001, -21.144056190625417 ], [ -48.295717343452623, -21.144000185137291 ], [ -48.295639224203271, -21.143947486881597 ], [ -48.295583600063978, -21.143911857441232 ], [ -48.295529222828954, -21.143874572414234 ], [ -48.295465300486612, -21.143834340884737 ], [ -48.295432608776828, -21.143815286375151 ], [ -48.295344313751272, -21.143760534150122 ], [ -48.295289206898808, -21.143724204252923 ], [ -48.295208746998895, -21.143674702735073 ], [ -48.295137992248421, -21.143627863821362 ], [ -48.295049880009167, -21.143572853239654 ], [ -48.295010426607035, -21.143547025796394 ], [ -48.294875070866631, -21.143460867964912 ], [ -48.294772616835125, -21.143393549268922 ], [ -48.294695035836263, -21.143340156283184 ], [ -48.294576057672103, -21.143263511811309 ], [ -48.294521011810694, -21.143227100930449 ], [ -48.294404045096094, -21.143147778479719 ], [ -48.294285612159278, -21.143070394621439 ], [ -48.294237574444097, -21.14304035604351 ], [ -48.294190460744716, -21.143009055929177 ], [ -48.294142581584005, -21.142978795408371 ], [ -48.294057641091776, -21.142919557119978 ], [ -48.293938812846264, -21.142842708787114 ], [ -48.293876447938388, -21.142800381231954 ], [ -48.293774357267687, -21.142732579167639 ], [ -48.293742486209432, -21.142712338373709 ], [ -48.293711458443227, -21.142690975475645 ], [ -48.29363181523312, -21.142640325853037 ], [ -48.293553527333216, -21.142587849496909 ], [ -48.293466531680259, -21.14253129746016 ], [ -48.293326599511829, -21.142435059101658 ] ] } },
{ "type": "Feature", "properties": { "Field": "000", "Length": 379.28155750439623, "Image": "/home/dev4_bemagro_com/codes/input/64188/Orthomosaico.tif", "Farm": "64188" }, "geometry": { "type": "LineString", "coordinates": [ [ -48.296337888053806, -21.144368871819246 ], [ -48.29626460140237, -21.144325391943802 ], [ -48.296168083205373, -21.144265941278487 ], [ -48.296061818285303, -21.144204039046375 ], [ -48.295973281011975, -21.144149631793979 ], [ -48.295861723330596, -21.144078799670382 ], [ -48.295806739743384, -21.144042305572196 ], [ -48.295750898565259, -21.144006976130846 ], [ -48.295626365119681, -21.143922065413932 ], [ -48.295555245337809, -21.143875715416034 ], [ -48.295411242656073, -21.143785443093694 ], [ -48.29529206021288, -21.143709077857803 ], [ -48.295219758688063, -21.143664366140822 ], [ -48.295132816621845, -21.143607740566651 ], [ -48.295044943175306, -21.14355239484912 ], [ -48.295005727071043, -21.143526251271958 ], [ -48.294902026595246, -21.143460633732815 ], [ -48.294784041776801, -21.14338264931687 ], [ -48.294698508688228, -21.143324165931851 ], [ -48.294619389938745, -21.143272797400268 ], [ -48.294571261200012, -21.143242887218452 ], [ -48.294524728308978, -21.143210831416127 ], [ -48.294461748361719, -21.143169312835628 ], [ -48.294407387715601, -21.143132006956538 ], [ -48.294360185898086, -21.143100823858241 ], [ -48.29426412398481, -21.143040727660406 ], [ -48.294130552518936, -21.142952153636479 ], [ -48.294076637963094, -21.142914282409716 ], [ -48.293942074398259, -21.142827040240253 ], [ -48.2938954434347, -21.142795110322467 ], [ -48.2937777254594, -21.142716772655451 ], [ -48.293666995292313, -21.14264480859152 ], [ -48.293611038965402, -21.142609640770317 ], [ -48.293532932993202, -21.142556926376109 ], [ -48.293477356779093, -21.142521232051248 ], [ -48.293415876705133, -21.142477780345196 ], [ -48.293368698318474, -21.142446566395755 ], [ -48.29333593425396, -21.142423316672346 ] ] } },
{ "type": "Feature", "properties": { "Field": "000", "Length": 379.46191294798348, "Image": "/home/dev4_bemagro_com/codes/input/64188/Orthomosaico.tif", "Farm": "64188" }, "geometry": { "type": "LineString", "coordinates": [ [ -48.296348025130065, -21.144358945914462 ], [ -48.296290527337966, -21.14432488146565 ], [ -48.296210076638523, -21.144275366208237 ], [ -48.29605547533977, -21.144183831255457 ], [ -48.295991028469061, -21.144144342854041 ], [ -48.295919651755568, -21.144098341589022 ], [ -48.295888594613587, -21.144077015829403 ], [ -48.295800810073516, -21.144021545597315 ], [ -48.295737994636632, -21.143979807682118 ], [ -48.295674466993511, -21.143939029547141 ], [ -48.295635567308253, -21.143912473011699 ], [ -48.295572571723071, -21.143870974822061 ], [ -48.295477065429445, -21.143810103351914 ], [ -48.295444779016542, -21.143790450048559 ], [ -48.295349903251925, -21.143728716948065 ], [ -48.29526229830752, -21.143672997737063 ], [ -48.295197844357865, -21.143633519897154 ], [ -48.295110955927719, -21.143576821938879 ], [ -48.294903774863315, -21.143445281481593 ], [ -48.294793788108933, -21.143372320045614 ], [ -48.294731658298346, -21.143329688926574 ], [ -48.294684087357517, -21.143299003377095 ], [ -48.294644995892632, -21.143272696131298 ], [ -48.294581399209392, -21.143232013334284 ], [ -48.294377498530217, -21.143096037123478 ], [ -48.294314350155908, -21.143054744398018 ], [ -48.29425828577606, -21.1430197280981 ], [ -48.294171130303063, -21.142963392631106 ], [ -48.294031152770657, -21.142867711605398 ], [ -48.293935716693383, -21.142806744381513 ], [ -48.293889122749505, -21.142774766943035 ], [ -48.293740313286186, -21.142675143729484 ], [ -48.293644623195547, -21.142614528156344 ], [ -48.293597270953157, -21.142583546702511 ], [ -48.293566252631187, -21.142562171777399 ], [ -48.293550227016375, -21.142552177392364 ], [ -48.293503454010718, -21.142520430991119 ], [ -48.29345603785999, -21.142489535734413 ], [ -48.293417782063415, -21.14246216893067 ], [ -48.293362807809018, -21.142425663438761 ], [ -48.293344337147815, -21.142412746438424 ] ] } },
{ "type": "Feature", "properties": { "Field": "000", "Length": 379.66934255680292, "Image": "/home/dev4_bemagro_com/codes/input/64188/Orthomosaico.tif", "Farm": "64188" }, "geometry": { "type": "LineString", "coordinates": [ [ -48.296358627300172, -21.144348564602247 ], [ -48.296317476243317, -21.144324778415179 ], [ -48.296252752809352, -21.144285690030618 ], [ -48.296195140520851, -21.144252958815844 ], [ -48.296162954454246, -21.144233161011329 ], [ -48.296099586507268, -21.144192164587654 ], [ -48.296050112727457, -21.144164252053791 ], [ -48.296025963406692, -21.144149417715166 ], [ -48.295938633374853, -21.144093319548517 ], [ -48.295868522496541, -21.14404563578508 ], [ -48.295805541582723, -21.144004117904949 ], [ -48.295661610476472, -21.143913744948197 ], [ -48.295591771277273, -21.143865711713218 ], [ -48.295503165606299, -21.143811402896144 ], [ -48.295361215640334, -21.143718313231634 ], [ -48.295313137375146, -21.143688331436781 ], [ -48.295210029298119, -21.143621897151952 ], [ -48.295121473821624, -21.143567516584163 ], [ -48.295026779114927, -21.143505539530008 ], [ -48.294907254343357, -21.143429647026139 ], [ -48.294789287931046, -21.143351638138643 ], [ -48.294766058958416, -21.143335562441006 ], [ -48.29452990779744, -21.14317983601142 ], [ -48.294450570423265, -21.143128765239275 ], [ -48.294379795654471, -21.143081953371514 ], [ -48.294355634029685, -21.143067136986975 ], [ -48.294300184281063, -21.14303126964948 ], [ -48.294269098729892, -21.143009980706335 ], [ -48.294142955731829, -21.142927188842812 ], [ -48.294002740723137, -21.14283181438952 ], [ -48.293930833366389, -21.142786547401066 ], [ -48.2936879126242, -21.142624170549936 ], [ -48.29361598143187, -21.142578937076525 ], [ -48.293552915444813, -21.14253753404229 ], [ -48.293498505483285, -21.142500291856905 ], [ -48.293427669421526, -21.142453562149136 ], [ -48.293353200084233, -21.142401597501866 ] ] } },
{ "type": "Feature", "properties": { "Field": "000", "Length": 379.9052743545509, "Image": "/home/dev4_bemagro_com/codes/input/64188/Orthomosaico.tif", "Farm": "64188" }, "geometry": { "type": "LineString", "coordinates": [ [ -48.296369468768695, -21.144338538279847 ], [ -48.296221819424801, -21.144252960483442 ], [ -48.296181344446687, -21.144228563578789 ], [ -48.296117722103467, -21.144187915406835 ], [ -48.296068558309294, -21.144159524914656 ], [ -48.296020115222177, -21.144130064237981 ], [ -48.295948915293913, -21.144083822487691 ], [ -48.295854633766396, -21.14402129294357 ], [ -48.295680096132692, -21.143908929355533 ], [ -48.29559403671643, -21.143851129031123 ], [ -48.295513719919818, -21.143801423267227 ], [ -48.295473103314002, -21.143777234629678 ], [ -48.295417653704838, -21.143741366655135 ], [ -48.295355049405266, -21.143699350658935 ], [ -48.295275196367498, -21.143648991706897 ], [ -48.295227963, -21.143617850406894 ], [ -48.295155521266175, -21.143573338947814 ], [ -48.29490919472687, -21.143415540340754 ], [ -48.294760394982099, -21.143315903298507 ], [ -48.294712769712298, -21.143285292013342 ], [ -48.294578890167848, -21.143197127930208 ], [ -48.294524350427828, -21.143160052806131 ], [ -48.29442902980626, -21.143098926495362 ], [ -48.294350351228836, -21.143046966529056 ], [ -48.294270727563195, -21.14299628953265 ], [ -48.294176361564219, -21.142933873374222 ], [ -48.294035673805922, -21.142839113619953 ], [ -48.294011729505456, -21.14282398997587 ], [ -48.29396508959919, -21.14279207155241 ], [ -48.293815486641172, -21.142693499814246 ], [ -48.293760977091303, -21.142656385929758 ], [ -48.293555178818679, -21.142522950805997 ], [ -48.293361187723562, -21.142391549624083 ] ] } },
{ "type": "Feature", "properties": { "Field": "000", "Length": 380.17715304979754, "Image": "/home/dev4_bemagro_com/codes/input/64188/Orthomosaico.tif", "Farm": "64188" }, "geometry": { "type": "LineString", "coordinates": [ [ -48.296380750057665, -21.144328239960501 ], [ -48.296208707334451, -21.144228053213229 ], [ -48.296128783408982, -21.144177792837674 ], [ -48.296079854610078, -21.144149047271817 ], [ -48.296031594980107, -21.144119322784366 ], [ -48.295983824466198, -21.144088910895338 ], [ -48.295834208952897, -21.143990353766135 ], [ -48.295802087256739, -21.143970464260274 ], [ -48.295754588152334, -21.143939680575361 ], [ -48.295621519022099, -21.143850442230598 ], [ -48.295581692729421, -21.143825123364483 ], [ -48.295525302762123, -21.143790569744702 ], [ -48.295476274826306, -21.14376197346591 ], [ -48.295436320869896, -21.143736832287317 ], [ -48.295388901827955, -21.143705940283926 ], [ -48.295316854349785, -21.143660869078648 ], [ -48.295262359136686, -21.143623736098146 ], [ -48.29520699930773, -21.143587746367551 ], [ -48.295158691844982, -21.143558090664001 ], [ -48.295039271571262, -21.143482053433612 ], [ -48.29501587125187, -21.143466197924546 ], [ -48.294975739017303, -21.143441308048807 ], [ -48.294849757228121, -21.143358299814896 ], [ -48.294763942605528, -21.143300180559613 ], [ -48.294708201796155, -21.143264712362082 ], [ -48.294637979095739, -21.143217174266713 ], [ -48.294590302634766, -21.143186633247623 ], [ -48.294519714930082, -21.143139573396411 ], [ -48.294432324998887, -21.143083558386493 ], [ -48.2943696326072, -21.143041658604599 ], [ -48.294297577177957, -21.142996599145178 ], [ -48.29424264775826, -21.14296003397321 ], [ -48.294210768789881, -21.142939804056965 ], [ -48.294140854963473, -21.142891867193224 ], [ -48.294022470617719, -21.142814418240881 ], [ -48.293976218510501, -21.142782006964218 ], [ -48.293889861568026, -21.142724599595226 ], [ -48.293826557404607, -21.14268351760899 ], [ -48.293772173016123, -21.142646242473507 ], [ -48.293740141555233, -21.142626225799539 ], [ -48.293693337149584, -21.14259452011267 ], [ -48.293558329572228, -21.142507884268863 ], [ -48.293472921233366, -21.142449241430253 ], [ -48.29340241696363, -21.142402072195033 ], [ -48.293370813535915, -21.142379441039509 ] ] } },
{ "type": "Feature", "properties": { "Field": "000", "Length": 380.38965840421662, "Image": "/home/dev4_bemagro_com/codes/input/64188/Orthomosaico.tif", "Farm": "64188" }, "geometry": { "type": "LineString", "coordinates": [ [ -48.29639098021034, -21.144318901187024 ], [ -48.296252538880807, -21.144236578332595 ], [ -48.296195082741946, -21.144203606461705 ], [ -48.296171178480542, -21.144188426797026 ], [ -48.296098160955104, -21.144144750705493 ], [ -48.296002333175842, -21.144084325236506 ], [ -48.295947578437534, -21.144047529544373 ], [ -48.295884321377066, -21.144006382806033 ], [ -48.295812332979821, -21.143961228335897 ], [ -48.295757520163328, -21.143924508900614 ], [ -48.295709988522063, -21.143893769471074 ], [ -48.29563968873849, -21.143846331267984 ], [ -48.295607853777753, -21.143826040124978 ], [ -48.295494990297414, -21.143757053050216 ], [ -48.295343887162858, -21.143660514591858 ], [ -48.295304539143487, -21.143634545993926 ], [ -48.29524869038223, -21.143599227356269 ], [ -48.295129901701827, -21.143522324269064 ], [ -48.29505798680092, -21.143477067247609 ], [ -48.295018716997205, -21.143450994735282 ], [ -48.294986459645344, -21.143431299610945 ], [ -48.294915011729792, -21.143385396301493 ], [ -48.294883940918098, -21.143364088307685 ], [ -48.294663527412915, -21.143218751215212 ], [ -48.294624556695922, -21.143192286793784 ], [ -48.294592683916562, -21.143172048210161 ], [ -48.294474751903216, -21.143093993882729 ], [ -48.294292267956294, -21.142976542253436 ], [ -48.294150923080515, -21.142882647032479 ], [ -48.29404152035378, -21.142808917497188 ], [ -48.293954405161578, -21.142752527416089 ], [ -48.293907742208198, -21.142720638686267 ], [ -48.293789932883982, -21.142642422050436 ], [ -48.29365513681342, -21.142555496749377 ], [ -48.293553070252493, -21.142487662998704 ], [ -48.293459791304301, -21.142423825385915 ], [ -48.293378768544649, -21.142369434204493 ] ] } },
{ "type": "Feature", "properties": { "Field": "000", "Length": 380.64419858060808, "Image": "/home/dev4_bemagro_com/codes/input/64188/Orthomosaico.tif", "Farm": "64188" }, "geometry": { "type": "LineString", "coordinates": [ [ -48.296401470184676, -21.144309325228807 ], [ -48.296083716905564, -21.144120912462817 ], [ -48.296051509817865, -21.144101144814702 ], [ -48.295948564558834, -21.1440344881755 ], [ -48.295917648431868, -21.144012982854697 ], [ -48.295846267077877, -21.14396698802048 ], [ -48.295823134496914, -21.14395079029871 ], [ -48.295767430082172, -21.143915271393226 ], [ -48.295641767272386, -21.143831838033393 ], [ -48.295609647366021, -21.143811946041211 ], [ -48.295586101264277, -21.143796281546297 ], [ -48.295521560196768, -21.14375692906556 ], [ -48.295490122072827, -21.143736100523391 ], [ -48.295401981227137, -21.143681130154551 ], [ -48.295291645302797, -21.143608633889244 ], [ -48.295227507321847, -21.14356870573992 ], [ -48.295163942342306, -21.143527979131598 ], [ -48.295131475861034, -21.143508588770093 ], [ -48.295075461443041, -21.143473501861987 ], [ -48.294916719324405, -21.1433714519858 ], [ -48.294893377729792, -21.143355520501743 ], [ -48.294814089531926, -21.143304382389353 ], [ -48.294751997578892, -21.143261702788006 ], [ -48.294609535745536, -21.143169304749957 ], [ -48.294421725610832, -21.143043254379425 ], [ -48.294215332851245, -21.142910628933219 ], [ -48.294145798535318, -21.142862208694989 ], [ -48.29400334906925, -21.14276979451698 ], [ -48.293910160633757, -21.142705840378799 ], [ -48.293830897051897, -21.142654669272989 ], [ -48.293791992016246, -21.142628120168343 ], [ -48.293680914303671, -21.142556629146856 ], [ -48.293453858931052, -21.142404474860111 ], [ -48.293387636593501, -21.142358278827732 ] ] } },
{ "type": "Feature", "properties": { "Field": "000", "Length": 4.4447528645623171, "Image": "/home/dev4_bemagro_com/codes/input/64188/Orthomosaico.tif", "Farm": "64188" }, "geometry": { "type": "LineString", "coordinates": [ [ -48.296381856195048, -21.143801249283385 ], [ -48.296346540337645, -21.143778621034997 ] ] } },
{ "type": "Feature", "properties": { "Field": "000", "Length": 5.1626840049101297, "Image": "/home/dev4_bemagro_com/codes/input/64188/Orthomosaico.tif", "Farm": "64188" }, "geometry": { "type": "LineString", "coordinates": [ [ -48.296381484329864, -21.143802022763104 ], [ -48.296340836930447, -21.143775234636497 ] ] } },
{ "type": "Feature", "properties": { "Field": "000", "Length": 2.9237406713673408, "Image": "/home/dev4_bemagro_com/codes/input/64188/Orthomosaico.tif", "Farm": "64188" }, "geometry": { "type": "LineString", "coordinates": [ [ -48.296275345635017, -21.143700907847741 ], [ -48.296298173435972, -21.143716331377153 ] ] } },
{ "type": "Feature", "properties": { "Field": "000", "Length": 4.9231852945944583, "Image": "/home/dev4_bemagro_com/codes/input/64188/Orthomosaico.tif", "Farm": "64188" }, "geometry": { "type": "LineString", "coordinates": [ [ -48.296262844005931, -21.143660047325138 ], [ -48.29622371243368, -21.143635003118124 ] ] } },
{ "type": "Feature", "properties": { "Field": "000", "Length": 5.7704169196711117, "Image": "/home/dev4_bemagro_com/codes/input/64188/Orthomosaico.tif", "Farm": "64188" }, "geometry": { "type": "LineString", "coordinates": [ [ -48.296263123306943, -21.143661740748446 ], [ -48.296217827039676, -21.143631618477038 ] ] } },
{ "type": "Feature", "properties": { "Field": "000", "Length": 4.0845198016437578, "Image": "/home/dev4_bemagro_com/codes/input/64188/Orthomosaico.tif", "Farm": "64188" }, "geometry": { "type": "LineString", "coordinates": [ [ -48.296079113309617, -21.143471622310376 ], [ -48.296111374237739, -21.143492678299143 ] ] } },
{ "type": "Feature", "properties": { "Field": "000", "Length": 381.65177446191166, "Image": "/home/dev4_bemagro_com/codes/input/64188/Orthomosaico.tif", "Farm": "64188" }, "geometry": { "type": "LineString", "coordinates": [ [ -48.2964436286451, -21.144270840113581 ], [ -48.296395796521239, -21.144240149517778 ], [ -48.296321869294253, -21.144197841639762 ], [ -48.296273514740932, -21.144168253195271 ], [ -48.29621624432437, -21.144134998202276 ], [ -48.296070989761056, -21.144046508217556 ], [ -48.295991660269721, -21.143995425864723 ], [ -48.29588938369325, -21.143927869444379 ], [ -48.295849415145518, -21.143902748600098 ], [ -48.295652661102878, -21.14377292375611 ], [ -48.295507918509841, -21.143683699111552 ], [ -48.295468883035689, -21.143657318617137 ], [ -48.295350404480672, -21.143579995517335 ], [ -48.295286278607506, -21.143540050267493 ], [ -48.295143585585762, -21.143447966269928 ], [ -48.295063125460928, -21.143398465303498 ], [ -48.294943407760641, -21.143322841024808 ], [ -48.294881716973265, -21.143279652428859 ], [ -48.294803731621172, -21.14322678049826 ], [ -48.294755871630457, -21.143196493159493 ], [ -48.294716924479367, -21.143169998224749 ], [ -48.29467715984012, -21.1431445945151 ], [ -48.29453587981542, -21.143050613144521 ], [ -48.29448018762875, -21.143015077932546 ], [ -48.294409694037384, -21.142967894201096 ], [ -48.294353617532579, -21.142932895031276 ], [ -48.294298962738829, -21.142895969470498 ], [ -48.294188331347563, -21.142823871561461 ], [ -48.294149757774711, -21.142796900060439 ], [ -48.294086308076352, -21.142756016089319 ], [ -48.294031498657127, -21.142719292905284 ], [ -48.293983551969646, -21.142689126773949 ], [ -48.293850959182585, -21.142599268333495 ], [ -48.293764001506283, -21.142542664867094 ], [ -48.293708127919935, -21.142507381497005 ], [ -48.293661216299192, -21.142475815629265 ], [ -48.293637281822932, -21.142460678398482 ], [ -48.293504791643969, -21.142370687178015 ], [ -48.293422555980676, -21.142313648193955 ] ] } },
{ "type": "Feature", "properties": { "Field": "000", "Length": 381.9245829945479, "Image": "/home/dev4_bemagro_com/codes/input/64188/Orthomosaico.tif", "Farm": "64188" }, "geometry": { "type": "LineString", "coordinates": [ [ -48.296454811650797, -21.144260631498483 ], [ -48.296373423048053, -21.144211541263566 ], [ -48.296315879558094, -21.14417870373995 ], [ -48.296218275206577, -21.144120834947973 ], [ -48.296105519194199, -21.144051692958527 ], [ -48.296002468505108, -21.143985179892258 ], [ -48.295923823925676, -21.143933173849586 ], [ -48.295851850246663, -21.143887998779711 ], [ -48.295757418476136, -21.143825669268409 ], [ -48.295718475604929, -21.143799168530521 ], [ -48.295639140593309, -21.143748093943191 ], [ -48.295542874740185, -21.14368828488286 ], [ -48.295384277134836, -21.14358603702275 ], [ -48.295288334241555, -21.143525773137796 ], [ -48.295225397003087, -21.143484197351171 ], [ -48.295129774338008, -21.143423487278547 ], [ -48.295049235813124, -21.143374098671746 ], [ -48.29491472600472, -21.143286782822901 ], [ -48.29481374983488, -21.143217526861662 ], [ -48.294766193158559, -21.1431868219012 ], [ -48.294727132348655, -21.143160474643722 ], [ -48.294671521976703, -21.143124826768819 ], [ -48.294561889743974, -21.143051397574332 ], [ -48.294522086647653, -21.143026046979323 ], [ -48.294388312863902, -21.142937742061889 ], [ -48.294292674315535, -21.142877054614011 ], [ -48.294206627676722, -21.142819238495903 ], [ -48.294160372873165, -21.142786830592168 ], [ -48.294041268283671, -21.142710359831341 ], [ -48.293782585605634, -21.14253762527812 ], [ -48.293702954998565, -21.142486958322419 ], [ -48.29366359948488, -21.142461000225634 ], [ -48.293616509807165, -21.142429668591447 ], [ -48.293430699541645, -21.142303047223542 ] ] } },
{ "type": "Feature", "properties": { "Field": "000", "Length": 382.25382950474187, "Image": "/home/dev4_bemagro_com/codes/input/64188/Orthomosaico.tif", "Farm": "64188" }, "geometry": { "type": "LineString", "coordinates": [ [ -48.296466238497835, -21.144250200285885 ], [ -48.296408927084684, -21.144216075366682 ], [ -48.296368834184719, -21.14419112939488 ], [ -48.296344225749891, -21.144176974661974 ], [ -48.296295997987514, -21.14414720465647 ], [ -48.296148973180308, -21.144061326210039 ], [ -48.296108575164304, -21.144036817374431 ], [ -48.295983232419616, -21.143952961157432 ], [ -48.295943365449972, -21.143927698637761 ], [ -48.295894841725037, -21.143898355107897 ], [ -48.295839571443018, -21.143862244262003 ], [ -48.295722204474174, -21.143783442998092 ], [ -48.295665889554897, -21.143748781835754 ], [ -48.295626537835275, -21.14372281812394 ], [ -48.295521995977971, -21.143658386051978 ], [ -48.295466334727159, -21.14362280781468 ], [ -48.295395734708585, -21.143575763863886 ], [ -48.295275898115946, -21.143500305243982 ], [ -48.295220888008657, -21.143463846665579 ], [ -48.295156947150559, -21.143423641314591 ], [ -48.295101911453614, -21.143387216788845 ], [ -48.295045447618001, -21.143352769778542 ], [ -48.29498224241032, -21.14331155344717 ], [ -48.294917870507227, -21.143271958210779 ], [ -48.294879104367304, -21.143245230620703 ], [ -48.294833384886232, -21.14321216070244 ], [ -48.29475562964106, -21.143158991381497 ], [ -48.294690958412204, -21.14311982790446 ], [ -48.294644105667238, -21.143088184853355 ], [ -48.294596637384871, -21.143057359811902 ], [ -48.294503393471921, -21.142993476573302 ], [ -48.294448242256642, -21.142957206417393 ], [ -48.294383973381521, -21.14291746442035 ], [ -48.29428079000818, -21.142851133971597 ], [ -48.294149231079416, -21.14275994766674 ], [ -48.294053051849303, -21.142700017184008 ], [ -48.294006881751592, -21.142667503201373 ], [ -48.293944320931814, -21.14262543095737 ], [ -48.293888349486238, -21.142590284304983 ], [ -48.293848856628401, -21.142564510404629 ], [ -48.293802088470251, -21.142532757693544 ], [ -48.293738439796108, -21.142492147031664 ], [ -48.293629345752016, -21.142418016460169 ], [ -48.293573978282716, -21.142382037809494 ], [ -48.293519860346848, -21.142344423063076 ], [ -48.293439330013385, -21.142291812409361 ] ] } },
{ "type": "Feature", "properties": { "Field": "000", "Length": 382.49932562781316, "Image": "/home/dev4_bemagro_com/codes/input/64188/Orthomosaico.tif", "Farm": "64188" }, "geometry": { "type": "LineString", "coordinates": [ [ -48.296476964970964, -21.144240408420615 ], [ -48.296436051872348, -21.144216408532198 ], [ -48.296371920240503, -21.14417647093256 ], [ -48.296298750453587, -21.144133019672982 ], [ -48.296216707656022, -21.144085859776521 ], [ -48.296135736551641, -21.144037097004787 ], [ -48.296040545160395, -21.143975792721587 ], [ -48.296001455775588, -21.14394948244912 ], [ -48.295913464817538, -21.143894300901003 ], [ -48.295827145756888, -21.143836842324006 ], [ -48.295771457880242, -21.143801300659966 ], [ -48.295732517205984, -21.143774797088316 ], [ -48.295676604168037, -21.143739567962804 ], [ -48.295629306321594, -21.143708512849312 ], [ -48.295540807779339, -21.143654050641441 ], [ -48.295358905887078, -21.14353580582166 ], [ -48.295278751287988, -21.143485870422026 ], [ -48.295224107279552, -21.143448930480705 ], [ -48.295183906328454, -21.143424138390568 ], [ -48.295136405422767, -21.143393357429677 ], [ -48.295031961992592, -21.143328785424909 ], [ -48.294874200903344, -21.143225405495528 ], [ -48.294835880340138, -21.143198118251522 ], [ -48.294765927433019, -21.143150231376161 ], [ -48.294693901805736, -21.143105129885566 ], [ -48.294654948249786, -21.143078643273387 ], [ -48.294599628933007, -21.143042599079088 ], [ -48.294553065603452, -21.143010582279334 ], [ -48.294474207048843, -21.142958863048836 ], [ -48.294323082117408, -21.142862355958261 ], [ -48.294267853805295, -21.142826189279326 ], [ -48.294159425378325, -21.142751203736999 ], [ -48.294055726964523, -21.14268558420429 ], [ -48.293954538240442, -21.142616602474661 ], [ -48.293891236432287, -21.14257551735032 ], [ -48.29382061115421, -21.142528507592495 ], [ -48.29374104733931, -21.142477748370947 ], [ -48.293584147499033, -21.142373222690729 ], [ -48.293545550440768, -21.142346280955788 ], [ -48.293447639225143, -21.14228099579676 ] ] } },
{ "type": "Feature", "properties": { "Field": "000", "Length": 382.7779664067105, "Image": "/home/dev4_bemagro_com/codes/input/64188/Orthomosaico.tif", "Farm": "64188" }, "geometry": { "type": "LineString", "coordinates": [ [ -48.296487879327493, -21.144230445040222 ], [ -48.296430138917735, -21.144197743829899 ], [ -48.296317546991297, -21.144128366783864 ], [ -48.296203204129213, -21.144061557728392 ], [ -48.296122604572176, -21.144012256205336 ], [ -48.296074878854988, -21.143981782518843 ], [ -48.296027959008462, -21.143950226650762 ], [ -48.295987718239594, -21.143925491238928 ], [ -48.2958608078387, -21.143843736714643 ], [ -48.295790049108597, -21.143796902919949 ], [ -48.295751425956603, -21.143769993534143 ], [ -48.295711910893594, -21.14374424907917 ], [ -48.29566363833883, -21.143714543281309 ], [ -48.295639997520574, -21.143699004869635 ], [ -48.295583782369647, -21.143664201513527 ], [ -48.295528429407753, -21.143628202442077 ], [ -48.295480181258689, -21.143598461834635 ], [ -48.295393354974223, -21.143541680140192 ], [ -48.295336970387687, -21.143507118962159 ], [ -48.295289147199121, -21.143476780341487 ], [ -48.295249936935534, -21.143450629067505 ], [ -48.295185694720317, -21.143410848774661 ], [ -48.295138805139921, -21.143379253629789 ], [ -48.295074775687532, -21.143339172621499 ], [ -48.294995977442646, -21.143287372260875 ], [ -48.294845334474644, -21.143190203670045 ], [ -48.294767718805609, -21.143136855176799 ], [ -48.294672112591137, -21.143076122676597 ], [ -48.294548156275027, -21.142990473113969 ], [ -48.294469664859399, -21.142938264669777 ], [ -48.294445887885416, -21.142922910400301 ], [ -48.294381382550142, -21.142883507040541 ], [ -48.294334434319971, -21.142851988913762 ], [ -48.294270765163517, -21.142811406283329 ], [ -48.294185600975851, -21.142752451452509 ], [ -48.29406667118139, -21.142675741661812 ], [ -48.293934079167869, -21.142585882216427 ], [ -48.293743999662084, -21.142462863390055 ], [ -48.293456031349656, -21.14227007124931 ] ] } },
{ "type": "Feature", "properties": { "Field": "000", "Length": 383.03247029433032, "Image": "/home/dev4_bemagro_com/codes/input/64188/Orthomosaico.tif", "Farm": "64188" }, "geometry": { "type": "LineString", "coordinates": [ [ -48.296498329151937, -21.144220905714803 ], [ -48.296424449350546, -21.14417847591049 ], [ -48.296344245795076, -21.144128609129826 ], [ -48.296270755102661, -21.144085637198707 ], [ -48.296125120552801, -21.143997698670773 ], [ -48.296046475892538, -21.143945692713078 ], [ -48.295982711307204, -21.143905241360866 ], [ -48.29590379677218, -21.143853596539394 ], [ -48.295840138970192, -21.143812997502213 ], [ -48.295738111392907, -21.143745110703179 ], [ -48.295626429285491, -21.143674451816661 ], [ -48.295506075913011, -21.143599720424572 ], [ -48.295435425589723, -21.143552742998224 ], [ -48.295330929699297, -21.143488245531863 ], [ -48.295267920992231, -21.143446765145253 ], [ -48.295188017018447, -21.143396477550301 ], [ -48.295132958939455, -21.143360082817765 ], [ -48.295053287500245, -21.143309471626615 ], [ -48.294950567413579, -21.143242510833392 ], [ -48.294887818346069, -21.143200685653031 ], [ -48.294840157867569, -21.143170122676615 ], [ -48.294769925936961, -21.143122596628221 ], [ -48.294682553597035, -21.143066557453214 ], [ -48.294581789219549, -21.142997030749914 ], [ -48.294511224480409, -21.142949940714004 ], [ -48.294447685681448, -21.142909178591633 ], [ -48.294383434148926, -21.142869411951175 ], [ -48.294328540885886, -21.142832799076047 ], [ -48.294296678729033, -21.142812545896337 ], [ -48.29418820909936, -21.142737612827464 ], [ -48.294132940045216, -21.142701501040342 ], [ -48.294084959779568, -21.142671381935415 ], [ -48.29404569028803, -21.142645309343891 ], [ -48.294007093745108, -21.142618366845731 ], [ -48.293928521791031, -21.142566265454136 ], [ -48.293730603244846, -21.142438010885389 ], [ -48.293668088235357, -21.142395878901691 ], [ -48.293581439266312, -21.142338860471671 ], [ -48.293464421981568, -21.142259148642644 ] ] } },
{ "type": "Feature", "properties": { "Field": "000", "Length": 383.34797623798505, "Image": "/home/dev4_bemagro_com/codes/input/64188/Orthomosaico.tif", "Farm": "64188" }, "geometry": { "type": "LineString", "coordinates": [ [ -48.296509572989287, -21.144210641557034 ], [ -48.296419489779993, -21.144157635477018 ], [ -48.296363610489003, -21.144122359002321 ], [ -48.296265488559868, -21.144065265807338 ], [ -48.296224948056313, -21.144040964916123 ], [ -48.296168832743078, -21.144006019816416 ], [ -48.296136180903844, -21.143986905142288 ], [ -48.296041824080817, -21.143924475693229 ], [ -48.295969680169748, -21.143879540236671 ], [ -48.295914527065236, -21.14384327205639 ], [ -48.295866739823673, -21.143812883435729 ], [ -48.295835581622804, -21.143791687893081 ], [ -48.295693714783845, -21.143698486722919 ], [ -48.295525273096629, -21.143593787616151 ], [ -48.295446279520284, -21.143542249529162 ], [ -48.295349560869468, -21.143483087121748 ], [ -48.295309896640113, -21.14345754547924 ], [ -48.29527082983666, -21.143431205921605 ], [ -48.295222449293192, -21.143401655325018 ], [ -48.295143604041932, -21.143349917894451 ], [ -48.295087284643721, -21.143315263418931 ], [ -48.295024683221655, -21.143273243912365 ], [ -48.295000600584373, -21.143258314708422 ], [ -48.294953355371867, -21.143227189409718 ], [ -48.294883542871538, -21.143179122506332 ], [ -48.294789438303908, -21.143116359683194 ], [ -48.294741348949024, -21.14308639385899 ], [ -48.294708741204232, -21.143067213421364 ], [ -48.294684889216903, -21.143051961858266 ], [ -48.29466176002073, -21.14303576009808 ], [ -48.294624018513453, -21.143007771631094 ], [ -48.294593135709931, -21.142986224535949 ], [ -48.294522457473008, -21.142939284554732 ], [ -48.294410604764245, -21.142868864613451 ], [ -48.294315351387951, -21.14280764638178 ], [ -48.29419149547185, -21.142721869424676 ], [ -48.294167925127468, -21.142706237326472 ], [ -48.294095854629582, -21.142661199330931 ], [ -48.294064296093985, -21.142640532049949 ], [ -48.293995046570863, -21.142591754087668 ], [ -48.293963763997951, -21.14257072081444 ], [ -48.293940049401108, -21.142555281970267 ], [ -48.293907793648316, -21.142535584870725 ], [ -48.293852792606714, -21.142499114834301 ], [ -48.293749341956229, -21.142433152291549 ], [ -48.293686958857933, -21.142390848573211 ], [ -48.293631384028778, -21.142355152422518 ], [ -48.293537560990828, -21.142292020571759 ], [ -48.293473311969812, -21.142247575990389 ] ] } },
{ "type": "Feature", "properties": { "Field": "000", "Length": 383.59221921731182, "Image": "/home/dev4_bemagro_com/codes/input/64188/Orthomosaico.tif", "Farm": "64188" }, "geometry": { "type": "LineString", "coordinates": [ [ -48.296520246793747, -21.144200897762811 ], [ -48.296429624003366, -21.144148696658274 ], [ -48.296373638809889, -21.144113568280417 ], [ -48.296292093415978, -21.144065655135044 ], [ -48.296251939273219, -21.144040796073252 ], [ -48.296194664503709, -21.144007547754732 ], [ -48.296138328535577, -21.143972916549945 ], [ -48.296082886153926, -21.14393703859173 ], [ -48.296036035228525, -21.143905392743765 ], [ -48.295924345214615, -21.143834744642344 ], [ -48.295861585982578, -21.143792932471563 ], [ -48.295742650668643, -21.143716228796844 ], [ -48.295695507460444, -21.143684967428172 ], [ -48.2955833463649, -21.1436149795463 ], [ -48.295519979940764, -21.143573981459827 ], [ -48.29544778869483, -21.143529113255191 ], [ -48.295416329853055, -21.143508312329498 ], [ -48.295359936666834, -21.14347376351876 ], [ -48.295273133465301, -21.143416950883783 ], [ -48.295224897652737, -21.143387192784772 ], [ -48.295145844494904, -21.143335735346827 ], [ -48.295105606243112, -21.143310996620162 ], [ -48.295027496700989, -21.143258286238492 ], [ -48.294940134883859, -21.14320223248528 ], [ -48.294885796554617, -21.143164897949809 ], [ -48.294775932345935, -21.143091774471678 ], [ -48.294711744729874, -21.143051916946522 ], [ -48.294672469264512, -21.143025852108249 ], [ -48.294626005963728, -21.14299370766501 ], [ -48.294570116748787, -21.142958445781858 ], [ -48.294507790412155, -21.142916068135222 ], [ -48.29435675262863, -21.142819441095721 ], [ -48.294286229119081, -21.142772296863011 ], [ -48.294216745308589, -21.142723812929148 ], [ -48.294129746539141, -21.142667264921826 ], [ -48.294028008884382, -21.142598997519489 ], [ -48.293980246010946, -21.142568575879586 ], [ -48.293941259403006, -21.142542132323097 ], [ -48.293696016728838, -21.142382857534422 ], [ -48.293481287852678, -21.142237193284021 ] ] } },
{ "type": "Feature", "properties": { "Field": "000", "Length": 383.84115992373864, "Image": "/home/dev4_bemagro_com/codes/input/64188/Orthomosaico.tif", "Farm": "64188" }, "geometry": { "type": "LineString", "coordinates": [ [ -48.296530100627052, -21.14419190249366 ], [ -48.296498137320533, -21.144171636742694 ], [ -48.29647377237653, -21.144157116018405 ], [ -48.296424226952873, -21.14412931554196 ], [ -48.296343683415685, -21.144079933430589 ], [ -48.296236899506674, -21.144018822458833 ], [ -48.296140312411296, -21.143959470643804 ], [ -48.296045786005983, -21.143897267411614 ], [ -48.295974006229258, -21.143851821637377 ], [ -48.29593484405725, -21.143825606849131 ], [ -48.295871083289441, -21.143785150282419 ], [ -48.295689955086978, -21.143665864449055 ], [ -48.295601340124946, -21.143611569132656 ], [ -48.295546289539729, -21.143575164286723 ], [ -48.295458260602402, -21.143520036444237 ], [ -48.295426929215168, -21.143499066896148 ], [ -48.295378737288985, -21.143469246233707 ], [ -48.295323584517753, -21.143432977856381 ], [ -48.295275479491366, -21.143403033997345 ], [ -48.295236021331569, -21.14337721299901 ], [ -48.295092694379981, -21.143285999837502 ], [ -48.294927116910664, -21.143177354763129 ], [ -48.294849570273328, -21.143123917988248 ], [ -48.29479477841722, -21.143087171508014 ], [ -48.294659803588935, -21.143000489940469 ], [ -48.294595671081701, -21.142960554481267 ], [ -48.294525862224802, -21.142912483114898 ], [ -48.294478643628928, -21.142881322465673 ], [ -48.294343779578298, -21.142794489590159 ], [ -48.294312612638258, -21.142773305700576 ], [ -48.294202258073085, -21.142700835480134 ], [ -48.294132151989146, -21.14265314652873 ], [ -48.294045001017381, -21.142596805239421 ], [ -48.293920086149733, -21.142512390895128 ], [ -48.293880304518588, -21.142487010897515 ], [ -48.293762326483538, -21.14240901864342 ], [ -48.293698717085924, -21.142368353931356 ], [ -48.293659623866205, -21.142342049353179 ], [ -48.293596233722525, -21.142301084461469 ], [ -48.293489439388551, -21.14222658191704 ] ] } },
{ "type": "Feature", "properties": { "Field": "000", "Length": 384.05155794915362, "Image": "/home/dev4_bemagro_com/codes/input/64188/Orthomosaico.tif", "Farm": "64188" }, "geometry": { "type": "LineString", "coordinates": [ [ -48.296539215005424, -21.144183342306672 ], [ -48.296499241419497, -21.144158010481462 ], [ -48.29642570811837, -21.144115102711375 ], [ -48.296344911528784, -21.144066085785791 ], [ -48.296254540785441, -21.144014399781643 ], [ -48.296141809639614, -21.143945222223767 ], [ -48.296094381310262, -21.143914342633742 ], [ -48.296032038713371, -21.143871985392792 ], [ -48.295967934735927, -21.143832008983278 ], [ -48.295912368426592, -21.143796300244919 ], [ -48.295809760373416, -21.143729187867997 ], [ -48.2957550544794, -21.143692328473954 ], [ -48.295707338400049, -21.143661841673012 ], [ -48.295643062558057, -21.14362210904385 ], [ -48.295579986794081, -21.143580718346914 ], [ -48.295531502785089, -21.143551317284189 ], [ -48.295499846721597, -21.143530781376462 ], [ -48.295467629803341, -21.14351102804218 ], [ -48.295420796069372, -21.143479360020276 ], [ -48.295245594070501, -21.143367911122859 ], [ -48.295197245820994, -21.143338314075709 ], [ -48.29512565350948, -21.143292609242284 ], [ -48.295039297812117, -21.143235199692995 ], [ -48.294944493128078, -21.143173371087254 ], [ -48.294897997732825, -21.143141267437912 ], [ -48.294858566141436, -21.143115410856932 ], [ -48.294772896666501, -21.143057103621043 ], [ -48.294669260076631, -21.142991397794685 ], [ -48.294645691943636, -21.142975762689808 ], [ -48.294605384132396, -21.142951123997719 ], [ -48.29456621967099, -21.142924912606002 ], [ -48.294519969783288, -21.142892498463581 ], [ -48.294345410248589, -21.142780166959078 ], [ -48.294259792413683, -21.142721793312841 ], [ -48.294125698606891, -21.142633917050844 ], [ -48.293953309941834, -21.142518673182863 ], [ -48.293850943802212, -21.142451237906176 ], [ -48.293763478095855, -21.142395327723445 ], [ -48.293661671355245, -21.142327151324263 ], [ -48.293629855261614, -21.142306834689755 ], [ -48.293497678903528, -21.142215856019977 ] ] } },
{ "type": "Feature", "properties": { "Field": "000", "Length": 384.14522799212062, "Image": "/home/dev4_bemagro_com/codes/input/64188/Orthomosaico.tif", "Farm": "64188" }, "geometry": { "type": "LineString", "coordinates": [ [ -48.296547459973972, -21.144173990637263 ], [ -48.29649938677737, -21.144143890619848 ], [ -48.296409281773997, -21.144091797792935 ], [ -48.296313095216696, -21.144031876133198 ], [ -48.296247510450023, -21.143994072636556 ], [ -48.296142507056942, -21.143930304142859 ], [ -48.296064296351339, -21.143877725413255 ], [ -48.295952829409693, -21.143806767938923 ], [ -48.295779595143266, -21.143692643271386 ], [ -48.295692047055944, -21.14363684543839 ], [ -48.295619779492995, -21.143592085431141 ], [ -48.29550875686342, -21.143520517873174 ], [ -48.295476617950349, -21.143500653019967 ], [ -48.295453131602571, -21.143484909840318 ], [ -48.295404677265395, -21.143455465811549 ], [ -48.295348839792872, -21.143420131552915 ], [ -48.295309532062369, -21.143394109393363 ], [ -48.295245787660235, -21.143353630447827 ], [ -48.29520663183888, -21.143327407523511 ], [ -48.295118754961379, -21.14327206682103 ], [ -48.295047439690983, -21.143225982416872 ], [ -48.29500025660564, -21.143194774294898 ], [ -48.294953819913431, -21.14316259594019 ], [ -48.294875026105416, -21.143110789777829 ], [ -48.294836539683097, -21.143083708794403 ], [ -48.294741113361781, -21.14302272783036 ], [ -48.294677967118268, -21.142981432245524 ], [ -48.294646823236917, -21.142960218464381 ], [ -48.294567646501989, -21.142908928893146 ], [ -48.294513939960616, -21.142870798405646 ], [ -48.294385993760628, -21.142790478908413 ], [ -48.294322775758211, -21.142749280231627 ], [ -48.29430718421925, -21.14273869874884 ], [ -48.294277007476857, -21.142716288534714 ], [ -48.294245926228889, -21.142694994147334 ], [ -48.294111078064184, -21.142608139834941 ], [ -48.29404104340648, -21.142560358669694 ], [ -48.293931120862872, -21.142487313111957 ], [ -48.293900207172562, -21.14246580520005 ], [ -48.293796503300939, -21.142400193573206 ], [ -48.29369485942194, -21.142331803622884 ], [ -48.293623746934031, -21.142285444993554 ], [ -48.293600732991592, -21.142269099602409 ], [ -48.293545848266859, -21.142232475814463 ], [ -48.293506127735235, -21.142204857639886 ] ] } },
{ "type": "Feature", "properties": { "Field": "000", "Length": 384.23290390999006, "Image": "/home/dev4_bemagro_com/codes/input/64188/Orthomosaico.tif", "Farm": "64188" }, "geometry": { "type": "LineString", "coordinates": [ [ -48.296556604398198, -21.144163618778553 ], [ -48.296516218726381, -21.144138762729575 ], [ -48.296385994322918, -21.144061731089664 ], [ -48.296305848250327, -21.144011783128068 ], [ -48.296232027446621, -21.143969312199385 ], [ -48.296143835928014, -21.143914413117294 ], [ -48.295669675765133, -21.143605451708396 ], [ -48.295605040280236, -21.143566235963803 ], [ -48.295533276089493, -21.143520768797316 ], [ -48.295446402572914, -21.143464050775471 ], [ -48.295389836813591, -21.143429751183195 ], [ -48.295326879671229, -21.143388201972272 ], [ -48.295231546017583, -21.143327093241005 ], [ -48.295184433331052, -21.143295791598334 ], [ -48.295080703906571, -21.143230214537713 ], [ -48.295033667419951, -21.143198812247579 ], [ -48.294970205595931, -21.143157944529992 ], [ -48.294805876597579, -21.143047643987909 ], [ -48.294702973608047, -21.142980931097696 ], [ -48.294624862139095, -21.142928223498309 ], [ -48.294569120982537, -21.142892755983755 ], [ -48.294531051734481, -21.142865160989647 ], [ -48.294515418521684, -21.142854633742431 ], [ -48.294459067567892, -21.142820024763921 ], [ -48.294331862685624, -21.14273867560901 ], [ -48.294308459196387, -21.142722824392536 ], [ -48.294270276833068, -21.142695367358421 ], [ -48.294223555751266, -21.142663553629003 ], [ -48.294151679563832, -21.142618243182632 ], [ -48.294019011951967, -21.14252848204687 ], [ -48.293917028251798, -21.142460538667947 ], [ -48.293781870020503, -21.142374109937016 ], [ -48.293625006681623, -21.142269536184116 ], [ -48.293514489632209, -21.142193972426035 ] ] } },
{ "type": "Feature", "properties": { "Field": "000", "Length": 384.35239504125957, "Image": "/home/dev4_bemagro_com/codes/input/64188/Orthomosaico.tif", "Farm": "64188" }, "geometry": { "type": "LineString", "coordinates": [ [ -48.296567029260117, -21.144151794609432 ], [ -48.296470426961079, -21.144092163019174 ], [ -48.296307548265013, -21.143996019826361 ], [ -48.29624279683847, -21.143956972474289 ], [ -48.296202817365568, -21.14393186690382 ], [ -48.296162082619993, -21.143907853655499 ], [ -48.295996385926628, -21.143799367495568 ], [ -48.295932645547964, -21.14375888267141 ], [ -48.295862204021738, -21.143711629947859 ], [ -48.295696040593853, -21.14360377427607 ], [ -48.295615491806146, -21.14355440019521 ], [ -48.295496763132014, -21.143477415579596 ], [ -48.295448655108842, -21.143447475925786 ], [ -48.295415960470969, -21.143428425966889 ], [ -48.295321382024085, -21.143366292943877 ], [ -48.295225837168871, -21.143305475237089 ], [ -48.295178750181378, -21.143274139588264 ], [ -48.295090987504089, -21.14321863966288 ], [ -48.294957017205434, -21.143130597003566 ], [ -48.294879526101703, -21.14307708939965 ], [ -48.294744413745015, -21.142990596608787 ], [ -48.294643915702416, -21.142920731507957 ], [ -48.294374070605926, -21.142747225765564 ], [ -48.294311697464721, -21.142704908902008 ], [ -48.294280982450779, -21.142683151836422 ], [ -48.294233961981092, -21.142651728721528 ], [ -48.294161852598869, -21.14260674556883 ], [ -48.294122581971635, -21.142580674500987 ], [ -48.294084182377453, -21.142553485461089 ], [ -48.294029508878538, -21.142516584481367 ], [ -48.293800386821211, -21.142367181772357 ], [ -48.293737969189223, -21.14232492294223 ], [ -48.293659061767201, -21.142273269930396 ], [ -48.293589227665073, -21.142225231349272 ], [ -48.293523930006224, -21.14218156567695 ] ] } },
{ "type": "Feature", "properties": { "Field": "000", "Length": 375.82460033853988, "Image": "/home/dev4_bemagro_com/codes/input/64188/Orthomosaico.tif", "Farm": "64188" }, "geometry": { "type": "LineString", "coordinates": [ [ -48.296175654717338, -21.144527725291255 ], [ -48.296119243055834, -21.144493091753237 ], [ -48.296013228639303, -21.144430812407634 ], [ -48.295941246496866, -21.144385648862638 ], [ -48.29588471246786, -21.144351302712906 ], [ -48.295860859963781, -21.144336051538893 ], [ -48.295782642095915, -21.144283481941439 ], [ -48.29560747504496, -21.144171983313456 ], [ -48.295513431559229, -21.144109139044694 ], [ -48.295458058443749, -21.144073167045075 ], [ -48.2953863590702, -21.144027609645974 ], [ -48.295361861026059, -21.144013287450839 ], [ -48.295321776183954, -21.143988330223241 ], [ -48.295282447524848, -21.143962335712899 ], [ -48.295099341151747, -21.143845738105014 ], [ -48.29507585313403, -21.14382999705991 ], [ -48.295011641465756, -21.143790173169286 ], [ -48.294948338961639, -21.143749088219586 ], [ -48.294916268968855, -21.14372912553188 ], [ -48.294876959853049, -21.143703105130832 ], [ -48.294805193201327, -21.14365764136835 ], [ -48.294694330203775, -21.143585856411971 ], [ -48.294632218074135, -21.14354320251871 ], [ -48.29457688560413, -21.143507175868034 ], [ -48.294506902991323, -21.14345932704823 ], [ -48.294442827179573, -21.143419311308936 ], [ -48.294387291178538, -21.143383561429282 ], [ -48.294286538992154, -21.14331401894886 ], [ -48.294231447676651, -21.143277668621327 ], [ -48.294167737024097, -21.143237143107608 ], [ -48.294143450529411, -21.143222507480139 ], [ -48.294080500215543, -21.143180949393106 ], [ -48.294016918558405, -21.143140246035973 ], [ -48.293939970913023, -21.14308605264916 ], [ -48.29382121291178, -21.143009108648339 ], [ -48.293751028916489, -21.142961520516611 ], [ -48.293720250171901, -21.142939842822233 ], [ -48.293664345176161, -21.14290460306508 ], [ -48.293609575410031, -21.142867827810502 ], [ -48.293561967523672, -21.142837193009964 ], [ -48.29350594920875, -21.142802112059762 ], [ -48.293396798789601, -21.142728054306225 ], [ -48.29326283181301, -21.142640008112227 ], [ -48.29320169844555, -21.142598889239185 ] ] } },
{ "type": "Feature", "properties": { "Field": "000", "Length": 376.04691077373377, "Image": "/home/dev4_bemagro_com/codes/input/64188/Orthomosaico.tif", "Farm": "64188" }, "geometry": { "type": "LineString", "coordinates": [ [ -48.296185949307223, -21.144517645188134 ], [ -48.296071060044738, -21.144450492046385 ], [ -48.295893843458444, -21.144341880881345 ], [ -48.295830877703601, -21.144300342601518 ], [ -48.295767104261984, -21.144259903349255 ], [ -48.29569630234343, -21.144213126783697 ], [ -48.295561006330466, -21.144126885459816 ], [ -48.295522211932386, -21.14410019366186 ], [ -48.295467080765583, -21.144063896064964 ], [ -48.295411361768863, -21.144028397265913 ], [ -48.295331037878952, -21.143978701477419 ], [ -48.295291740480437, -21.143952665393723 ], [ -48.295243581849022, -21.143922797231642 ], [ -48.295172348070949, -21.143876601600006 ], [ -48.295132184170754, -21.143851756553541 ], [ -48.295085259041656, -21.143820207716004 ], [ -48.295028807410887, -21.143785742870758 ], [ -48.294941770660593, -21.14372924538846 ], [ -48.294869820230126, -21.143684037976747 ], [ -48.29472718856799, -21.143591870250269 ], [ -48.294507825776257, -21.143445140324676 ], [ -48.294388754247613, -21.143368623486513 ], [ -48.294248214169251, -21.143273670481463 ], [ -48.294144554986346, -21.143207995901005 ], [ -48.294057691431597, -21.143151264870809 ], [ -48.29394117031358, -21.143071367459989 ], [ -48.293893354668171, -21.143041018667155 ], [ -48.293744614621765, -21.14294130390855 ], [ -48.293673258187731, -21.142895275976148 ], [ -48.293594816297173, -21.142843002226087 ], [ -48.293523247204824, -21.142797265891101 ], [ -48.293397698167041, -21.142713683563098 ], [ -48.293334312639566, -21.142672712195086 ], [ -48.293295656137488, -21.142645845490748 ], [ -48.293209556750661, -21.142588431913001 ] ] } },
{ "type": "Feature", "properties": { "Field": "000", "Length": 376.30349162179039, "Image": "/home/dev4_bemagro_com/codes/input/64188/Orthomosaico.tif", "Farm": "64188" }, "geometry": { "type": "LineString", "coordinates": [ [ -48.296196997698466, -21.144506826986653 ], [ -48.296155981425855, -21.144482335497997 ], [ -48.296073798264921, -21.144435390912097 ], [ -48.296025081695973, -21.144406329712137 ], [ -48.295880734580287, -21.144316542023407 ], [ -48.295856360063553, -21.144302035433221 ], [ -48.295714623768632, -21.144208658971152 ], [ -48.295603009279624, -21.144137905635979 ], [ -48.295461876640282, -21.144043728146588 ], [ -48.295365103892941, -21.143984643177951 ], [ -48.295262287043869, -21.143917812543151 ], [ -48.295150415767665, -21.143847417422105 ], [ -48.295103144679551, -21.143816326461618 ], [ -48.295030944090477, -21.143771471369156 ], [ -48.294967764647467, -21.143730220049132 ], [ -48.294840341327564, -21.143649171169923 ], [ -48.294667123753058, -21.14353502472629 ], [ -48.294565632279912, -21.143466434727479 ], [ -48.294533741499194, -21.14344622103912 ], [ -48.29445504512644, -21.143394284541724 ], [ -48.29438345414728, -21.143348577911954 ], [ -48.294352261226727, -21.143327427553899 ], [ -48.294304357897417, -21.143297200563349 ], [ -48.294241882186924, -21.143255016787251 ], [ -48.294178573007741, -21.143213941268041 ], [ -48.294084470992999, -21.143151175142425 ], [ -48.293926693640728, -21.143047817526071 ], [ -48.293871083190091, -21.143012169881306 ], [ -48.293793063121157, -21.142959343341747 ], [ -48.293753405722534, -21.142933792644669 ], [ -48.293706862987406, -21.142901749599673 ], [ -48.29358940757492, -21.142823065748473 ], [ -48.293430545482806, -21.142721181607211 ], [ -48.293407310489215, -21.142705113738614 ], [ -48.293359896098636, -21.142674216032137 ], [ -48.293275066915577, -21.142614837840302 ], [ -48.29321834243266, -21.142576740491002 ] ] } },
{ "type": "Feature", "properties": { "Field": "000", "Length": 376.52127611565436, "Image": "/home/dev4_bemagro_com/codes/input/64188/Orthomosaico.tif", "Farm": "64188" }, "geometry": { "type": "LineString", "coordinates": [ [ -48.296206441211794, -21.144497580223973 ], [ -48.296027007737308, -21.144391696226617 ], [ -48.2959631647444, -21.144351353603987 ], [ -48.295874459314042, -21.144297187840657 ], [ -48.295764187686046, -21.144224604845455 ], [ -48.295700250735536, -21.144184393520238 ], [ -48.295645283734046, -21.144147877400435 ], [ -48.29560487702441, -21.144123381177554 ], [ -48.295581085916005, -21.144108045894029 ], [ -48.295510708874041, -21.144060708500483 ], [ -48.295439753359354, -21.144014137373894 ], [ -48.29534273341816, -21.143955410305814 ], [ -48.295264008160821, -21.143903511901524 ], [ -48.295176351587614, -21.143847864069198 ], [ -48.295136919429837, -21.143822007983072 ], [ -48.295040955002143, -21.14376177410568 ], [ -48.294945920464542, -21.143700256401324 ], [ -48.294873799102469, -21.143655289367118 ], [ -48.294803309454437, -21.14360810001541 ], [ -48.294723668788386, -21.143557446070702 ], [ -48.294504235985997, -21.143410808375496 ], [ -48.294448518754812, -21.143375307551231 ], [ -48.294369993767958, -21.143323143301213 ], [ -48.294322289196955, -21.143292640911351 ], [ -48.294259887635555, -21.1432503606508 ], [ -48.294188557705311, -21.143204296322423 ], [ -48.294100516932573, -21.143149185598674 ], [ -48.294084911350389, -21.143138622302569 ], [ -48.294039347701201, -21.143105363722409 ], [ -48.294015820771399, -21.143089674094082 ], [ -48.293889029890352, -21.143007757842717 ], [ -48.293756199998377, -21.142918207785293 ], [ -48.29360661000711, -21.142819618605561 ], [ -48.293544079532175, -21.142777506629152 ], [ -48.293448484517491, -21.142716759102587 ], [ -48.293377648630639, -21.142670029030093 ], [ -48.293226418771695, -21.142565993014895 ] ] } },
{ "type": "Feature", "properties": { "Field": "000", "Length": 230.01190231984086, "Image": "/home/dev4_bemagro_com/codes/input/64188/Orthomosaico.tif", "Farm": "64188" }, "geometry": { "type": "LineString", "coordinates": [ [ -48.295649815253391, -21.142955975474706 ], [ -48.295482979415191, -21.142848355722151 ], [ -48.295301644992549, -21.142729347580289 ], [ -48.295144625945866, -21.142624978866372 ], [ -48.295104830930839, -21.142599617230143 ], [ -48.29505783362368, -21.142568163611532 ], [ -48.295002126466649, -21.142532649263334 ], [ -48.294900395021742, -21.142464373709458 ], [ -48.294860705774717, -21.142438866689311 ], [ -48.294743534715856, -21.142359810862089 ], [ -48.294703786626592, -21.14233438466124 ], [ -48.294554593819953, -21.142235267757766 ], [ -48.29449128385437, -21.142194193861187 ], [ -48.29422492885638, -21.142016006651918 ], [ -48.294169563206395, -21.141980025690668 ], [ -48.294068220420073, -21.141911243905572 ], [ -48.293925793431079, -21.141818800483005 ], [ -48.293839714892592, -21.141761507105713 ] ] } },
{ "type": "Feature", "properties": { "Field": "000", "Length": 223.01315576166218, "Image": "/home/dev4_bemagro_com/codes/input/64188/Orthomosaico.tif", "Farm": "64188" }, "geometry": { "type": "LineString", "coordinates": [ [ -48.295601619523445, -21.142910538017187 ], [ -48.295542905597067, -21.142871409286922 ], [ -48.295496601659671, -21.14283906308826 ], [ -48.295369826358382, -21.142757125633942 ], [ -48.29529137345758, -21.142704866333052 ], [ -48.295188651290879, -21.14263790887254 ], [ -48.295149635931928, -21.142611502573029 ], [ -48.295062413178847, -21.142555259038094 ], [ -48.294984155653651, -21.142502742719657 ], [ -48.294920787364482, -21.142461747865244 ], [ -48.29474894946263, -21.142345782367997 ], [ -48.294661718803034, -21.14228954988819 ], [ -48.294559757586086, -21.142221576937306 ], [ -48.294512213134659, -21.142190855766941 ], [ -48.294426269316311, -21.142132905689653 ], [ -48.294292543853103, -21.142044537460652 ], [ -48.294261582793673, -21.14202308970216 ], [ -48.294119591505257, -21.141930058049891 ], [ -48.294065179673822, -21.141892818508627 ], [ -48.294009995447091, -21.141856593150109 ], [ -48.29397801533252, -21.141836504571902 ], [ -48.293848316702153, -21.141750173055289 ] ] } },
{ "type": "Feature", "properties": { "Field": "000", "Length": 217.93688178027983, "Image": "/home/dev4_bemagro_com/codes/input/64188/Orthomosaico.tif", "Farm": "64188" }, "geometry": { "type": "LineString", "coordinates": [ [ -48.295570368576698, -21.142872715343209 ], [ -48.295476786753632, -21.142808736095105 ], [ -48.295429511983798, -21.14277765047818 ], [ -48.295357855478102, -21.142732034616945 ], [ -48.295271744023943, -21.142674303471715 ], [ -48.295160758915884, -21.14260268569469 ], [ -48.294996533180083, -21.142492250627669 ], [ -48.294894282379637, -21.142424661386784 ], [ -48.294830680075826, -21.142383986796261 ], [ -48.294752860456647, -21.142330900985023 ], [ -48.294657640406648, -21.142269637560062 ], [ -48.294493614491962, -21.142158942022427 ], [ -48.294422189615169, -21.142113008049279 ], [ -48.29436751309207, -21.142076111196584 ], [ -48.294296341344499, -21.142029832771211 ], [ -48.294163049077433, -21.141940890517677 ], [ -48.294012969434931, -21.141842959722531 ], [ -48.29385663061975, -21.141739218339289 ] ] } },
{ "type": "Feature", "properties": { "Field": "000", "Length": 208.83834362595329, "Image": "/home/dev4_bemagro_com/codes/input/64188/Orthomosaico.tif", "Farm": "64188" }, "geometry": { "type": "LineString", "coordinates": [ [ -48.295507185056579, -21.142814392317085 ], [ -48.295373756874511, -21.142725416924524 ], [ -48.295152564867003, -21.14258112565598 ], [ -48.295020330561094, -21.142490803385176 ], [ -48.294838824213045, -21.142372026843429 ], [ -48.294792092111742, -21.142340227454575 ], [ -48.294744366798568, -21.142309754037782 ], [ -48.294657880573098, -21.142252518486323 ], [ -48.294532770571031, -21.142168359135113 ], [ -48.294477016543979, -21.142132909828746 ], [ -48.294422328444369, -21.142096028065698 ], [ -48.294359118484159, -21.14205481892191 ], [ -48.294099922117354, -21.141882764833557 ], [ -48.294004349122282, -21.141821987533298 ], [ -48.293864479222513, -21.141728876736746 ] ] } },
{ "type": "Feature", "properties": { "Field": "000", "Length": 207.89497286258398, "Image": "/home/dev4_bemagro_com/codes/input/64188/Orthomosaico.tif", "Farm": "64188" }, "geometry": { "type": "LineString", "coordinates": [ [ -48.295508344021229, -21.142798166815084 ], [ -48.295327582187703, -21.142677790875545 ], [ -48.295248090475063, -21.142626932041782 ], [ -48.29502002259688, -21.142476115774233 ], [ -48.294948701796642, -21.142430039428906 ], [ -48.294878399876517, -21.142382604984206 ], [ -48.294759736051091, -21.142305533803931 ], [ -48.294642119635299, -21.142227062351068 ], [ -48.294563168142034, -21.142175468611519 ], [ -48.294516542416076, -21.142143532181755 ], [ -48.294461169193191, -21.142107561391548 ], [ -48.294413131498963, -21.142077523206432 ], [ -48.294272536812841, -21.141982642951845 ], [ -48.294240470513579, -21.141962675609264 ], [ -48.29408352886604, -21.141858205784704 ], [ -48.293988753467822, -21.141796338980292 ], [ -48.293872335698566, -21.141718524758076 ] ] } },
{ "type": "Feature", "properties": { "Field": "000", "Length": 206.99108235772491, "Image": "/home/dev4_bemagro_com/codes/input/64188/Orthomosaico.tif", "Farm": "64188" }, "geometry": { "type": "LineString", "coordinates": [ [ -48.295509454248659, -21.14278262362776 ], [ -48.295365941647269, -21.142687087724386 ], [ -48.295199997719145, -21.142578936685201 ], [ -48.295074743208573, -21.142494966275713 ], [ -48.294979018196898, -21.142434399224157 ], [ -48.294932426369748, -21.142402419150592 ], [ -48.294854013451953, -21.14235010735527 ], [ -48.294704038567012, -21.142252034711262 ], [ -48.294665030341513, -21.142225619295324 ], [ -48.294632987074294, -21.142205619344526 ], [ -48.294483980471568, -21.142106256402283 ], [ -48.294452129312852, -21.142085988209182 ], [ -48.294271047638468, -21.141966643330662 ], [ -48.294090544928231, -21.141846529238261 ], [ -48.294042602592768, -21.141816357406306 ], [ -48.293964464375385, -21.141763685579335 ], [ -48.293880076170488, -21.141708325628738 ] ] } },
{ "type": "Feature", "properties": { "Field": "000", "Length": 384.45697683337005, "Image": "/home/dev4_bemagro_com/codes/input/64188/Orthomosaico.tif", "Farm": "64188" }, "geometry": { "type": "LineString", "coordinates": [ [ -48.296576296160616, -21.144141283830127 ], [ -48.296267705431781, -21.14395674068216 ], [ -48.296147054408991, -21.143882432467095 ], [ -48.296060463345384, -21.143825335211162 ], [ -48.295941134657554, -21.143749171087613 ], [ -48.295783887364109, -21.143645103693036 ], [ -48.295552547864183, -21.143498736363906 ], [ -48.295457566170256, -21.143437147029299 ], [ -48.295425070288779, -21.143417800076218 ], [ -48.295393150143262, -21.143397627196812 ], [ -48.295242914896647, -21.143299904375016 ], [ -48.295068054640304, -21.143187984438729 ], [ -48.294910928429879, -21.143083757182982 ], [ -48.294856330328713, -21.143046757765514 ], [ -48.294737566100679, -21.142969822108736 ], [ -48.294652316919148, -21.142910975321655 ], [ -48.294597124369204, -21.142874760575577 ], [ -48.294558195289412, -21.142848242393171 ], [ -48.294493570345011, -21.142809011943054 ], [ -48.294422945949876, -21.14276200081132 ], [ -48.294382642169786, -21.142737356412052 ], [ -48.294242801324266, -21.142641499865267 ], [ -48.294162842988698, -21.142591289099165 ], [ -48.29411568595409, -21.142560046666809 ], [ -48.294030346349956, -21.142501315717279 ], [ -48.293975334534579, -21.142464859992575 ], [ -48.293912270470329, -21.142423454412377 ], [ -48.29382472075212, -21.14236766009396 ], [ -48.293785705074832, -21.142341254375769 ], [ -48.293730279438812, -21.142305354662209 ], [ -48.293532009389473, -21.142170947069541 ] ] } },
{ "type": "Feature", "properties": { "Field": "000", "Length": 384.59280183875029, "Image": "/home/dev4_bemagro_com/codes/input/64188/Orthomosaico.tif", "Farm": "64188" }, "geometry": { "type": "LineString", "coordinates": [ [ -48.296586171463588, -21.144130082981221 ], [ -48.296472192565183, -21.14406263190941 ], [ -48.296351115229676, -21.143988936340453 ], [ -48.296302097388342, -21.143960324676168 ], [ -48.296149028388037, -21.143866551080933 ], [ -48.296014332433437, -21.143779487337735 ], [ -48.29596726709029, -21.143748122833504 ], [ -48.295943175611377, -21.143733206048026 ], [ -48.295793534360818, -21.143634683797927 ], [ -48.29574550352504, -21.143604635178708 ], [ -48.29563442487602, -21.143533144132995 ], [ -48.295618211725383, -21.143523419396956 ], [ -48.295531425167177, -21.143466584316883 ], [ -48.29547572400724, -21.143431061191336 ], [ -48.295403138065893, -21.143386757084599 ], [ -48.295340457841768, -21.143344841030068 ], [ -48.295300171755684, -21.143320170901148 ], [ -48.29523700853337, -21.143278897956428 ], [ -48.295188906108464, -21.143248950495504 ], [ -48.295015441167088, -21.143135135681572 ], [ -48.294991427886501, -21.143120108503531 ], [ -48.294912988383118, -21.143067831297223 ], [ -48.29486640941856, -21.143035834489208 ], [ -48.29477078297424, -21.142975130102755 ], [ -48.294670214204757, -21.142905354642476 ], [ -48.294606963158607, -21.142864200536547 ], [ -48.294560561746955, -21.142831977575181 ], [ -48.29452047962954, -21.142807016990432 ], [ -48.29447141200535, -21.142778481249209 ], [ -48.294439589557577, -21.142758173205667 ], [ -48.294353524960798, -21.14270038068894 ], [ -48.294307586736061, -21.142667578894962 ], [ -48.294252906891224, -21.142630686120178 ], [ -48.29414919344444, -21.142565087603163 ], [ -48.29412559785964, -21.142549489089152 ], [ -48.294063901789634, -21.142506307606322 ], [ -48.294016381651538, -21.142475553256126 ], [ -48.293961772616449, -21.142438568400831 ], [ -48.293859100577023, -21.14237154374992 ], [ -48.293803116638486, -21.142336414754329 ], [ -48.293756311682571, -21.142304709895754 ], [ -48.29370855136051, -21.142274284879122 ], [ -48.293631373627711, -21.142220380818678 ], [ -48.293540750978863, -21.142159458132557 ] ] } },
{ "type": "Feature", "properties": { "Field": "000", "Length": 384.68979569986607, "Image": "/home/dev4_bemagro_com/codes/input/64188/Orthomosaico.tif", "Farm": "64188" }, "geometry": { "type": "LineString", "coordinates": [ [ -48.296595793626814, -21.144119169248214 ], [ -48.296546539826906, -21.144090664200117 ], [ -48.296448964272322, -21.14403275273428 ], [ -48.296400621075335, -21.144003148029764 ], [ -48.296335257580232, -21.143965008745308 ], [ -48.296205931096658, -21.143886657295745 ], [ -48.296134430944832, -21.143840825201739 ], [ -48.296056177863505, -21.143788302055654 ], [ -48.296015980133802, -21.143763505189465 ], [ -48.295960380136769, -21.14372784266293 ], [ -48.295802886858759, -21.143624103194245 ], [ -48.295707817268621, -21.143562633189834 ], [ -48.295587488467355, -21.143487867094741 ], [ -48.295476986672078, -21.143415593684871 ], [ -48.29543635962667, -21.143391420639627 ], [ -48.295404377729753, -21.143371334032931 ], [ -48.29529309218163, -21.143300127037755 ], [ -48.295253986345635, -21.143273838562628 ], [ -48.29511071195035, -21.143182552892245 ], [ -48.294992630136278, -21.143104698049253 ], [ -48.29496163900712, -21.143083288238127 ], [ -48.294906288257081, -21.143047286513685 ], [ -48.29489088362935, -21.143036466719487 ], [ -48.294796056148662, -21.142974669080171 ], [ -48.294671135739428, -21.142890261409775 ], [ -48.294600056405891, -21.142843857593569 ], [ -48.294561026797268, -21.142817469797166 ], [ -48.294504434025008, -21.142783209874896 ], [ -48.29442492643998, -21.142732372900767 ], [ -48.294386457547745, -21.142705270150163 ], [ -48.294253210646438, -21.142616267280761 ], [ -48.294142508029445, -21.142544265945915 ], [ -48.294041181126374, -21.142475463077936 ], [ -48.293938664801964, -21.142408228926996 ], [ -48.293859066274436, -21.142357517702202 ], [ -48.293725406637726, -21.14226906170709 ], [ -48.293548663612818, -21.142149058676882 ] ] } },
{ "type": "Feature", "properties": { "Field": "000", "Length": 384.81823399511893, "Image": "/home/dev4_bemagro_com/codes/input/64188/Orthomosaico.tif", "Farm": "64188" }, "geometry": { "type": "LineString", "coordinates": [ [ -48.296606036099021, -21.144107551940429 ], [ -48.296548319988865, -21.144074585054813 ], [ -48.296483495957688, -21.144035643798226 ], [ -48.296442252894288, -21.144012406675696 ], [ -48.296361026459905, -21.143964019116471 ], [ -48.296328144924523, -21.143945254191085 ], [ -48.296215198172334, -21.143876386916226 ], [ -48.295757144650374, -21.143577317743635 ], [ -48.295660401075239, -21.143518191136231 ], [ -48.295613350327741, -21.143486807496522 ], [ -48.295573346900035, -21.143461735745564 ], [ -48.295542052705883, -21.143440717384429 ], [ -48.29545403715143, -21.143385570849969 ], [ -48.29538270622448, -21.143339507668809 ], [ -48.295318485543852, -21.143299696840163 ], [ -48.295263335842705, -21.143263424442473 ], [ -48.29511213177534, -21.143167025911904 ], [ -48.295041653505479, -21.14311982188261 ], [ -48.294907585264006, -21.143031910666711 ], [ -48.294758724286972, -21.142932354658338 ], [ -48.294656278083259, -21.142865025979336 ], [ -48.294608551538317, -21.142834554039457 ], [ -48.294553919306566, -21.142797599131491 ], [ -48.294521757659687, -21.142777766954374 ], [ -48.294442662448617, -21.142726366940014 ], [ -48.294386717773179, -21.142691182701462 ], [ -48.294301973964281, -21.142631697177983 ], [ -48.294238772523521, -21.142590476241203 ], [ -48.294206681797711, -21.142570543284432 ], [ -48.294175674260337, -21.142549154568592 ], [ -48.294002742340645, -21.142434629409539 ], [ -48.293962860651071, -21.142409388024149 ], [ -48.293876075280686, -21.142352552421873 ], [ -48.293813645751399, -21.142310309063568 ], [ -48.293773822863471, -21.142284986156088 ], [ -48.29355677865243, -21.142138393200415 ] ] } },
{ "type": "Feature", "properties": { "Field": "000", "Length": 384.07279763862977, "Image": "/home/dev4_bemagro_com/codes/input/64188/Orthomosaico.tif", "Farm": "64188" }, "geometry": { "type": "LineString", "coordinates": [ [ -48.296608011780258, -21.144093475118812 ], [ -48.296550118149348, -21.144060347902936 ], [ -48.29648542693328, -21.144021212750697 ], [ -48.296460554188819, -21.144007470665013 ], [ -48.296346011861935, -21.143940963121597 ], [ -48.29623340947726, -21.143871601305616 ], [ -48.296177772256499, -21.143835989836852 ], [ -48.296122933393676, -21.143799304676659 ], [ -48.296004272539513, -21.143722227736557 ], [ -48.295908689932588, -21.143661461851401 ], [ -48.295774884465246, -21.143573198169484 ], [ -48.295654495610364, -21.143498517184252 ], [ -48.295567599167711, -21.143441830082828 ], [ -48.29546377962744, -21.143376378454555 ], [ -48.295392632529321, -21.143330065734876 ], [ -48.295296395007597, -21.143270216974777 ], [ -48.29525732291664, -21.143243884385306 ], [ -48.295153529050467, -21.143178397167272 ], [ -48.295074495229187, -21.143126913750802 ], [ -48.294894014712852, -21.143006768254441 ], [ -48.294814882092361, -21.142955418736221 ], [ -48.294745122277199, -21.142907284733027 ], [ -48.294681469511261, -21.142866679409099 ], [ -48.294642481213984, -21.142840237905283 ], [ -48.294531987715587, -21.142767954124949 ], [ -48.294468108982954, -21.142727662430882 ], [ -48.294373192375964, -21.142665985657363 ], [ -48.294272427638035, -21.142596459801307 ], [ -48.294208682158114, -21.142555982916459 ], [ -48.294083506761844, -21.142471908941182 ], [ -48.293822912482447, -21.142301722636077 ], [ -48.293564513542954, -21.142128227346294 ] ] } },
{ "type": "Feature", "properties": { "Field": "000", "Length": 380.1968262065684, "Image": "/home/dev4_bemagro_com/codes/input/64188/Orthomosaico.tif", "Farm": "64188" }, "geometry": { "type": "LineString", "coordinates": [ [ -48.296584339398223, -21.144064201547863 ], [ -48.29651828677013, -21.144026369587579 ], [ -48.296412896880206, -21.143963164662054 ], [ -48.296347353439266, -21.143925298173535 ], [ -48.296258531852708, -21.143871300514295 ], [ -48.296163353850957, -21.143809978063736 ], [ -48.296124518590929, -21.143783338686312 ], [ -48.296076570918885, -21.143753173308998 ], [ -48.295997893610348, -21.143701211007667 ], [ -48.295965607279953, -21.143681557594046 ], [ -48.295901971159552, -21.143640928747612 ], [ -48.295775977684116, -21.143557935733856 ], [ -48.29571215115427, -21.143517570708877 ], [ -48.295647460510608, -21.143478435145646 ], [ -48.295529235674969, -21.143400771165616 ], [ -48.29546461313646, -21.143361536788696 ], [ -48.295393623194272, -21.143315012310865 ], [ -48.295305698168761, -21.14325973894416 ], [ -48.295258594525258, -21.143228425348727 ], [ -48.295123067744264, -21.143142504839492 ], [ -48.295013740507109, -21.143068676418284 ], [ -48.294934392765626, -21.143017619848628 ], [ -48.294895906191059, -21.142990539082298 ], [ -48.294824127074271, -21.14294509311512 ], [ -48.294706300920474, -21.14286689840517 ], [ -48.294620751400437, -21.14280843656492 ], [ -48.294596668025299, -21.142793508529063 ], [ -48.294557397680975, -21.142767436996788 ], [ -48.294453567294873, -21.142702001318622 ], [ -48.294374690172717, -21.142650307243528 ], [ -48.29425872321287, -21.142569703789821 ], [ -48.294170887924771, -21.142514305749192 ], [ -48.294054322004222, -21.14243446649435 ], [ -48.293966906667301, -21.142378487009527 ], [ -48.293911878795861, -21.142342052683603 ], [ -48.293871464557675, -21.142317568206021 ], [ -48.293746312824695, -21.142233463551893 ], [ -48.293706803812647, -21.142207711586096 ], [ -48.293660507479771, -21.142175356186598 ], [ -48.293572895643159, -21.142117210871735 ] ] } },
{ "type": "Feature", "properties": { "Field": "000", "Length": 379.38018226367552, "Image": "/home/dev4_bemagro_com/codes/input/64188/Orthomosaico.tif", "Farm": "64188" }, "geometry": { "type": "LineString", "coordinates": [ [ -48.296585544676681, -21.144050139965984 ], [ -48.29651980483483, -21.144011565932285 ], [ -48.296422924244048, -21.143952636590377 ], [ -48.296267799215876, -21.143861885282899 ], [ -48.296228027904348, -21.14383649042497 ], [ -48.296078651893929, -21.143737614359388 ], [ -48.295911572691807, -21.143631011004167 ], [ -48.295761743754753, -21.143532740270619 ], [ -48.295649182809889, -21.143463319816984 ], [ -48.295562166579394, -21.1434067946985 ], [ -48.295466033737725, -21.143346797959961 ], [ -48.295395102245074, -21.143300195095073 ], [ -48.295315266684739, -21.143249812052414 ], [ -48.29526031418532, -21.143213277211501 ], [ -48.29520405908314, -21.14317853100772 ], [ -48.295132425069518, -21.14313288382386 ], [ -48.294889304471944, -21.142970769284574 ], [ -48.294849883649398, -21.142944898316262 ], [ -48.294817831030592, -21.142924911332681 ], [ -48.294723976504912, -21.14286182006229 ], [ -48.294677526200907, -21.142829659152522 ], [ -48.294575274485794, -21.142762070869924 ], [ -48.294479160967043, -21.142702047612975 ], [ -48.294415641366065, -21.142661259312014 ], [ -48.294268294721491, -21.142559740493283 ], [ -48.294148767554077, -21.142483852488837 ], [ -48.294039986356836, -21.142409318327246 ], [ -48.293976511762757, -21.142368468617036 ], [ -48.293945352471781, -21.142347274957086 ], [ -48.29390501845608, -21.142322674322866 ], [ -48.293873284690882, -21.142302244666052 ], [ -48.293810897085102, -21.142259946858225 ], [ -48.293716343674866, -21.142197781512067 ], [ -48.293581877336933, -21.142105406357398 ] ] } },
{ "type": "Feature", "properties": { "Field": "000", "Length": 374.27243475317209, "Image": "/home/dev4_bemagro_com/codes/input/64188/Orthomosaico.tif", "Farm": "64188" }, "geometry": { "type": "LineString", "coordinates": [ [ -48.296552324089774, -21.144014545652176 ], [ -48.296511155892105, -21.143990218033913 ], [ -48.296430549593651, -21.143940926230599 ], [ -48.296381295272589, -21.143912674275569 ], [ -48.296267506221724, -21.143845038383645 ], [ -48.296173048846079, -21.143782743008231 ], [ -48.295966440635098, -21.143650411213546 ], [ -48.295817228385047, -21.143551318067264 ], [ -48.295761574348049, -21.143515729929984 ], [ -48.295664953780161, -21.143456426617647 ], [ -48.295554012321901, -21.143384748489812 ], [ -48.295449741405406, -21.14331993151082 ], [ -48.295378941935894, -21.143273152306644 ], [ -48.295155943392672, -21.143131328355484 ], [ -48.295101104920853, -21.143094643100184 ], [ -48.295053554433572, -21.143063929738119 ], [ -48.294991065673464, -21.143021763037293 ], [ -48.294951452337919, -21.14299615216062 ], [ -48.294897032364396, -21.142958922530298 ], [ -48.294825740177849, -21.142912806927679 ], [ -48.294739493006148, -21.142855254297384 ], [ -48.294685281821522, -21.142817757611517 ], [ -48.29460668007119, -21.142765695575225 ], [ -48.294574869636769, -21.142745370970786 ], [ -48.294542476315463, -21.142725873492662 ], [ -48.294518999406762, -21.142710118117328 ], [ -48.294431238320499, -21.142654616522137 ], [ -48.294384407153615, -21.142622945576495 ], [ -48.294346280516578, -21.142595420498349 ], [ -48.294266945709971, -21.142544346660042 ], [ -48.29420445107808, -21.142502187971591 ], [ -48.294156561896649, -21.142471941634827 ], [ -48.294087139474904, -21.142423380552238 ], [ -48.294015846825246, -21.14237726601009 ], [ -48.293961121783944, -21.142340432425627 ], [ -48.293897092841853, -21.142300351434827 ], [ -48.293811042567711, -21.142242540561174 ], [ -48.2937630738016, -21.14221240556796 ], [ -48.293590454884693, -21.1420941330041 ] ] } },
{ "type": "Feature", "properties": { "Field": "000", "Length": 371.42048857937152, "Image": "/home/dev4_bemagro_com/codes/input/64188/Orthomosaico.tif", "Farm": "64188" }, "geometry": { "type": "LineString", "coordinates": [ [ -48.296536887252955, -21.143990912707324 ], [ -48.296427967701881, -21.143923966103053 ], [ -48.296313768702227, -21.143856941048188 ], [ -48.296241524636898, -21.143812147451847 ], [ -48.29611533540622, -21.143729416354333 ], [ -48.296019479824089, -21.143669030078495 ], [ -48.295877984132943, -21.143575333772521 ], [ -48.295822025509729, -21.143540168499268 ], [ -48.295758988833327, -21.143498725456364 ], [ -48.295670715300574, -21.143443942961031 ], [ -48.295527477257473, -21.14335260678363 ], [ -48.295471373106828, -21.143317646334626 ], [ -48.295384408715861, -21.143261051180836 ], [ -48.29533630862008, -21.143231100425229 ], [ -48.295265247249318, -21.143184672116078 ], [ -48.29515367799435, -21.14311385714954 ], [ -48.294997060193431, -21.143008958661952 ], [ -48.294791930255826, -21.142874619828717 ], [ -48.294635332008703, -21.142769696060242 ], [ -48.294580079296516, -21.14273356221824 ], [ -48.294436775527018, -21.142642317992763 ], [ -48.294413304928035, -21.142626554366355 ], [ -48.294351992174072, -21.142582894941281 ], [ -48.294193445990651, -21.142480578786245 ], [ -48.294037568599983, -21.142374715167279 ], [ -48.293990094701591, -21.142343898086892 ], [ -48.293918097228463, -21.142298757675761 ], [ -48.293768753081963, -21.142199841787917 ], [ -48.293660076406525, -21.142125173871396 ], [ -48.293598195040545, -21.142083960221456 ] ] } },
{ "type": "Feature", "properties": { "Field": "000", "Length": 364.19488138272635, "Image": "/home/dev4_bemagro_com/codes/input/64188/Orthomosaico.tif", "Farm": "64188" }, "geometry": { "type": "LineString", "coordinates": [ [ -48.296487580742138, -21.14394312015871 ], [ -48.296439184460198, -21.143913756361915 ], [ -48.296398051240054, -21.143890348563858 ], [ -48.296365838487716, -21.143870589097197 ], [ -48.296324829575269, -21.143846990141299 ], [ -48.296268327756543, -21.143812597636302 ], [ -48.296086866946396, -21.143693757393972 ], [ -48.296014794473066, -21.143648721308551 ], [ -48.295928819582507, -21.143590810534597 ], [ -48.295889047069146, -21.143565417452113 ], [ -48.295810396116302, -21.143513420199092 ], [ -48.295730385714911, -21.143463281645769 ], [ -48.295673886293102, -21.143428885934412 ], [ -48.295506190915013, -21.143323138114525 ], [ -48.295387646544135, -21.14324590419815 ], [ -48.295339492326718, -21.143216030088855 ], [ -48.295196333405968, -21.143124585167062 ], [ -48.295070257233697, -21.143041703466512 ], [ -48.294992854189694, -21.142988083846774 ], [ -48.294905433243592, -21.142932111508543 ], [ -48.294842812539635, -21.142890117522686 ], [ -48.294771763789008, -21.142843672485988 ], [ -48.294709314917363, -21.142801453951822 ], [ -48.294661637846552, -21.142770913947466 ], [ -48.294583126648199, -21.142718731829245 ], [ -48.294431907889624, -21.142622354492065 ], [ -48.294386133145096, -21.142589352187088 ], [ -48.294347334314239, -21.142562666633999 ], [ -48.294283775234589, -21.142521932589787 ], [ -48.294227509623077, -21.142487201817271 ], [ -48.294150626699654, -21.142432928038229 ], [ -48.293985605656786, -21.142323541875079 ], [ -48.293921025220307, -21.142284247352528 ], [ -48.293874361100926, -21.142252360314316 ], [ -48.293756288478811, -21.142174494390581 ], [ -48.29367128278011, -21.14211533910424 ], [ -48.293631539496062, -21.142089906444351 ], [ -48.293606986532893, -21.142072405679077 ] ] } },
{ "type": "Feature", "properties": { "Field": "000", "Length": 380.87960639209808, "Image": "/home/dev4_bemagro_com/codes/input/64188/Orthomosaico.tif", "Farm": "64188" }, "geometry": { "type": "LineString", "coordinates": [ [ -48.296411481022425, -21.14430018665697 ], [ -48.29637848156807, -21.144281309741729 ], [ -48.296281156592066, -21.144223028190574 ], [ -48.296142579997998, -21.144141500031935 ], [ -48.296014123204998, -21.144061899198043 ], [ -48.295840938698987, -21.143947707672464 ], [ -48.295738010173999, -21.143881028467661 ], [ -48.295652054485892, -21.143823092471429 ], [ -48.295547825286647, -21.143758216019283 ], [ -48.295404424666543, -21.143667104252131 ], [ -48.295278167775173, -21.143584464375888 ], [ -48.295229692968739, -21.143555049981121 ], [ -48.295174196253846, -21.143519246315449 ], [ -48.295125141035811, -21.143490691405855 ], [ -48.295030014818394, -21.143429298762516 ], [ -48.294997934128617, -21.143409351300761 ], [ -48.29486398573588, -21.143321279101176 ], [ -48.294715136276949, -21.143221707567928 ], [ -48.294611904902872, -21.143155442548949 ], [ -48.294549845824697, -21.143112720981815 ], [ -48.294456015123536, -21.143049598412333 ], [ -48.294408727614694, -21.143018529821205 ], [ -48.294328692447607, -21.142968426604636 ], [ -48.294297252195484, -21.142947601163517 ], [ -48.294233543997251, -21.142907072442174 ], [ -48.294202200534045, -21.142886119007031 ], [ -48.294140393636305, -21.142843077059396 ], [ -48.294100501521712, -21.142817850017924 ], [ -48.294005759701655, -21.142755937144877 ], [ -48.293912593975307, -21.142691953904244 ], [ -48.293857756960044, -21.142655267041775 ], [ -48.29380213835973, -21.142619630794854 ], [ -48.29377087571492, -21.142598571460979 ], [ -48.293691293638901, -21.142547837395782 ], [ -48.293652329038757, -21.14252136532826 ], [ -48.293596858787424, -21.142485526235518 ], [ -48.293432879892237, -21.142374769343178 ], [ -48.29339599535804, -21.142347764092399 ] ] } },
{ "type": "Feature", "properties": { "Field": "000", "Length": 381.09417646859816, "Image": "/home/dev4_bemagro_com/codes/input/64188/Orthomosaico.tif", "Farm": "64188" }, "geometry": { "type": "LineString", "coordinates": [ [ -48.296421232833737, -21.144291284540266 ], [ -48.296251032185374, -21.144188879105929 ], [ -48.296193528155435, -21.144155980825005 ], [ -48.296064404327964, -21.144077335543905 ], [ -48.295976951791253, -21.14402140564469 ], [ -48.295906688630993, -21.143973919606889 ], [ -48.29583474434871, -21.143928703318025 ], [ -48.295670147284532, -21.143818753804478 ], [ -48.295590585473732, -21.143767990658798 ], [ -48.295510265407799, -21.143718289608454 ], [ -48.295423220067995, -21.14366180376663 ], [ -48.295279166490019, -21.143571603258845 ], [ -48.295200130641007, -21.143520122287619 ], [ -48.295135494057782, -21.143480908234775 ], [ -48.295087683986864, -21.14345055144895 ], [ -48.295032783429363, -21.143413947864886 ], [ -48.294969159975544, -21.143373301805774 ], [ -48.294914360072376, -21.143336565759231 ], [ -48.294858521142721, -21.143301233628922 ], [ -48.294773417635461, -21.143242201303085 ], [ -48.29473398293154, -21.143216348871675 ], [ -48.294670155914048, -21.143175984825028 ], [ -48.294607188187108, -21.143134449940696 ], [ -48.294529329778598, -21.14308141373321 ], [ -48.294403702288164, -21.14299793472307 ], [ -48.294347630701971, -21.142962928602824 ], [ -48.294308395160442, -21.142936810949067 ], [ -48.29421329224914, -21.142875387126349 ], [ -48.294158916589296, -21.142838100665731 ], [ -48.294008774240467, -21.142740253291386 ], [ -48.293954516595988, -21.142702815904936 ], [ -48.293868368221808, -21.14264513345411 ], [ -48.293812741386994, -21.14260950852545 ], [ -48.29378152043985, -21.142588394819924 ], [ -48.293709884228946, -21.142542751209263 ], [ -48.29366310303898, -21.142511015416716 ], [ -48.293631153877442, -21.14249088335772 ], [ -48.293529553432833, -21.142422436570694 ], [ -48.293489731965025, -21.142397111672974 ], [ -48.293443322669155, -21.142364898963077 ], [ -48.293404985478006, -21.142336455154169 ] ] } },
{ "type": "Feature", "properties": { "Field": "000", "Length": 381.36549481602987, "Image": "/home/dev4_bemagro_com/codes/input/64188/Orthomosaico.tif", "Farm": "64188" }, "geometry": { "type": "LineString", "coordinates": [ [ -48.29643232304209, -21.144281160641565 ], [ -48.296391908468742, -21.144256423076143 ], [ -48.296350716740839, -21.144233105861446 ], [ -48.296269874377217, -21.144184155321788 ], [ -48.296196340105844, -21.144141249021221 ], [ -48.296164402287673, -21.144121100524181 ], [ -48.296123701395594, -21.144097036733001 ], [ -48.296067427705921, -21.144062316484519 ], [ -48.29601973014924, -21.144031804000342 ], [ -48.295941353954902, -21.143979442545934 ], [ -48.295837919159702, -21.143913456398376 ], [ -48.295680870017847, -21.143809125781232 ], [ -48.295593216453568, -21.143753473800945 ], [ -48.295496636485311, -21.143694112116044 ], [ -48.295457248194218, -21.143668197286008 ], [ -48.295385455582256, -21.143622769573604 ], [ -48.29532248225032, -21.143581241853621 ], [ -48.295281997585505, -21.143556859418236 ], [ -48.2952110256455, -21.143510310668329 ], [ -48.295138593894578, -21.143465784989495 ], [ -48.295090844857164, -21.143435343780677 ], [ -48.295035833516032, -21.143398886887091 ], [ -48.295019676184531, -21.143389080762397 ], [ -48.294932978617339, -21.143332126449724 ], [ -48.294908940731986, -21.143317133892619 ], [ -48.294838308669753, -21.143270132541293 ], [ -48.294791730825338, -21.143238134222596 ], [ -48.294697262608388, -21.143175854028648 ], [ -48.294641584057302, -21.143140299938189 ], [ -48.294556021924777, -21.143081854152271 ], [ -48.294476961376859, -21.143030407002314 ], [ -48.294414240678023, -21.14298854454805 ], [ -48.294350405855823, -21.142948191530532 ], [ -48.294231700975018, -21.142871175497554 ], [ -48.294123195483216, -21.142796288095731 ], [ -48.294043616613173, -21.142745549418866 ], [ -48.293980484651684, -21.142704234840089 ], [ -48.293847550197157, -21.142614821781411 ], [ -48.293720783399237, -21.142532873309875 ], [ -48.293579126613444, -21.142439393384905 ], [ -48.293477327030338, -21.14237120756718 ], [ -48.29341362253664, -21.142325277400975 ] ] } },
{ "type": "Feature", "properties": { "Field": "000", "Length": 318.94975362024866, "Image": "/home/dev4_bemagro_com/codes/input/64188/Orthomosaico.tif", "Farm": "64188" }, "geometry": { "type": "LineString", "coordinates": [ [ -48.296198287247165, -21.143618624398492 ], [ -48.296128737924178, -21.143572158288283 ], [ -48.296041231841016, -21.14351630264354 ], [ -48.29596279035777, -21.14346402774531 ], [ -48.295867176424423, -21.143403305589086 ], [ -48.295786858665672, -21.143353601536091 ], [ -48.295652280789355, -21.143266378023544 ], [ -48.295572310633304, -21.14321618324086 ], [ -48.295270166399042, -21.143023022546107 ], [ -48.295151633131887, -21.142945774013732 ], [ -48.295073648785021, -21.142892901039978 ], [ -48.294876525431299, -21.142763572256825 ], [ -48.294775029541491, -21.142694988703372 ], [ -48.294687831843568, -21.142638711062386 ], [ -48.294640890968246, -21.142607183453141 ], [ -48.294568905936941, -21.142562025557581 ], [ -48.294522143162681, -21.142530266085831 ], [ -48.294490202020576, -21.142510123027836 ], [ -48.294428287449875, -21.14246721805215 ], [ -48.294293863920927, -21.142379786752155 ], [ -48.294153575179237, -21.142284508501209 ], [ -48.29409004239622, -21.14224373868424 ], [ -48.29403503419757, -21.14220727832781 ], [ -48.293931378285656, -21.142141600359441 ], [ -48.29392351926419, -21.142136392677198 ], [ -48.293907846797204, -21.142125917050471 ], [ -48.293861732492026, -21.142093333809225 ], [ -48.293791439059262, -21.142045888707589 ], [ -48.293751916929807, -21.142020154587829 ], [ -48.293681713711294, -21.141971431793323 ] ] } },
{ "type": "Feature", "properties": { "Field": "000", "Length": 307.46197157074585, "Image": "/home/dev4_bemagro_com/codes/input/64188/Orthomosaico.tif", "Farm": "64188" }, "geometry": { "type": "LineString", "coordinates": [ [ -48.296125010528741, -21.143535599084277 ], [ -48.296037267080322, -21.14347959783715 ], [ -48.295967167968676, -21.14343189921188 ], [ -48.295830494542429, -21.143347592031411 ], [ -48.295774665519943, -21.143312246044328 ], [ -48.295711557729184, -21.143270898499047 ], [ -48.295679475300325, -21.143250953515032 ], [ -48.295585035558943, -21.14318863519232 ], [ -48.295505518307671, -21.143137811105031 ], [ -48.295448930504328, -21.143103543704406 ], [ -48.295401031494293, -21.143073310713245 ], [ -48.295226768916208, -21.142960573631008 ], [ -48.295147986793403, -21.142908751941324 ], [ -48.295054102681085, -21.142845699395043 ], [ -48.294951128891718, -21.142779082875073 ], [ -48.294880476936157, -21.142732108177572 ], [ -48.294801099901363, -21.14268109195849 ], [ -48.294746444328098, -21.142644167497892 ], [ -48.29468307238335, -21.142603177557685 ], [ -48.294573326418494, -21.14252989854538 ], [ -48.294509566002738, -21.142489442381933 ], [ -48.294384320040798, -21.142405460972334 ], [ -48.294132045047917, -21.142239863930016 ], [ -48.294069318110338, -21.142198010171043 ], [ -48.294038406008241, -21.142176500319493 ], [ -48.294006346627739, -21.142156523153453 ], [ -48.293935510299427, -21.142109793966323 ], [ -48.293871896358617, -21.14206913566872 ], [ -48.293809368221339, -21.142027021022752 ], [ -48.293739724164844, -21.14197874035731 ], [ -48.293698441922665, -21.141948661781743 ] ] } },
{ "type": "Feature", "properties": { "Field": "000", "Length": 305.53849263717353, "Image": "/home/dev4_bemagro_com/codes/input/64188/Orthomosaico.tif", "Farm": "64188" }, "geometry": { "type": "LineString", "coordinates": [ [ -48.296118200526315, -21.143514164324994 ], [ -48.296039485355479, -21.143462155923473 ], [ -48.295904144466967, -21.143375977463215 ], [ -48.295799381478716, -21.143311862586412 ], [ -48.295515285501402, -21.143125947940668 ], [ -48.295402676000037, -21.14305659730789 ], [ -48.295363791071722, -21.143030022068146 ], [ -48.295292823395322, -21.142983467923756 ], [ -48.295181543591099, -21.142912253442788 ], [ -48.295095921877888, -21.142853884604143 ], [ -48.29504791200425, -21.142823806916606 ], [ -48.294953951469672, -21.142760854725264 ], [ -48.294857627993295, -21.142701128372597 ], [ -48.294825948060961, -21.142680625160992 ], [ -48.294740000210744, -21.142622679941887 ], [ -48.294660682766391, -21.14257158231004 ], [ -48.294551288959468, -21.142497841343832 ], [ -48.294479881152306, -21.142451883791633 ], [ -48.294386589253193, -21.142388062743322 ], [ -48.294346648679316, -21.142362903432602 ], [ -48.294220053676348, -21.142280721752961 ], [ -48.294157483230805, -21.142238662301725 ], [ -48.294117594903042, -21.142213430213598 ], [ -48.294047370624668, -21.142165894869134 ], [ -48.293936912163531, -21.142093564736328 ], [ -48.293856917914709, -21.142043404788318 ], [ -48.293755566053747, -21.141974634762292 ], [ -48.293705975818632, -21.141938406832988 ] ] } },
{ "type": "Feature", "properties": { "Field": "000", "Length": 294.46817250134507, "Image": "/home/dev4_bemagro_com/codes/input/64188/Orthomosaico.tif", "Farm": "64188" }, "geometry": { "type": "LineString", "coordinates": [ [ -48.293713536604777, -21.141928115280059 ], [ -48.293845477990786, -21.142018046939093 ], [ -48.293853339984977, -21.142023250661815 ], [ -48.293940678876837, -21.142079334768969 ], [ -48.293987672759918, -21.142110791375011 ], [ -48.294043097084945, -21.142146692195972 ], [ -48.294105696995175, -21.142188712692601 ], [ -48.294208312592964, -21.142255813244262 ], [ -48.29423946072702, -21.142277019245917 ], [ -48.294310945477378, -21.1423228702768 ], [ -48.29438916317973, -21.142375438409157 ], [ -48.294719945140713, -21.142593225566475 ], [ -48.29480587836364, -21.142651189595153 ], [ -48.294813759753467, -21.142656367485817 ], [ -48.294869436961498, -21.142691923193368 ], [ -48.294941684028274, -21.142736711223687 ], [ -48.294949631172138, -21.14274179989728 ], [ -48.295098947529127, -21.142840753672775 ], [ -48.295146747734172, -21.142871123069266 ], [ -48.295154617427322, -21.142876316613641 ], [ -48.295208976012425, -21.142913624454877 ], [ -48.295295541347755, -21.142970755156831 ], [ -48.295390433244911, -21.143032465068387 ], [ -48.295542590582777, -21.143127533556825 ], [ -48.295613768340864, -21.143173804091322 ], [ -48.295691945319128, -21.14322642567917 ], [ -48.29574743484163, -21.143262239048525 ], [ -48.295795515337474, -21.143292216551774 ], [ -48.295835162213812, -21.143317781863665 ], [ -48.295843168439802, -21.143322788416043 ], [ -48.295932024496544, -21.143376734775543 ], [ -48.296039739478289, -21.143445132910688 ] ] } },
{ "type": "Feature", "properties": { "Field": "000", "Length": 292.9593532315364, "Image": "/home/dev4_bemagro_com/codes/input/64188/Orthomosaico.tif", "Farm": "64188" }, "geometry": { "type": "LineString", "coordinates": [ [ -48.296036650371519, -21.143425053718101 ], [ -48.295917082529805, -21.143348429204305 ], [ -48.295835245178694, -21.143300956878413 ], [ -48.295787757229782, -21.143270158335334 ], [ -48.29573167978343, -21.143235160220268 ], [ -48.295605686440169, -21.143152167516529 ], [ -48.295517248898598, -21.143097618640134 ], [ -48.295453510626089, -21.143057131355874 ], [ -48.295264164960209, -21.142933119280912 ], [ -48.295208285751343, -21.142897843422897 ], [ -48.295012514120941, -21.142766719881056 ], [ -48.294940361587948, -21.142721797507502 ], [ -48.294853878342771, -21.14266455765215 ], [ -48.29479022591029, -21.142623952000374 ], [ -48.294719279789156, -21.14257736926545 ], [ -48.29465741957388, -21.142534394900498 ], [ -48.294593395803361, -21.142494306457483 ], [ -48.294546906001706, -21.142462195970658 ], [ -48.294475437889936, -21.14241632101972 ], [ -48.294389348665199, -21.142358561049356 ], [ -48.294335049166754, -21.142321177256413 ], [ -48.294231592159754, -21.142255223585636 ], [ -48.294145865600356, -21.142196990953607 ], [ -48.294058350084967, -21.142141149580841 ], [ -48.293987502216382, -21.142094435798828 ], [ -48.293949043147826, -21.142067321008316 ], [ -48.293901190286185, -21.142037024331611 ], [ -48.293784345568959, -21.141957545094751 ], [ -48.293721263036048, -21.141917598253112 ] ] } },
{ "type": "Feature", "properties": { "Field": "000", "Length": 286.08174647848938, "Image": "/home/dev4_bemagro_com/codes/input/64188/Orthomosaico.tif", "Farm": "64188" }, "geometry": { "type": "LineString", "coordinates": [ [ -48.295990014264362, -21.143379283834797 ], [ -48.295942089835492, -21.143349466366882 ], [ -48.295836507568303, -21.143286545449463 ], [ -48.295788443245861, -21.1432565441478 ], [ -48.295740854311184, -21.14322588312298 ], [ -48.295646830689968, -21.143163013462974 ], [ -48.295566472280932, -21.143113367447913 ], [ -48.295487161711911, -21.143062259974442 ], [ -48.295454739364502, -21.143042804860571 ], [ -48.295367282765596, -21.142986881460747 ], [ -48.295320018044798, -21.142955782329889 ], [ -48.295281161029116, -21.142929171219471 ], [ -48.295217964632009, -21.142887943218774 ], [ -48.295171451351763, -21.142855862474427 ], [ -48.295100254681437, -21.142809617217161 ], [ -48.295022099404143, -21.142756966877656 ], [ -48.294965586763915, -21.142722590729012 ], [ -48.294925981034659, -21.142696969609826 ], [ -48.294879499414535, -21.142664848598297 ], [ -48.294799637053934, -21.142614503485092 ], [ -48.294752164960521, -21.142583683802275 ], [ -48.294658354166188, -21.142520535602596 ], [ -48.294594931165236, -21.142479615301873 ], [ -48.294493547258924, -21.142410886372403 ], [ -48.294406578017437, -21.142354298613736 ], [ -48.294336502295259, -21.142306570592172 ], [ -48.294296536869759, -21.142281446072811 ], [ -48.294194415519783, -21.142213685091104 ], [ -48.294044055225307, -21.142116133556975 ], [ -48.294020778366374, -21.142100119207733 ], [ -48.293996865467307, -21.142084952063215 ], [ -48.293926273517592, -21.142037898561643 ], [ -48.293854948464769, -21.141991828407605 ], [ -48.293785685347558, -21.141943067830763 ], [ -48.293728942591343, -21.141907296772981 ] ] } },
{ "type": "Feature", "properties": { "Field": "000", "Length": 284.29456760542593, "Image": "/home/dev4_bemagro_com/codes/input/64188/Orthomosaico.tif", "Farm": "64188" }, "geometry": { "type": "LineString", "coordinates": [ [ -48.29598564207884, -21.143359123203268 ], [ -48.295928611757368, -21.143324723513761 ], [ -48.295895822899517, -21.143305816635127 ], [ -48.295767107031516, -21.14322658606519 ], [ -48.295672406694671, -21.143164616784372 ], [ -48.295560232267711, -21.143094648263336 ], [ -48.295464768824274, -21.143033718347731 ], [ -48.295346377127856, -21.142956278908418 ], [ -48.295243253389913, -21.142889866704675 ], [ -48.295032216129911, -21.142747734234096 ], [ -48.294944500593665, -21.14269216920351 ], [ -48.294865288251614, -21.14264092820304 ], [ -48.294786724473575, -21.142588815848658 ], [ -48.294715306661914, -21.14254287189722 ], [ -48.294519137277426, -21.142412273360065 ], [ -48.294479287902334, -21.142386987073756 ], [ -48.29433860266473, -21.142292224635376 ], [ -48.294259414235, -21.142240951472377 ], [ -48.294188923302244, -21.142193764746054 ], [ -48.294109542544291, -21.142142754096231 ], [ -48.29403897532697, -21.142095667907096 ], [ -48.294007118000088, -21.142075408271754 ], [ -48.293975982017784, -21.142054184560521 ], [ -48.29392048917353, -21.142018376474045 ], [ -48.29378756938862, -21.141928945029612 ], [ -48.293738202390387, -21.141896761184466 ] ] } },
{ "type": "Feature", "properties": { "Field": "000", "Length": 360.6437153133549, "Image": "/home/dev4_bemagro_com/codes/input/64188/Orthomosaico.tif", "Farm": "64188" }, "geometry": { "type": "LineString", "coordinates": [ [ -48.296466551825617, -21.143916022408096 ], [ -48.296402980412488, -21.143878622332995 ], [ -48.296322095957805, -21.143829733300219 ], [ -48.296274068173652, -21.1437996802632 ], [ -48.296187519450193, -21.14374252658363 ], [ -48.296044151829832, -21.14365136900858 ], [ -48.295950050827749, -21.14358860093288 ], [ -48.295799546356562, -21.143491243016577 ], [ -48.295751611708326, -21.143461059581107 ], [ -48.295711089641898, -21.143436731911233 ], [ -48.295647804608777, -21.143395623418158 ], [ -48.295544268684885, -21.14332977760672 ], [ -48.295495940479768, -21.14330015175759 ], [ -48.295393094252219, -21.14323336153695 ], [ -48.295336957793111, -21.143198446838124 ], [ -48.295217747108907, -21.143122121063254 ], [ -48.295115028727515, -21.143055158116731 ], [ -48.295021792445809, -21.14299126500903 ], [ -48.294958302936273, -21.142950435276781 ], [ -48.29490355458428, -21.142913631845889 ], [ -48.294863803292067, -21.142888209841015 ], [ -48.294660045780084, -21.142752045412024 ], [ -48.294596753771216, -21.14271094686028 ], [ -48.294453392541435, -21.142619782138613 ], [ -48.294368100433665, -21.14256099041069 ], [ -48.29432112792805, -21.142529504267092 ], [ -48.294273560874359, -21.142498813789373 ], [ -48.29424136163361, -21.14247903547956 ], [ -48.294209876333085, -21.142458270166138 ], [ -48.294124964088219, -21.1423989966097 ], [ -48.294069979761368, -21.142362504446485 ], [ -48.293966954309965, -21.14229595886594 ], [ -48.293926847072029, -21.142271034059423 ], [ -48.293879849595527, -21.142239580878236 ], [ -48.293824409167541, -21.14220370131655 ], [ -48.293761734253692, -21.142161779066424 ], [ -48.293668656060852, -21.142097684301095 ], [ -48.293645027029513, -21.142082130526749 ], [ -48.29361547188239, -21.142061253493857 ] ] } },
{ "type": "Feature", "properties": { "Field": "000", "Length": 354.55482510130906, "Image": "/home/dev4_bemagro_com/codes/input/64188/Orthomosaico.tif", "Farm": "64188" }, "geometry": { "type": "LineString", "coordinates": [ [ -48.29642556853554, -21.143875496883489 ], [ -48.296320148312333, -21.143811754257353 ], [ -48.296248483943252, -21.143766148492528 ], [ -48.296138083784605, -21.143693738126625 ], [ -48.296034506070036, -21.143627949826996 ], [ -48.295964016841502, -21.143580759823607 ], [ -48.295900526113641, -21.143539931330093 ], [ -48.295845651581793, -21.143503293307671 ], [ -48.295725079986717, -21.143428872309372 ], [ -48.295654253976245, -21.143382128382441 ], [ -48.295510341593982, -21.143291730055019 ], [ -48.295463067829949, -21.143260642885689 ], [ -48.295406914338962, -21.143225752280067 ], [ -48.295367446085116, -21.143199944918432 ], [ -48.295279475259832, -21.143144735825341 ], [ -48.295160600696292, -21.143067950111718 ], [ -48.295058285203503, -21.143000446541866 ], [ -48.295019611461903, -21.142973601481145 ], [ -48.29488555508982, -21.142885674515696 ], [ -48.294846767579429, -21.142858974356983 ], [ -48.294799366586986, -21.142828058398436 ], [ -48.294744703049652, -21.142791144245702 ], [ -48.294672848458106, -21.142745803522523 ], [ -48.294633875671458, -21.142719341942495 ], [ -48.294514946587036, -21.142642631141484 ], [ -48.294287664680901, -21.14249077437994 ], [ -48.294168726027465, -21.142414076944998 ], [ -48.294028688052364, -21.142318474455109 ], [ -48.293932970148916, -21.142257897819952 ], [ -48.293846354314717, -21.142200835170879 ], [ -48.293736604472507, -21.142127561789525 ], [ -48.293624099322578, -21.142049854946148 ] ] } },
{ "type": "Feature", "properties": { "Field": "000", "Length": 349.22944677109712, "Image": "/home/dev4_bemagro_com/codes/input/64188/Orthomosaico.tif", "Farm": "64188" }, "geometry": { "type": "LineString", "coordinates": [ [ -48.296390785328143, -21.143838240206268 ], [ -48.296225396077034, -21.143735175468343 ], [ -48.296003453116938, -21.143591900387214 ], [ -48.295925299367518, -21.143539247418115 ], [ -48.295869493597351, -21.143503869021327 ], [ -48.295806634940277, -21.14346218869532 ], [ -48.295718140770894, -21.143407720419134 ], [ -48.295655207040205, -21.143366139986572 ], [ -48.29550339245624, -21.143270589476533 ], [ -48.29545597197545, -21.14323969961184 ], [ -48.295415625737299, -21.143215116186251 ], [ -48.295360534481681, -21.14317876573789 ], [ -48.295280649751732, -21.14312845143057 ], [ -48.295177628033642, -21.14306189986501 ], [ -48.295130747595067, -21.143030292925779 ], [ -48.2950989125479, -21.143010002165155 ], [ -48.295020405403726, -21.142957814463735 ], [ -48.294950130882512, -21.142910343969866 ], [ -48.294870889996346, -21.142859141669742 ], [ -48.294776776111782, -21.142796391410222 ], [ -48.294578977515854, -21.142667973423858 ], [ -48.294492684998289, -21.142610480865709 ], [ -48.294444861221841, -21.142580143516689 ], [ -48.294280705919149, -21.142469616523279 ], [ -48.294216775225976, -21.142429397629648 ], [ -48.29416249604553, -21.1423919878569 ], [ -48.294099258025227, -21.142350816475787 ], [ -48.294037227825072, -21.142308058482428 ], [ -48.293949942020944, -21.142251901486539 ], [ -48.293808085730376, -21.142158688523843 ], [ -48.293659459587275, -21.142058825560667 ], [ -48.293631944725384, -21.142039176001994 ] ] } },
{ "type": "Feature", "properties": { "Field": "000", "Length": 346.39404530737653, "Image": "/home/dev4_bemagro_com/codes/input/64188/Orthomosaico.tif", "Farm": "64188" }, "geometry": { "type": "LineString", "coordinates": [ [ -48.296376590531423, -21.14381220186478 ], [ -48.296296707429377, -21.143761452319666 ], [ -48.296231891677657, -21.143722499158407 ], [ -48.296192293784678, -21.143696866949181 ], [ -48.296143946333601, -21.143667268533758 ], [ -48.296024341203911, -21.143591487161192 ], [ -48.295946717001947, -21.143538149199983 ], [ -48.29589902424209, -21.143507630355199 ], [ -48.295829067331717, -21.143459748335836 ], [ -48.295709009902822, -21.143384599359052 ], [ -48.295670115967319, -21.143358035596098 ], [ -48.295567722430995, -21.143290635917413 ], [ -48.295414580594148, -21.143196968197099 ], [ -48.295343670326574, -21.143150337012472 ], [ -48.295224282234614, -21.143074255733769 ], [ -48.295193264023538, -21.143052880465802 ], [ -48.295113576987028, -21.143002291110651 ], [ -48.295035104958629, -21.142950056950877 ], [ -48.294988622974898, -21.142917936295362 ], [ -48.294916966098405, -21.142872320900018 ], [ -48.294767866087511, -21.142773080422192 ], [ -48.294664446224608, -21.142707075003724 ], [ -48.294586610095649, -21.142654010301996 ], [ -48.294522893766839, -21.142613492977521 ], [ -48.294468163471933, -21.142576666111463 ], [ -48.294396879995418, -21.142530538951576 ], [ -48.294217459449129, -21.142409005305566 ], [ -48.294113847804489, -21.14234326556906 ], [ -48.294020443317265, -21.142279589760076 ], [ -48.293956651373868, -21.14223917756339 ], [ -48.293885939917317, -21.14219228216886 ], [ -48.293839322211447, -21.142160335474305 ], [ -48.293807334764544, -21.142140257090627 ], [ -48.293728503695554, -21.142088501693259 ], [ -48.293658044963735, -21.142041272805024 ], [ -48.293639826065537, -21.142028448138806 ] ] } },
{ "type": "Feature", "properties": { "Field": "000", "Length": 338.55029483824217, "Image": "/home/dev4_bemagro_com/codes/input/64188/Orthomosaico.tif", "Farm": "64188" }, "geometry": { "type": "LineString", "coordinates": [ [ -48.296321509301592, -21.143762582664959 ], [ -48.296107249146075, -21.143628072436101 ], [ -48.296067434280168, -21.143602738685789 ], [ -48.296043898755606, -21.143587061105894 ], [ -48.296011996264319, -21.143566865567333 ], [ -48.296004104149453, -21.143561702483396 ], [ -48.295879165225323, -21.143477318650366 ], [ -48.295839555964257, -21.143451703444093 ], [ -48.295800297967986, -21.143425615896881 ], [ -48.295784327072944, -21.143415545533024 ], [ -48.295720065500049, -21.143375792758011 ], [ -48.295704126339032, -21.143365678214185 ], [ -48.295649021067639, -21.143329346799842 ], [ -48.295610098262223, -21.143302822409598 ], [ -48.295578441467235, -21.143282287894952 ], [ -48.295498305029149, -21.14323232783488 ], [ -48.295417415550673, -21.143183448078542 ], [ -48.295401556372759, -21.14317322394491 ], [ -48.295307023995974, -21.143111030208168 ], [ -48.295155927094122, -21.143014484531449 ], [ -48.295140231806087, -21.143004039370265 ], [ -48.294983976159443, -21.142898666985516 ], [ -48.294928626954629, -21.142862663970305 ], [ -48.294897328707215, -21.142841652043685 ], [ -48.294849524732399, -21.142811290652112 ], [ -48.294739726163414, -21.14273808111253 ], [ -48.294652386245602, -21.142681998730886 ], [ -48.294589850376603, -21.14263989564618 ], [ -48.294581905437333, -21.142634804613003 ], [ -48.294549771573664, -21.142614933142635 ], [ -48.29454181133093, -21.142609863598782 ], [ -48.294518464986368, -21.142593940893555 ], [ -48.29447917983839, -21.142567889203637 ], [ -48.294423700001992, -21.14253206520975 ], [ -48.294165179762579, -21.14235911707673 ], [ -48.294149433639149, -21.142348739408781 ], [ -48.294078119011637, -21.142302655499403 ], [ -48.294016003129975, -21.142260010591265 ], [ -48.29400804862091, -21.142254933508347 ], [ -48.293967666897316, -21.142230403250423 ], [ -48.293959716885972, -21.14222531926935 ], [ -48.293802739566082, -21.142120896591667 ], [ -48.293732446289404, -21.142073451660352 ], [ -48.293676886637137, -21.142037736790446 ], [ -48.293669076854336, -21.142032464969109 ], [ -48.293647801122773, -21.142017592708346 ] ] } },
{ "type": "Feature", "properties": { "Field": "000", "Length": 337.52532283953565, "Image": "/home/dev4_bemagro_com/codes/input/64188/Orthomosaico.tif", "Farm": "64188" }, "geometry": { "type": "LineString", "coordinates": [ [ -48.296321000254345, -21.143746802199203 ], [ -48.296288363131289, -21.143726388020823 ], [ -48.296202026182698, -21.14366895318388 ], [ -48.296073208072627, -21.143589868489368 ], [ -48.29604989398171, -21.1435739015179 ], [ -48.295931319401149, -21.143496708065818 ], [ -48.295876804407584, -21.143459600677406 ], [ -48.295836749115857, -21.143434601906531 ], [ -48.295804047574364, -21.143415562364702 ], [ -48.295637989354546, -21.14330756463653 ], [ -48.2955179616404, -21.143232374100286 ], [ -48.295470955298249, -21.143200932077892 ], [ -48.295398470143333, -21.143156483140256 ], [ -48.295288340878024, -21.1430837113538 ], [ -48.295152919661398, -21.142997644650254 ], [ -48.29495786034699, -21.142865589936893 ], [ -48.294823354846372, -21.142778268884296 ], [ -48.294714608692047, -21.142703689351379 ], [ -48.294667268142874, -21.142672692062849 ], [ -48.294578988036157, -21.142617919724248 ], [ -48.294523898253026, -21.142581567670881 ], [ -48.294483937447453, -21.14255643657107 ], [ -48.294374960941283, -21.142482153820882 ], [ -48.294240690769463, -21.142394515165197 ], [ -48.294132191359523, -21.142319620446425 ], [ -48.294052149065564, -21.142269527808896 ], [ -48.293973270166404, -21.142217836471676 ], [ -48.293910974750744, -21.14217541927923 ], [ -48.293816270407774, -21.142113456534062 ], [ -48.293785418753657, -21.142091870467244 ], [ -48.293656593810461, -21.142005624339092 ] ] } },
{ "type": "Feature", "properties": { "Field": "000", "Length": 328.81364447297807, "Image": "/home/dev4_bemagro_com/codes/input/64188/Orthomosaico.tif", "Farm": "64188" }, "geometry": { "type": "LineString", "coordinates": [ [ -48.293664431825533, -21.141994955442236 ], [ -48.293734679333099, -21.14204168430641 ], [ -48.293875004280665, -21.142136915246738 ], [ -48.293930491977676, -21.142172730335346 ], [ -48.293985123435505, -21.142209685753116 ], [ -48.294049006855552, -21.142249970521224 ], [ -48.294191300255555, -21.14234259523251 ], [ -48.294276177579746, -21.142401912571348 ], [ -48.294363282404674, -21.142458316443211 ], [ -48.294472526184066, -21.142532252786534 ], [ -48.294598996169348, -21.1426146040126 ], [ -48.294678737629873, -21.142665117467171 ], [ -48.294765727965583, -21.14272167680987 ], [ -48.294843069764205, -21.142775373794116 ], [ -48.294969812140089, -21.142857355954273 ], [ -48.295055997205978, -21.142914990383911 ], [ -48.2951023644898, -21.142947256524227 ], [ -48.295165382910191, -21.142988723605654 ], [ -48.295284504633564, -21.143065171360373 ], [ -48.295418738970653, -21.143152859222809 ], [ -48.295499087220776, -21.14320251959845 ], [ -48.295546416773604, -21.14323353183871 ], [ -48.295602651420211, -21.143268307203822 ], [ -48.295666339947729, -21.143308863443924 ], [ -48.295776896666581, -21.143381062772796 ], [ -48.295896653630528, -21.143456632471285 ], [ -48.29607006469022, -21.143570520133391 ], [ -48.296166374257872, -21.143630267141056 ], [ -48.29626047346872, -21.143690888967896 ] ] } },
{ "type": "Feature", "properties": { "Field": "000", "Length": 327.90830330375184, "Image": "/home/dev4_bemagro_com/codes/input/64188/Orthomosaico.tif", "Farm": "64188" }, "geometry": { "type": "LineString", "coordinates": [ [ -48.296261989417701, -21.143674213532002 ], [ -48.296222739790615, -21.143648232570637 ], [ -48.29614267183721, -21.143598174792814 ], [ -48.296119174535583, -21.143582445963041 ], [ -48.296031648164679, -21.143526618198646 ], [ -48.295977141112857, -21.143489500521909 ], [ -48.295889350998031, -21.143434038523655 ], [ -48.29584195841916, -21.143403110898067 ], [ -48.2956981915085, -21.143312509009263 ], [ -48.295635223225467, -21.143270974697309 ], [ -48.295491195681834, -21.143180738090027 ], [ -48.295436046898644, -21.14314446450885 ], [ -48.295396018855037, -21.143119427499293 ], [ -48.295301156673567, -21.143057676610919 ], [ -48.295237325583784, -21.143017318273635 ], [ -48.295134391583488, -21.142950647466492 ], [ -48.295110819977673, -21.142935016962785 ], [ -48.295072342817441, -21.142907924441744 ], [ -48.294978035906873, -21.142845429696582 ], [ -48.294914262839121, -21.142804990864459 ], [ -48.294851145292107, -21.142763656793374 ], [ -48.29475047464026, -21.142694010930164 ], [ -48.294592282041016, -21.142591213963282 ], [ -48.294543895269719, -21.14256167278257 ], [ -48.294465391981419, -21.14250948034968 ], [ -48.294411192979098, -21.142471968347252 ], [ -48.294331821997702, -21.142420944082303 ], [ -48.294191622700907, -21.14232554987683 ], [ -48.294073895490868, -21.142247224862654 ], [ -48.294042077447536, -21.142226910919995 ], [ -48.293985080754531, -21.142193245873376 ], [ -48.293945397838748, -21.142167730335782 ], [ -48.293898518417386, -21.142136122516138 ], [ -48.293813656739495, -21.142076785523013 ], [ -48.293672968526984, -21.141983335509735 ] ] } },
{ "type": "Feature", "properties": { "Field": "000", "Length": 317.61831564788008, "Image": "/home/dev4_bemagro_com/codes/input/64188/Orthomosaico.tif", "Farm": "64188" }, "geometry": { "type": "LineString", "coordinates": [ [ -48.296196178492636, -21.143600017741637 ], [ -48.296180170376999, -21.143589613389292 ], [ -48.296118336416271, -21.143546605126058 ], [ -48.296038207576714, -21.143496633256543 ], [ -48.295968103207592, -21.143448941421919 ], [ -48.29592820096385, -21.143423728152285 ], [ -48.295791282829249, -21.143339771179704 ], [ -48.295743845508085, -21.14330890403145 ], [ -48.295697104540842, -21.143277115675172 ], [ -48.295530567432252, -21.143169769151786 ], [ -48.295457883102529, -21.143125607418803 ], [ -48.295401929775657, -21.143090434998584 ], [ -48.295354706096504, -21.143059280995647 ], [ -48.295282830978522, -21.143013968672221 ], [ -48.29520425212079, -21.142961876025712 ], [ -48.295156401535877, -21.142931575699375 ], [ -48.295000036404154, -21.142826346226837 ], [ -48.294881199539006, -21.142749509564307 ], [ -48.29480309042858, -21.142696799026133 ], [ -48.29466816813099, -21.142610045990015 ], [ -48.294605668251805, -21.142567894076887 ], [ -48.294510406158622, -21.142506688019438 ], [ -48.29440910497631, -21.142437851804686 ], [ -48.294345663756268, -21.142396956439057 ], [ -48.294275253713174, -21.142349663433887 ], [ -48.294164807422966, -21.14227731672667 ], [ -48.294031965860455, -21.142187782699768 ], [ -48.293984059354422, -21.142157560671556 ], [ -48.293913357441504, -21.142110652662353 ], [ -48.293865024073774, -21.142081034908454 ], [ -48.293802554672574, -21.142038843608884 ], [ -48.293787522906271, -21.142027571833125 ], [ -48.293690604667013, -21.141959329653982 ] ] } },
{ "type": "Feature", "properties": { "Field": "000", "Length": 282.70796454830861, "Image": "/home/dev4_bemagro_com/codes/input/64188/Orthomosaico.tif", "Farm": "64188" }, "geometry": { "type": "LineString", "coordinates": [ [ -48.295981743720695, -21.143341147438832 ], [ -48.295821821788017, -21.14324392739481 ], [ -48.295742246977781, -21.143193182589322 ], [ -48.295687177247039, -21.143156803431136 ], [ -48.295567046690522, -21.143081757746533 ], [ -48.2955036768345, -21.143040764637213 ], [ -48.295463595703687, -21.143015802523646 ], [ -48.295305456438157, -21.142912932735641 ], [ -48.295249693170675, -21.142877495777181 ], [ -48.29515566755002, -21.142814629102784 ], [ -48.295109833902913, -21.142781698710042 ], [ -48.295047482454265, -21.142739353635637 ], [ -48.29497487648446, -21.142695078952631 ], [ -48.294896441930511, -21.142642795506262 ], [ -48.294737720553506, -21.142540718484895 ], [ -48.294525673130181, -21.142399916290568 ], [ -48.294493723483384, -21.142379784902168 ], [ -48.294408354331523, -21.142321091845059 ], [ -48.294368732070957, -21.142295493408366 ], [ -48.294298186264236, -21.142248378869461 ], [ -48.294266240903291, -21.142228241551543 ], [ -48.294227511388932, -21.142201467648938 ], [ -48.29416476597342, -21.142159638287076 ], [ -48.294045276949618, -21.142083697892854 ], [ -48.293982705941943, -21.142041639300956 ], [ -48.293927324205427, -21.142005680142251 ], [ -48.293888595387422, -21.141978905444862 ], [ -48.29385689293737, -21.141958433141884 ], [ -48.293786540982019, -21.141911064432094 ], [ -48.293747680529783, -21.141885977171015 ] ] } },
{ "type": "Feature", "properties": { "Field": "000", "Length": 274.18942460290759, "Image": "/home/dev4_bemagro_com/codes/input/64188/Orthomosaico.tif", "Farm": "64188" }, "geometry": { "type": "LineString", "coordinates": [ [ -48.295922348787833, -21.143288889206961 ], [ -48.295849018992023, -21.143244812229653 ], [ -48.295785880638483, -21.143203505801548 ], [ -48.295650414465051, -21.143117501140022 ], [ -48.295603132303938, -21.143086425276355 ], [ -48.295578910931773, -21.143071694955793 ], [ -48.295499572945346, -21.143020624978334 ], [ -48.295443144664581, -21.142986126894677 ], [ -48.29539599796238, -21.142954870489049 ], [ -48.295276925299845, -21.142878355584052 ], [ -48.295167293365758, -21.142804926138993 ], [ -48.295080449489134, -21.142748168786106 ], [ -48.29502597419949, -21.142711010531471 ], [ -48.294970303364025, -21.142675446020284 ], [ -48.29487583072784, -21.142613172175697 ], [ -48.29482788483061, -21.142583004927182 ], [ -48.294733577695951, -21.142520510784262 ], [ -48.294677995301491, -21.142484824851852 ], [ -48.294630783586236, -21.142453655197336 ], [ -48.294591976567716, -21.142426980156223 ], [ -48.294504969735847, -21.142370443253828 ], [ -48.294159622376839, -21.142140708672851 ], [ -48.293930455694884, -21.141991366947593 ], [ -48.293859880279769, -21.141944291685761 ], [ -48.293790107424527, -21.141896175015113 ], [ -48.293757203322933, -21.141875142349214 ] ] } },
{ "type": "Feature", "properties": { "Field": "000", "Length": 267.4893281587166, "Image": "/home/dev4_bemagro_com/codes/input/64188/Orthomosaico.tif", "Farm": "64188" }, "geometry": { "type": "LineString", "coordinates": [ [ -48.295876823363173, -21.143246285700503 ], [ -48.295690786187926, -21.143125819464355 ], [ -48.295538604976883, -21.143030783978237 ], [ -48.295491645475636, -21.142999280494926 ], [ -48.295443375304693, -21.14296957164709 ], [ -48.295364525640714, -21.142917840415478 ], [ -48.295284831737426, -21.142867260661124 ], [ -48.295245686965757, -21.142841023386044 ], [ -48.295166562232865, -21.142789663249719 ], [ -48.295104367074217, -21.142747116355689 ], [ -48.295033692600271, -21.142700171485629 ], [ -48.295001717897293, -21.142680075026977 ], [ -48.294962624713136, -21.142653770223166 ], [ -48.294788403740263, -21.142540977333756 ], [ -48.294733665245325, -21.142504161209651 ], [ -48.294654312660505, -21.142453111706697 ], [ -48.294615790569829, -21.142426075618545 ], [ -48.294576534915187, -21.142399984749417 ], [ -48.294434288630569, -21.142307296034705 ], [ -48.294348043832791, -21.142249740781267 ], [ -48.294292321254588, -21.142214247953504 ], [ -48.294198933303981, -21.142150550880331 ], [ -48.294135121815934, -21.142110165910584 ], [ -48.294033140407237, -21.142042219863466 ], [ -48.29397754708458, -21.142006549216543 ], [ -48.293899084889063, -21.141954302874574 ], [ -48.29383715092748, -21.141911422497067 ], [ -48.293766231202056, -21.141864870627426 ] ] } },
{ "type": "Feature", "properties": { "Field": "000", "Length": 265.04618391366353, "Image": "/home/dev4_bemagro_com/codes/input/64188/Orthomosaico.tif", "Farm": "64188" }, "geometry": { "type": "LineString", "coordinates": [ [ -48.295867477256778, -21.143222319346552 ], [ -48.295772150548416, -21.143161049962849 ], [ -48.295693400290887, -21.143109185460435 ], [ -48.295605234371358, -21.143054250987365 ], [ -48.295510377189075, -21.142992493367483 ], [ -48.295438033705665, -21.142947841893871 ], [ -48.295327119381824, -21.142876127365692 ], [ -48.295279108478759, -21.142846051098154 ], [ -48.295255844823281, -21.142830019686315 ], [ -48.29516859073253, -21.142773818761228 ], [ -48.294885866179087, -21.142586074734005 ], [ -48.294814241676271, -21.142540414841029 ], [ -48.294696686680581, -21.142461862174791 ], [ -48.294586161394321, -21.142389621546918 ], [ -48.294562859113057, -21.142373639698373 ], [ -48.294538892410529, -21.142358547403038 ], [ -48.29443676602633, -21.142290792994203 ], [ -48.294357299858021, -21.142239899423515 ], [ -48.294247547426544, -21.14216662933762 ], [ -48.294136779938555, -21.142094716317654 ], [ -48.293956030871954, -21.14197492856189 ], [ -48.293924074446352, -21.141954806798886 ], [ -48.293869107626946, -21.141918291661128 ], [ -48.293775433226351, -21.14185440076497 ] ] } },
{ "type": "Feature", "properties": { "Field": "000", "Length": 4.0361165200061588, "Image": "/home/dev4_bemagro_com/codes/input/64188/Orthomosaico.tif", "Farm": "64188" }, "geometry": { "type": "LineString", "coordinates": [ [ -48.295869154388953, -21.143209691525936 ], [ -48.295837552337801, -21.143188516633309 ] ] } },
{ "type": "Feature", "properties": { "Field": "000", "Length": 258.48443951053207, "Image": "/home/dev4_bemagro_com/codes/input/64188/Orthomosaico.tif", "Farm": "64188" }, "geometry": { "type": "LineString", "coordinates": [ [ -48.295823390149017, -21.143179027282734 ], [ -48.295760561443622, -21.143136928987968 ], [ -48.295712771081604, -21.143106545009175 ], [ -48.295649717538261, -21.143065124809628 ], [ -48.295577631656471, -21.143020108088127 ], [ -48.29551455793527, -21.142978714997231 ], [ -48.295474184919456, -21.142954170392567 ], [ -48.295386454637558, -21.142898625630178 ], [ -48.295338170936319, -21.14286893619375 ], [ -48.295212065475788, -21.142786093980895 ], [ -48.29518017591446, -21.142765878770451 ], [ -48.295046435648089, -21.142677529363556 ], [ -48.29496864284333, -21.142624408753196 ], [ -48.294850002875549, -21.142547304978393 ], [ -48.294693144437076, -21.142442724276759 ], [ -48.294661193876877, -21.14242259414371 ], [ -48.294614246271344, -21.142391075368465 ], [ -48.294550731135573, -21.142350281116251 ], [ -48.294472620069818, -21.142297573436466 ], [ -48.294416875712393, -21.142262110686826 ], [ -48.294109119379755, -21.142060687449344 ], [ -48.293976039562274, -21.141971465634946 ], [ -48.293889218478846, -21.141914678398209 ], [ -48.293784040869596, -21.141843784457539 ] ] } },
{ "type": "Feature", "properties": { "Field": "000", "Length": 257.5105395083944, "Image": "/home/dev4_bemagro_com/codes/input/64188/Orthomosaico.tif", "Farm": "64188" }, "geometry": { "type": "LineString", "coordinates": [ [ -48.295823002206618, -21.14316299232777 ], [ -48.295790691777512, -21.143142516117436 ], [ -48.295744039058881, -21.143110613932514 ], [ -48.295696325549955, -21.143080123847046 ], [ -48.295616374465993, -21.143029902420619 ], [ -48.295513100288126, -21.142963696174778 ], [ -48.295472302892392, -21.142939777155629 ], [ -48.295400983354668, -21.142893698742991 ], [ -48.295322542576969, -21.142841423329976 ], [ -48.295188259481819, -21.142753801485281 ], [ -48.295149215200048, -21.142727432798385 ], [ -48.295014693257457, -21.142640134171547 ], [ -48.294913189295087, -21.142571561179246 ], [ -48.29484190233169, -21.142525438719712 ], [ -48.294763583567629, -21.142473002856395 ], [ -48.294534532702393, -21.142323503947885 ], [ -48.294322536891428, -21.142182633836203 ], [ -48.294251262267686, -21.142136494907586 ], [ -48.294117855307867, -21.142047704012146 ], [ -48.294030848224736, -21.141991167807987 ], [ -48.293960594714676, -21.141943670638881 ], [ -48.293791565434972, -21.141832443089331 ] ] } },
{ "type": "Feature", "properties": { "Field": "000", "Length": 247.54746118883068, "Image": "/home/dev4_bemagro_com/codes/input/64188/Orthomosaico.tif", "Farm": "64188" }, "geometry": { "type": "LineString", "coordinates": [ [ -48.295751504620931, -21.143100586404547 ], [ -48.295553953226928, -21.14297175107728 ], [ -48.295504919542232, -21.142943163878051 ], [ -48.295464761140231, -21.142918311346982 ], [ -48.295401797079656, -21.142876771643536 ], [ -48.295355080461583, -21.14284495199708 ], [ -48.29529129821973, -21.142804525866605 ], [ -48.2951739538235, -21.142725696198347 ], [ -48.295110031935785, -21.142685464751981 ], [ -48.295078497684976, -21.142664764818964 ], [ -48.295024056191366, -21.142627563035443 ], [ -48.294976343845008, -21.142597071610659 ], [ -48.294921981542572, -21.142559768082158 ], [ -48.294842568201254, -21.142508801737751 ], [ -48.294795710951028, -21.142477164797363 ], [ -48.29475581603932, -21.142451941746746 ], [ -48.294693474882607, -21.142409583546645 ], [ -48.294621568261078, -21.142364315741023 ], [ -48.29452761690176, -21.142301351933757 ], [ -48.294448476429551, -21.142250013614078 ], [ -48.29440947895332, -21.142223584247656 ], [ -48.294377494560884, -21.142203501536102 ], [ -48.294275623933686, -21.142135409262682 ], [ -48.29415740782558, -21.142057735243572 ], [ -48.294054325467727, -21.141991267544679 ], [ -48.293991988558744, -21.141948904153136 ], [ -48.293944285010014, -21.1419184009847 ], [ -48.293874180588581, -21.141870710381315 ], [ -48.293798815343571, -21.141821515694172 ] ] } },
{ "type": "Feature", "properties": { "Field": "000", "Length": 246.87156473427368, "Image": "/home/dev4_bemagro_com/codes/input/64188/Orthomosaico.tif", "Farm": "64188" }, "geometry": { "type": "LineString", "coordinates": [ [ -48.29575399862874, -21.143085248258192 ], [ -48.295650519617624, -21.143019062402193 ], [ -48.295602128651105, -21.142989526994999 ], [ -48.295562706519128, -21.142963657735756 ], [ -48.295489987035033, -21.142919547109841 ], [ -48.295379437187066, -21.142847338985771 ], [ -48.295293425079812, -21.142789477550949 ], [ -48.29520616212087, -21.142733288773126 ], [ -48.295104126082862, -21.142665414231907 ], [ -48.29491485697833, -21.142541300095989 ], [ -48.294883822047666, -21.142519946353005 ], [ -48.294844147584229, -21.142494419079366 ], [ -48.294765798747207, -21.142442022792849 ], [ -48.294663030808302, -21.142375127500102 ], [ -48.294490404892635, -21.142260196886266 ], [ -48.294450476022995, -21.142235021271375 ], [ -48.294286013084282, -21.142124898021731 ], [ -48.294230634619581, -21.142088934362395 ], [ -48.29418374203788, -21.14205734374222 ], [ -48.294127973959135, -21.142021913980525 ], [ -48.294064838862816, -21.141980604020514 ], [ -48.294010454153003, -21.141943329606555 ], [ -48.293923571979754, -21.141886624680474 ], [ -48.293853891131917, -21.141838390831424 ], [ -48.293807653966653, -21.141808193712709 ] ] } },
{ "type": "Feature", "properties": { "Field": "000", "Length": 239.93346326738123, "Image": "/home/dev4_bemagro_com/codes/input/64188/Orthomosaico.tif", "Farm": "64188" }, "geometry": { "type": "LineString", "coordinates": [ [ -48.295706259409869, -21.143038843995644 ], [ -48.295654992675757, -21.143006051643116 ], [ -48.295646963830933, -21.143001079281543 ], [ -48.29561452149305, -21.142981655031161 ], [ -48.295518417490726, -21.142921619522948 ], [ -48.295360379209512, -21.142818613359076 ], [ -48.295274257921577, -21.142760896081882 ], [ -48.295140435899228, -21.142672655687736 ], [ -48.294982504193207, -21.142569506588064 ], [ -48.294707846920367, -21.142386695166405 ], [ -48.294541785145888, -21.142278705220924 ], [ -48.294416398154752, -21.142194909460159 ], [ -48.294376749618962, -21.142169348288224 ], [ -48.294368880601226, -21.14216415548136 ], [ -48.294329965370487, -21.142137619665238 ], [ -48.294322103169769, -21.142132418115402 ], [ -48.294290341625484, -21.142112028688118 ], [ -48.294188706845674, -21.142043628560685 ], [ -48.294077715370435, -21.141972021662756 ], [ -48.293991674188845, -21.141914199103653 ], [ -48.293920576870036, -21.141867822360386 ], [ -48.293815317505519, -21.141796642869949 ] ] } },
{ "type": "Feature", "properties": { "Field": "000", "Length": 238.7294008896308, "Image": "/home/dev4_bemagro_com/codes/input/64188/Orthomosaico.tif", "Farm": "64188" }, "geometry": { "type": "LineString", "coordinates": [ [ -48.29570432622949, -21.14302118761568 ], [ -48.29560101842516, -21.142955011996641 ], [ -48.29552897334527, -21.142909937903209 ], [ -48.295346536052463, -21.14279242252956 ], [ -48.295260563054931, -21.142734510005763 ], [ -48.295102506656512, -21.142631528636159 ], [ -48.294795841053634, -21.142428645194833 ], [ -48.294622561585186, -21.142314583358338 ], [ -48.294574953191947, -21.142283949421572 ], [ -48.294528259754557, -21.142252100136158 ], [ -48.294378242024408, -21.142154085386373 ], [ -48.294284573934853, -21.142090751416614 ], [ -48.294260660414558, -21.142075585127053 ], [ -48.29419814923245, -21.142033448295457 ], [ -48.294079716204543, -21.14195606578129 ], [ -48.293907074397524, -21.141841156960744 ], [ -48.293823470626478, -21.141784354103645 ] ] } },
{ "type": "Feature", "properties": { "Field": "000", "Length": 354.16873509666578, "Image": "/home/dev4_bemagro_com/codes/input/64188/Orthomosaico.tif", "Farm": "64188" }, "geometry": { "type": "LineString", "coordinates": [ [ -48.29543441286814, -21.145227608352865 ], [ -48.295394079805739, -21.145202811066259 ], [ -48.295362546338694, -21.145182109359382 ], [ -48.295346280480906, -21.145172462140266 ], [ -48.29521886905836, -21.145091395033898 ], [ -48.295155567417275, -21.145050308149511 ], [ -48.295124469429837, -21.145029034621398 ], [ -48.295076440179407, -21.144998983190089 ], [ -48.295013114909601, -21.144957928429722 ], [ -48.294871935481268, -21.144863811781541 ], [ -48.294767023633547, -21.144799910146176 ], [ -48.294465800940763, -21.14460548281826 ], [ -48.294361775815531, -21.144540318147097 ], [ -48.294267236499323, -21.144478131938047 ], [ -48.294132166809085, -21.144391578900926 ], [ -48.294014860651721, -21.144312697727326 ], [ -48.293912202136774, -21.14424565310782 ], [ -48.293880209623921, -21.144225581200981 ], [ -48.29354979790363, -21.144007295558403 ], [ -48.293494250850507, -21.143971560567991 ], [ -48.293360556838465, -21.143883148460777 ], [ -48.293266694209599, -21.143820067210996 ], [ -48.29318745467129, -21.14376886261304 ], [ -48.293054291672306, -21.143679748279141 ], [ -48.293022416672109, -21.143659512703287 ], [ -48.292848927581389, -21.143545730194084 ], [ -48.292636991372099, -21.1434023431184 ] ] } },
{ "type": "Feature", "properties": { "Field": "000", "Length": 356.49236051230503, "Image": "/home/dev4_bemagro_com/codes/input/64188/Orthomosaico.tif", "Farm": "64188" }, "geometry": { "type": "LineString", "coordinates": [ [ -48.295446667821835, -21.145217885115322 ], [ -48.295358774704866, -21.14516341492515 ], [ -48.295223562372911, -21.145077057063496 ], [ -48.295200199519954, -21.145061153717283 ], [ -48.295192328949639, -21.145055961189591 ], [ -48.295152570971098, -21.145030547617857 ], [ -48.295137089042946, -21.145019826403765 ], [ -48.295129251352861, -21.145014590292583 ], [ -48.295009981077605, -21.144938345259217 ], [ -48.294947054992441, -21.144896753858799 ], [ -48.294884869484257, -21.144854193811572 ], [ -48.294876894789084, -21.144849143064285 ], [ -48.294868793991299, -21.144844272133774 ], [ -48.294795714026336, -21.144800687721307 ], [ -48.294763723825703, -21.144780613073461 ], [ -48.294724531705683, -21.144754438327912 ], [ -48.294716584964014, -21.144749348959053 ], [ -48.294692492910741, -21.144734432834984 ], [ -48.294684566481102, -21.144729315665856 ], [ -48.294637483032552, -21.14469797481372 ], [ -48.294605330312812, -21.144678132378139 ], [ -48.294502641836168, -21.144611127761383 ], [ -48.294310753917394, -21.144490601924364 ], [ -48.294302883268081, -21.14448540955431 ], [ -48.294271767396985, -21.14446415927593 ], [ -48.294263882540392, -21.144458985913076 ], [ -48.294168344196343, -21.144398158417115 ], [ -48.293988139451983, -21.144277648118081 ], [ -48.293924511001698, -21.144237009209075 ], [ -48.293854248309103, -21.144189524148953 ], [ -48.293751762752187, -21.144122247189518 ], [ -48.293561650168293, -21.143999270824693 ], [ -48.293491408400634, -21.143951757799819 ], [ -48.293459605581837, -21.143931424632513 ], [ -48.293389225903901, -21.143884091040082 ], [ -48.293365277911775, -21.143868973398249 ], [ -48.29335737744038, -21.143863821098069 ], [ -48.293310463348632, -21.143832257961492 ], [ -48.293270706971647, -21.143806844742816 ], [ -48.293168943785801, -21.143738609972846 ], [ -48.293137108369805, -21.143718320336372 ], [ -48.293129257626212, -21.143713101579493 ], [ -48.293090455484517, -21.143686419997117 ], [ -48.293082582420368, -21.143681230920972 ], [ -48.293026917220253, -21.143645658336972 ], [ -48.292932806067171, -21.143582904624093 ], [ -48.29289286098728, -21.143557752261014 ], [ -48.292884973256065, -21.143552582837867 ], [ -48.292830349683022, -21.143515616497105 ], [ -48.292822428174397, -21.143510492737203 ], [ -48.292798424317724, -21.143495452341242 ], [ -48.292790553540641, -21.143490260231157 ], [ -48.292666191830719, -21.143405129392882 ], [ -48.292630426277114, -21.1433815301823 ] ] } },
{ "type": "Feature", "properties": { "Field": "000", "Length": 357.70727880214764, "Image": "/home/dev4_bemagro_com/codes/input/64188/Orthomosaico.tif", "Farm": "64188" }, "geometry": { "type": "LineString", "coordinates": [ [ -48.295457336865105, -21.145209420157592 ], [ -48.295368613021942, -21.145155236553702 ], [ -48.295297076215704, -21.145109454081567 ], [ -48.295226429989327, -21.1450624703124 ], [ -48.295178860030887, -21.145031782637854 ], [ -48.29513244772339, -21.144999572602284 ], [ -48.295051671042891, -21.144950526269223 ], [ -48.294894997222222, -21.144845698932087 ], [ -48.294766283706558, -21.14476646329619 ], [ -48.294687403048023, -21.14471477247557 ], [ -48.294504578704405, -21.144597784905702 ], [ -48.294449539642166, -21.144561364333747 ], [ -48.294305398710577, -21.144471285716197 ], [ -48.294266184491988, -21.144445139374 ], [ -48.294210166438575, -21.144410057153184 ], [ -48.294092518068865, -21.144331625782648 ], [ -48.293903204307462, -21.144207569054331 ], [ -48.293840634071657, -21.144165508303953 ], [ -48.293777252019929, -21.144124531326948 ], [ -48.293730259076753, -21.144093071431044 ], [ -48.293555975949765, -21.143980361117144 ], [ -48.293470197177534, -21.14392219499814 ], [ -48.29341450602081, -21.143886658004998 ], [ -48.293383327550977, -21.143865488800284 ], [ -48.29332012621461, -21.143824267104321 ], [ -48.293092770061186, -21.143672506221243 ], [ -48.292879316824909, -21.143533584482164 ], [ -48.29281658822466, -21.14349173231501 ], [ -48.292762468662566, -21.14345411917899 ], [ -48.292738759323079, -21.143438673082077 ], [ -48.292660998340821, -21.143385511226615 ], [ -48.292631780684609, -21.143366355700323 ] ] } },
{ "type": "Feature", "properties": { "Field": "000", "Length": 358.45767749507053, "Image": "/home/dev4_bemagro_com/codes/input/64188/Orthomosaico.tif", "Farm": "64188" }, "geometry": { "type": "LineString", "coordinates": [ [ -48.295469438821939, -21.145199818305464 ], [ -48.29544485779244, -21.145184741209786 ], [ -48.295420171334008, -21.145170706340654 ], [ -48.295380158417089, -21.14514564729944 ], [ -48.295340887404613, -21.14511957579181 ], [ -48.295300840970228, -21.14509456394067 ], [ -48.295238107557637, -21.145052717042709 ], [ -48.29520632416758, -21.145032354538575 ], [ -48.295128776312723, -21.144978918063028 ], [ -48.295104646996585, -21.144964054947117 ], [ -48.295071694817736, -21.144945399125827 ], [ -48.29503950899732, -21.144925600809415 ], [ -48.294898504953593, -21.144831253081115 ], [ -48.294785806696517, -21.144762027720837 ], [ -48.294659413619073, -21.144679570135551 ], [ -48.294595241988034, -21.144639689010219 ], [ -48.294532383802149, -21.144598007541546 ], [ -48.294484671791281, -21.144567514824598 ], [ -48.294332778643074, -21.144472072822172 ], [ -48.294278072695619, -21.14443521325925 ], [ -48.294214658773804, -21.144394279506166 ], [ -48.294174534334935, -21.144369378265665 ], [ -48.294111562921913, -21.144327847675836 ], [ -48.294056990307901, -21.144290814654205 ], [ -48.294017162127986, -21.144265498329688 ], [ -48.293946447134438, -21.144218606354581 ], [ -48.293890700012525, -21.144183146483449 ], [ -48.293851638297802, -21.144156800116765 ], [ -48.293740800512651, -21.144084980554297 ], [ -48.293709589946936, -21.144063852948261 ], [ -48.293551610442584, -21.143960766249013 ], [ -48.293488948227264, -21.143918826353516 ], [ -48.293362284816503, -21.143836735868852 ], [ -48.29326100843187, -21.143767866549901 ], [ -48.293166864818737, -21.143705155014835 ], [ -48.293118858098872, -21.143675072649671 ], [ -48.293056672999811, -21.143632512525141 ], [ -48.292993827236643, -21.143590815272262 ], [ -48.292938081183237, -21.143555354323418 ], [ -48.292843443710389, -21.143493300684042 ], [ -48.292797253876408, -21.143460811155542 ], [ -48.2927501010765, -21.143429562827539 ], [ -48.292695994735936, -21.143391932987537 ], [ -48.292637582569341, -21.143353651573619 ] ] } },
{ "type": "Feature", "properties": { "Field": "000", "Length": 359.08882983297451, "Image": "/home/dev4_bemagro_com/codes/input/64188/Orthomosaico.tif", "Farm": "64188" }, "geometry": { "type": "LineString", "coordinates": [ [ -48.295481717342966, -21.145190076362663 ], [ -48.29546528221919, -21.145179576659412 ], [ -48.295391753165539, -21.145136661841129 ], [ -48.295351776075144, -21.145111552540325 ], [ -48.295194131539773, -21.145008013658231 ], [ -48.295139621304152, -21.144970899465612 ], [ -48.295051227906441, -21.144916286183307 ], [ -48.29491020219659, -21.144821966968749 ], [ -48.294845261205211, -21.144783197284521 ], [ -48.294805307222887, -21.144758055798018 ], [ -48.294750137049952, -21.14472181013203 ], [ -48.294575125282861, -21.144610096654628 ], [ -48.294535799425951, -21.144584098238337 ], [ -48.294495739836854, -21.144559105183205 ], [ -48.294456322561892, -21.144533228920192 ], [ -48.294344325246506, -21.144463009893752 ], [ -48.294130633408912, -21.144324409455496 ], [ -48.294052324900136, -21.14427195895837 ], [ -48.293988986756816, -21.144230922190982 ], [ -48.293823918926371, -21.144121595584991 ], [ -48.29375257015252, -21.144075556427559 ], [ -48.293539966451114, -21.143935491872465 ], [ -48.293476591179321, -21.143894505827237 ], [ -48.293398218562842, -21.14384214003973 ], [ -48.293350477971686, -21.143811687129332 ], [ -48.293186464933747, -21.143700972907073 ], [ -48.293122378031093, -21.143660972781081 ], [ -48.293044096341568, -21.143608487628892 ], [ -48.29299768921387, -21.143576271724029 ], [ -48.292926133660821, -21.143530516327829 ], [ -48.292823961434301, -21.143462821951339 ], [ -48.292785452190252, -21.143435769535113 ], [ -48.292722830562475, -21.143393776675591 ], [ -48.292684155408338, -21.143366933405275 ], [ -48.292644587295385, -21.143340908917018 ] ] } },
{ "type": "Feature", "properties": { "Field": "000", "Length": 359.40667605016927, "Image": "/home/dev4_bemagro_com/codes/input/64188/Orthomosaico.tif", "Farm": "64188" }, "geometry": { "type": "LineString", "coordinates": [ [ -48.29549368075795, -21.145180584426981 ], [ -48.295277183320238, -21.145044742374367 ], [ -48.295246121140764, -21.145023422849924 ], [ -48.295166831598955, -21.144972285326443 ], [ -48.295135798581363, -21.144950928482146 ], [ -48.295048223726468, -21.144895166696404 ], [ -48.294931457369088, -21.144815583102318 ], [ -48.294826796775169, -21.144751319919422 ], [ -48.294739168823362, -21.144695631797052 ], [ -48.294690625902454, -21.144666315947774 ], [ -48.294524985839068, -21.144557752928264 ], [ -48.294253080796402, -21.144387096998052 ], [ -48.294222026167922, -21.144365768014037 ], [ -48.294166450160361, -21.144330072431057 ], [ -48.294143562810433, -21.14431357094006 ], [ -48.294081078415815, -21.144271397947961 ], [ -48.293946338819993, -21.144184393565158 ], [ -48.293782057025531, -21.144074029920766 ], [ -48.293671217468578, -21.144002212859277 ], [ -48.293614906303993, -21.14396754638129 ], [ -48.293559559523707, -21.143931538951676 ], [ -48.293489169222177, -21.143884219224692 ], [ -48.293442741904663, -21.143852028794949 ], [ -48.293331964526082, -21.143780127624719 ], [ -48.293222696396789, -21.143706221902875 ], [ -48.293128239294347, -21.143643926693326 ], [ -48.293050473453498, -21.143590770913129 ], [ -48.292931741123404, -21.143513791661814 ], [ -48.292891751468602, -21.143488700727524 ], [ -48.292759014529096, -21.143399029079848 ], [ -48.292719406196632, -21.143373411386058 ], [ -48.292680669947693, -21.143346645768002 ], [ -48.292654348910908, -21.143329387010123 ] ] } },
{ "type": "Feature", "properties": { "Field": "000", "Length": 359.71129678719353, "Image": "/home/dev4_bemagro_com/codes/input/64188/Orthomosaico.tif", "Farm": "64188" }, "geometry": { "type": "LineString", "coordinates": [ [ -48.295504408518063, -21.145171582265906 ], [ -48.295335704956976, -21.145066941741849 ], [ -48.295272182073091, -21.145026156487358 ], [ -48.29520158075475, -21.144979113399955 ], [ -48.295121822528323, -21.144928621452824 ], [ -48.29509073424714, -21.144907335476667 ], [ -48.295035323076405, -21.144871414721973 ], [ -48.294964910171394, -21.144824123874706 ], [ -48.294916695109436, -21.144794335569991 ], [ -48.294877468619418, -21.144768205287392 ], [ -48.294781190062551, -21.144708413405329 ], [ -48.294741765256468, -21.144682547173083 ], [ -48.294661823254586, -21.144632311937478 ], [ -48.294606928862201, -21.144595699678831 ], [ -48.294574744629379, -21.144575899220733 ], [ -48.294455610822595, -21.144499466503557 ], [ -48.294319583856051, -21.144414243043716 ], [ -48.294280350374422, -21.144388122166031 ], [ -48.294224588068388, -21.14435268319885 ], [ -48.294138809566448, -21.144294516370792 ], [ -48.294035911421354, -21.144227795841449 ], [ -48.29400388780055, -21.144207767641419 ], [ -48.293910419157839, -21.144144173254027 ], [ -48.293823502097283, -21.144087513692703 ], [ -48.293792352136514, -21.144066307509917 ], [ -48.293712350410807, -21.144016156595747 ], [ -48.293625309596401, -21.143959664608474 ], [ -48.293547307983111, -21.143906813474395 ], [ -48.293476193236934, -21.143860456900057 ], [ -48.293421632099587, -21.14382340926818 ], [ -48.293358114623103, -21.14378261750154 ], [ -48.293249025968095, -21.143708478793684 ], [ -48.293217054265753, -21.143688377915964 ], [ -48.293020903456728, -21.14355775326548 ], [ -48.29298121789229, -21.143532240914556 ], [ -48.292926554327572, -21.143495326604828 ], [ -48.292870841654391, -21.143459819569948 ], [ -48.292815801328558, -21.143423401363748 ], [ -48.292713944022175, -21.143355290690589 ], [ -48.292662637283598, -21.14331878758162 ] ] } },
{ "type": "Feature", "properties": { "Field": "000", "Length": 359.88110565650169, "Image": "/home/dev4_bemagro_com/codes/input/64188/Orthomosaico.tif", "Farm": "64188" }, "geometry": { "type": "LineString", "coordinates": [ [ -48.295513592611528, -21.145162116772937 ], [ -48.295400743068285, -21.145092575223458 ], [ -48.295337306225584, -21.145051672256351 ], [ -48.29530517270274, -21.145031799270438 ], [ -48.295218250125643, -21.14497514628739 ], [ -48.295163585231265, -21.144938232850393 ], [ -48.295107075238271, -21.144903851668865 ], [ -48.295075328164295, -21.144883439414727 ], [ -48.294910614636748, -21.144773642303829 ], [ -48.294837973232461, -21.144729417394071 ], [ -48.294782385454681, -21.144693737710217 ], [ -48.294695923456516, -21.144636468119529 ], [ -48.294623451291002, -21.144591999630496 ], [ -48.294568085177083, -21.144556017976676 ], [ -48.294456077571027, -21.144485813355629 ], [ -48.294401389532744, -21.144448930394198 ], [ -48.294321423333635, -21.144398729279597 ], [ -48.294282514194499, -21.144372184857239 ], [ -48.294218620374792, -21.144331913290809 ], [ -48.294171176706136, -21.144301054412662 ], [ -48.294108129898397, -21.144259624657092 ], [ -48.294053942667048, -21.144222096914582 ], [ -48.293990335231761, -21.14418142841436 ], [ -48.293943524553882, -21.14414973023062 ], [ -48.293817126897636, -21.144067279673305 ], [ -48.293793766889053, -21.144051371857444 ], [ -48.293737931556173, -21.144016034445528 ], [ -48.293579884343025, -21.143913039191485 ], [ -48.293439263785835, -21.143818190608091 ], [ -48.293367931964589, -21.143772128573357 ], [ -48.293101032422342, -21.143594656677333 ], [ -48.293061225471511, -21.143569311294829 ], [ -48.293030218794897, -21.143547921267722 ], [ -48.292974496097237, -21.143512428044772 ], [ -48.292927554078894, -21.14348090161225 ], [ -48.292863832295879, -21.14344039150496 ], [ -48.292777631842355, -21.143382777148513 ], [ -48.292670763032739, -21.143308109520877 ] ] } },
{ "type": "Feature", "properties": { "Field": "000", "Length": 360.04647017072153, "Image": "/home/dev4_bemagro_com/codes/input/64188/Orthomosaico.tif", "Farm": "64188" }, "geometry": { "type": "LineString", "coordinates": [ [ -48.295523227886548, -21.145152186272284 ], [ -48.295450451132474, -21.1451074275666 ], [ -48.295338784833049, -21.145036745329271 ], [ -48.29515697808106, -21.144918369585145 ], [ -48.295108920227904, -21.144888358473501 ], [ -48.295037685584582, -21.144842163407006 ], [ -48.294943958680037, -21.144778903786673 ], [ -48.294831485873317, -21.144709356520476 ], [ -48.29457784898414, -21.144545595221413 ], [ -48.294433712946443, -21.144455509706322 ], [ -48.294362822449315, -21.144408851376689 ], [ -48.294172515086942, -21.144286139714513 ], [ -48.293858495285043, -21.144077374439846 ], [ -48.293762896833449, -21.144016630480809 ], [ -48.29368418407519, -21.143964715529521 ], [ -48.293653127415212, -21.143943389286157 ], [ -48.293564964752484, -21.143888449783539 ], [ -48.293510724937455, -21.143850989170115 ], [ -48.293447623246067, -21.143809633334001 ], [ -48.293275549642054, -21.143693974192512 ], [ -48.293220230740779, -21.143657929240366 ], [ -48.293141937324734, -21.143605459476131 ], [ -48.292983774793647, -21.143502620861995 ], [ -48.292929351557596, -21.143465395345107 ], [ -48.292897283381571, -21.143445430269932 ], [ -48.292858172176508, -21.143419148909981 ], [ -48.292818494841001, -21.14339362535636 ], [ -48.292717293469067, -21.143324659519941 ], [ -48.292678749180048, -21.143297614909077 ] ] } },
{ "type": "Feature", "properties": { "Field": "000", "Length": 360.24830572597801, "Image": "/home/dev4_bemagro_com/codes/input/64188/Orthomosaico.tif", "Farm": "64188" }, "geometry": { "type": "LineString", "coordinates": [ [ -48.295533451250193, -21.145141649661699 ], [ -48.295501381453789, -21.145121237345801 ], [ -48.295404674989449, -21.145062055933195 ], [ -48.295175688510994, -21.144912464696283 ], [ -48.295119440696155, -21.144877707208529 ], [ -48.295080156591339, -21.144851653173745 ], [ -48.295032227033985, -21.144821462065913 ], [ -48.29492256425857, -21.144748071333989 ], [ -48.294873988191249, -21.14471880380836 ], [ -48.294802665817599, -21.144672728167276 ], [ -48.294770371551309, -21.144653085986441 ], [ -48.294699512788156, -21.144606385091905 ], [ -48.294635470427856, -21.144566321540985 ], [ -48.294564353766454, -21.144519967018226 ], [ -48.294451882258606, -21.144450418243078 ], [ -48.294365258188122, -21.144393364840923 ], [ -48.294222148333922, -21.144301851003895 ], [ -48.294167105211827, -21.144265435999174 ], [ -48.294050088386776, -21.144186177628921 ], [ -48.293805686836897, -21.144025765321711 ], [ -48.293670967158732, -21.143938734152265 ], [ -48.293607148221916, -21.143898358532695 ], [ -48.293558631457564, -21.143869005057155 ], [ -48.293521066730598, -21.143840807864898 ], [ -48.293497860488635, -21.143824703245162 ], [ -48.293348177367164, -21.143726237395498 ], [ -48.293254635661405, -21.143662738103554 ], [ -48.293105550104976, -21.143563477831407 ], [ -48.29298626671774, -21.143487252079872 ], [ -48.292947304709863, -21.143460776377452 ], [ -48.292813360320466, -21.143372699153453 ], [ -48.292687434676971, -21.143286201278247 ] ] } },
{ "type": "Feature", "properties": { "Field": "000", "Length": 360.41436452238435, "Image": "/home/dev4_bemagro_com/codes/input/64188/Orthomosaico.tif", "Farm": "64188" }, "geometry": { "type": "LineString", "coordinates": [ [ -48.295543294587382, -21.145131504719522 ], [ -48.2954782807711, -21.145092301864871 ], [ -48.295358469078813, -21.145016806743705 ], [ -48.295295166531929, -21.144975721117508 ], [ -48.295263957898172, -21.144954590689682 ], [ -48.295184378282457, -21.144903851327271 ], [ -48.295145206545065, -21.144877648802758 ], [ -48.295081418229643, -21.144837229924608 ], [ -48.294955769729945, -21.144753776698344 ], [ -48.29484304252783, -21.144684592902507 ], [ -48.294771496564834, -21.144638823389123 ], [ -48.294708801842425, -21.144596925789589 ], [ -48.294660647772062, -21.144567050903415 ], [ -48.294589529246934, -21.144520698894191 ], [ -48.294421740518032, -21.144415080036804 ], [ -48.294318822470885, -21.144348386374602 ], [ -48.294240162231439, -21.144296401117039 ], [ -48.29417663848438, -21.144255617594716 ], [ -48.29408292178195, -21.144192345266248 ], [ -48.293830728177021, -21.144026635232724 ], [ -48.293695969428541, -21.143939657309662 ], [ -48.293632986673174, -21.143898142144621 ], [ -48.293553303499664, -21.143847546992458 ], [ -48.293444372150596, -21.143773204905198 ], [ -48.293389015466076, -21.143737210988768 ], [ -48.293287360822539, -21.143668833994717 ], [ -48.293200690867764, -21.143611842705919 ], [ -48.2931619427901, -21.143585092056249 ], [ -48.293019245901434, -21.143493013713691 ], [ -48.292814766570743, -21.143357804424699 ], [ -48.292744549119305, -21.143310259638849 ], [ -48.292695568332022, -21.143275512821848 ] ] } },
{ "type": "Feature", "properties": { "Field": "000", "Length": 360.61593681487682, "Image": "/home/dev4_bemagro_com/codes/input/64188/Orthomosaico.tif", "Farm": "64188" }, "geometry": { "type": "LineString", "coordinates": [ [ -48.295553655259319, -21.145120826588897 ], [ -48.295432591412087, -21.145046302337558 ], [ -48.295296682269715, -21.144960912705294 ], [ -48.295226068145126, -21.144913886575626 ], [ -48.295162405330828, -21.144873293897074 ], [ -48.295020433941026, -21.144780231710428 ], [ -48.294965974098645, -21.144743052585603 ], [ -48.294860927255421, -21.144679346542244 ], [ -48.294774285960372, -21.144622315935706 ], [ -48.294686265698999, -21.144567175136959 ], [ -48.294615389101381, -21.14452049813012 ], [ -48.294543520454631, -21.144475175872824 ], [ -48.294488145721438, -21.144439205959358 ], [ -48.29442382831791, -21.144399532207014 ], [ -48.294352771070102, -21.144353097691759 ], [ -48.294265034282638, -21.144297560978249 ], [ -48.294131296787278, -21.144209206234866 ], [ -48.294045478149549, -21.144151091652681 ], [ -48.293911138740917, -21.144063544476037 ], [ -48.293879145135215, -21.144043474156973 ], [ -48.293809215713623, -21.14399555669004 ], [ -48.29372185620106, -21.143939499340725 ], [ -48.293667377388886, -21.143902345178439 ], [ -48.293627287944332, -21.143877394599834 ], [ -48.293532279548288, -21.143815841462473 ], [ -48.293414380657261, -21.143737742615098 ], [ -48.293352258403694, -21.143695101732217 ], [ -48.293312373242728, -21.14366986474592 ], [ -48.293241491029661, -21.14362319595195 ], [ -48.293124411514718, -21.143544019911729 ], [ -48.293068724794644, -21.143508477021957 ], [ -48.292974268492841, -21.143446180931175 ], [ -48.292919653519959, -21.143409203415139 ], [ -48.292879696432152, -21.143384066898047 ], [ -48.292840808352004, -21.143357495747885 ], [ -48.292816869060104, -21.143342365053361 ], [ -48.292777830337272, -21.143315989056031 ], [ -48.292704343695007, -21.143263981093082 ] ] } },
{ "type": "Feature", "properties": { "Field": "000", "Length": 360.75816911036105, "Image": "/home/dev4_bemagro_com/codes/input/64188/Orthomosaico.tif", "Farm": "64188" }, "geometry": { "type": "LineString", "coordinates": [ [ -48.295562211962256, -21.14511200770043 ], [ -48.295506125409744, -21.145076531280253 ], [ -48.295441301045223, -21.145037589976891 ], [ -48.29540130899958, -21.145012501678725 ], [ -48.295314154697138, -21.144956162895344 ], [ -48.295267096954674, -21.144924787914903 ], [ -48.295187593889906, -21.144873943066905 ], [ -48.29505428278857, -21.144785022153535 ], [ -48.295014445127535, -21.144759718721598 ], [ -48.29496729176455, -21.14472847044852 ], [ -48.294854496059237, -21.144659385013824 ], [ -48.294775457073207, -21.144607907554704 ], [ -48.294679865596358, -21.144547153339307 ], [ -48.294648493757002, -21.144526236839976 ], [ -48.294473010998018, -21.144415175882109 ], [ -48.294219553289985, -21.144251171412648 ], [ -48.294078427401125, -21.14415698515964 ], [ -48.293975480584223, -21.144090330879905 ], [ -48.293944328772362, -21.144069127082929 ], [ -48.293888683449481, -21.144033526841714 ], [ -48.293818374520185, -21.143986100666691 ], [ -48.293739328817722, -21.14393463288328 ], [ -48.293699289114045, -21.14390961209055 ], [ -48.293581171546435, -21.143831804470423 ], [ -48.293377167895052, -21.143695963475871 ], [ -48.293313880283826, -21.143654858541403 ], [ -48.293219702116723, -21.143592192772477 ], [ -48.293126266739236, -21.143528555976832 ], [ -48.292959412689306, -21.143421643740339 ], [ -48.292873928521765, -21.143363097629351 ], [ -48.292810912696545, -21.143321627053957 ], [ -48.292748772765464, -21.143279009121311 ], [ -48.292712626699561, -21.143253096371605 ] ] } },
{ "type": "Feature", "properties": { "Field": "000", "Length": 360.93100222079687, "Image": "/home/dev4_bemagro_com/codes/input/64188/Orthomosaico.tif", "Farm": "64188" }, "geometry": { "type": "LineString", "coordinates": [ [ -48.295571325575345, -21.145102614835807 ], [ -48.295522757407532, -21.145072641075547 ], [ -48.295419282652617, -21.14500670911012 ], [ -48.295395876087369, -21.144990861395048 ], [ -48.295276576200585, -21.14491465640906 ], [ -48.29522974781014, -21.144882980875479 ], [ -48.295150942787345, -21.144831188485853 ], [ -48.295031060655134, -21.144755792193546 ], [ -48.29500789850119, -21.144739631582464 ], [ -48.294968417619117, -21.144713840712228 ], [ -48.294879883608345, -21.144659428498631 ], [ -48.294769430677036, -21.144587088331466 ], [ -48.29468949119034, -21.144536849641494 ], [ -48.29464229800022, -21.144505654444444 ], [ -48.29453124121568, -21.144434132773597 ], [ -48.294450849264926, -21.144384533733522 ], [ -48.29434103896731, -21.14431133790745 ], [ -48.294285531875971, -21.144275548090626 ], [ -48.294221475794579, -21.144235504088371 ], [ -48.294151719734622, -21.144187364595023 ], [ -48.294096107101588, -21.144151719347811 ], [ -48.294033229968576, -21.144110063355253 ], [ -48.293953749608818, -21.144059188012346 ], [ -48.293883628034223, -21.144011518312471 ], [ -48.293757191860614, -21.143929119916489 ], [ -48.293725938991429, -21.14390804746176 ], [ -48.293662421017558, -21.143867256299487 ], [ -48.293482302724932, -21.143746632527819 ], [ -48.29337114484408, -21.143675250171874 ], [ -48.293190586818667, -21.143555206783795 ], [ -48.293128730962067, -21.143512226520404 ], [ -48.2930894431341, -21.143486178014431 ], [ -48.292953475285479, -21.14340087312911 ], [ -48.292867412400355, -21.14334307806843 ], [ -48.29279825077986, -21.143294190177034 ], [ -48.292743578492647, -21.143257287365493 ], [ -48.292721423688249, -21.14324153621962 ] ] } },
{ "type": "Feature", "properties": { "Field": "000", "Length": 361.11091333587939, "Image": "/home/dev4_bemagro_com/codes/input/64188/Orthomosaico.tif", "Farm": "64188" }, "geometry": { "type": "LineString", "coordinates": [ [ -48.295581503534969, -21.14509212500969 ], [ -48.295532586198547, -21.145062452156452 ], [ -48.295493041303466, -21.145036747598809 ], [ -48.295421055565612, -21.144991588743814 ], [ -48.295317996230274, -21.14492508668938 ], [ -48.295144799140481, -21.144810910804043 ], [ -48.295048983888918, -21.144750467391983 ], [ -48.294970271295739, -21.144698551560491 ], [ -48.294881756566731, -21.1446441117577 ], [ -48.29477141993565, -21.144571615572055 ], [ -48.294722876856426, -21.144542300009782 ], [ -48.294612394835276, -21.144469999090308 ], [ -48.294532655434224, -21.144419481426475 ], [ -48.294460333714696, -21.144374798056102 ], [ -48.294373999493459, -21.144317359343287 ], [ -48.294262663537374, -21.144246220932015 ], [ -48.294082569472884, -21.144125564572949 ], [ -48.294011383168495, -21.144079304568145 ], [ -48.293947461485544, -21.144039072136309 ], [ -48.293806664137186, -21.143944454435161 ], [ -48.293656610113466, -21.143846486466661 ], [ -48.293515723636922, -21.143751985899151 ], [ -48.293476134241423, -21.143726342285202 ], [ -48.293435960110209, -21.143701511959097 ], [ -48.293333696498834, -21.143633938909595 ], [ -48.293239657596082, -21.143571089355998 ], [ -48.293153998478154, -21.143512768590302 ], [ -48.293075021224475, -21.143461208819282 ], [ -48.292955540292837, -21.143385255972266 ], [ -48.292869484426511, -21.14332745172538 ], [ -48.292729781927378, -21.143230552627578 ] ] } },
{ "type": "Feature", "properties": { "Field": "000", "Length": 361.37724264386412, "Image": "/home/dev4_bemagro_com/codes/input/64188/Orthomosaico.tif", "Farm": "64188" }, "geometry": { "type": "LineString", "coordinates": [ [ -48.295592215894196, -21.145081384381538 ], [ -48.295519507119181, -21.145037023149978 ], [ -48.295431974097795, -21.144981203466617 ], [ -48.29536095037556, -21.144934723357487 ], [ -48.29531282442646, -21.144904808416609 ], [ -48.295202310127543, -21.144832550472422 ], [ -48.295171225434089, -21.144811259907407 ], [ -48.295067851753892, -21.144745188849495 ], [ -48.294989638976936, -21.144692612395239 ], [ -48.294908597378658, -21.144643952466659 ], [ -48.29477422087502, -21.144556454643741 ], [ -48.294709362533595, -21.144517563565731 ], [ -48.294645216493784, -21.144477646316318 ], [ -48.294582116613768, -21.144436287590292 ], [ -48.294510521114347, -21.144390586492673 ], [ -48.294392522381678, -21.144312619698859 ], [ -48.294265399696982, -21.144231155807375 ], [ -48.294187344642303, -21.144178373904662 ], [ -48.294132119218027, -21.144142202703922 ], [ -48.294077712536286, -21.144104955508354 ], [ -48.294005554274449, -21.144060040421646 ], [ -48.293927009908764, -21.144007901430101 ], [ -48.293841443048613, -21.143949461185084 ], [ -48.293769775902732, -21.14390385942847 ], [ -48.293699364602062, -21.143856567201812 ], [ -48.293643530970563, -21.14382122753268 ], [ -48.293556697931976, -21.143764454985462 ], [ -48.293462636332791, -21.143701635193121 ], [ -48.293406991542511, -21.14366603444601 ], [ -48.293359867726764, -21.143634747533486 ], [ -48.293282163322161, -21.143581512718608 ], [ -48.293226583433565, -21.143545822928974 ], [ -48.293164394497225, -21.143503267798863 ], [ -48.293054336593777, -21.143430401070308 ], [ -48.292927637283789, -21.143348359999116 ], [ -48.292841804287427, -21.143290264871279 ], [ -48.292788181936615, -21.143252030202412 ], [ -48.292738150469859, -21.143218923374338 ] ] } },
{ "type": "Feature", "properties": { "Field": "000", "Length": 361.65323182517039, "Image": "/home/dev4_bemagro_com/codes/input/64188/Orthomosaico.tif", "Farm": "64188" }, "geometry": { "type": "LineString", "coordinates": [ [ -48.295602759726307, -21.145071231069817 ], [ -48.295521746143095, -21.145022405860647 ], [ -48.295449873509178, -21.144977088736969 ], [ -48.295394927494101, -21.144940544465094 ], [ -48.295275432077688, -21.144864609637658 ], [ -48.295188830493899, -21.144807525776848 ], [ -48.295164700575093, -21.144792663559393 ], [ -48.294999312457747, -21.144683762703384 ], [ -48.294902695499495, -21.144624453243427 ], [ -48.29484704925764, -21.144588853905095 ], [ -48.294800014656047, -21.144557448583903 ], [ -48.294760180323351, -21.14453214063931 ], [ -48.29470370909462, -21.144497703702342 ], [ -48.294616056120596, -21.144442050470154 ], [ -48.294576846564603, -21.144415897967122 ], [ -48.294473425674362, -21.144349892430107 ], [ -48.294378996012483, -21.14428755990636 ], [ -48.294291520671457, -21.14423166144768 ], [ -48.294103346471744, -21.144106088193848 ], [ -48.29402350215603, -21.144055716915158 ], [ -48.293991979480275, -21.144035001134405 ], [ -48.293882975934764, -21.143960751997597 ], [ -48.293677353224446, -21.143827076413761 ], [ -48.293630492530063, -21.143795443504313 ], [ -48.29356694139927, -21.143754697894341 ], [ -48.293480722637447, -21.143697107328919 ], [ -48.293401577648737, -21.14364577425718 ], [ -48.293291877374642, -21.143572434252928 ], [ -48.293244267667873, -21.143541801658102 ], [ -48.293173896398187, -21.143494457295308 ], [ -48.293150002012482, -21.143479264214069 ], [ -48.293064267465247, -21.14342104115833 ], [ -48.292905990821389, -21.143318357460952 ], [ -48.29287481004706, -21.143297191419599 ], [ -48.292798233122895, -21.143242537849368 ], [ -48.292746018397246, -21.143207908283358 ] ] } },
{ "type": "Feature", "properties": { "Field": "000", "Length": 361.93683188245643, "Image": "/home/dev4_bemagro_com/codes/input/64188/Orthomosaico.tif", "Farm": "64188" }, "geometry": { "type": "LineString", "coordinates": [ [ -48.295613360784543, -21.145061022649251 ], [ -48.295532817205448, -21.145011598045958 ], [ -48.295420769696314, -21.144941448850215 ], [ -48.295381121429948, -21.144915884872901 ], [ -48.29529502786518, -21.144858128601506 ], [ -48.295246815360194, -21.144828336615571 ], [ -48.295135547021346, -21.144757104492591 ], [ -48.295081116488902, -21.144719887613309 ], [ -48.295009903393087, -21.144673663428591 ], [ -48.294969320305192, -21.144649425009277 ], [ -48.29492129943025, -21.144619361982276 ], [ -48.294826836994766, -21.144557072891274 ], [ -48.294682886880835, -21.144466726044286 ], [ -48.294580276153404, -21.144399616830203 ], [ -48.294484193309287, -21.144339548885316 ], [ -48.294428791090425, -21.144303616313696 ], [ -48.2943897608301, -21.144277228880537 ], [ -48.29434180449266, -21.144247075529478 ], [ -48.294129517307731, -21.144106588579614 ], [ -48.294049961765126, -21.144055816756062 ], [ -48.293987755673562, -21.14401328335433 ], [ -48.293939907165722, -21.143982979759464 ], [ -48.293885143282765, -21.143946196256778 ], [ -48.293782110468037, -21.143879659254154 ], [ -48.293704001158922, -21.143826948329835 ], [ -48.293679945518669, -21.143811980788289 ], [ -48.293569372951815, -21.143739802687914 ], [ -48.293365463648875, -21.143603837243383 ], [ -48.293317870130693, -21.143573182497253 ], [ -48.293279021163023, -21.143546560952174 ], [ -48.293239334721989, -21.143521049790586 ], [ -48.293114404724577, -21.143436654295279 ], [ -48.292963590446405, -21.14333972007487 ], [ -48.292924671802936, -21.143313188348241 ], [ -48.292885132410433, -21.143287477115599 ], [ -48.292807987209144, -21.143233531519002 ], [ -48.292753822955355, -21.143196981907128 ] ] } },
{ "type": "Feature", "properties": { "Field": "000", "Length": 362.21043229618289, "Image": "/home/dev4_bemagro_com/codes/input/64188/Orthomosaico.tif", "Farm": "64188" }, "geometry": { "type": "LineString", "coordinates": [ [ -48.295623618369419, -21.145051144978503 ], [ -48.295574703354831, -21.145021880340192 ], [ -48.295462426360196, -21.144952054806769 ], [ -48.295327560388515, -21.144865221816779 ], [ -48.295249071191847, -21.144813009050061 ], [ -48.295153203870264, -21.14475263833042 ], [ -48.295083481508541, -21.144704455492395 ], [ -48.295020424175519, -21.144663039526936 ], [ -48.294883875802057, -21.14457855278453 ], [ -48.29482867607674, -21.144542346822398 ], [ -48.294645445556029, -21.144425920127734 ], [ -48.294534636786089, -21.144354060773551 ], [ -48.294462459582384, -21.144309172262741 ], [ -48.294351712603678, -21.144237229266999 ], [ -48.294295596265556, -21.144202285666232 ], [ -48.294154729491147, -21.144107758685113 ], [ -48.294067583066671, -21.144051410051087 ], [ -48.294012755702248, -21.144014709829776 ], [ -48.293980909985095, -21.143994433573411 ], [ -48.293918408301948, -21.143952283322729 ], [ -48.293878618476597, -21.143926914105322 ], [ -48.293744972654942, -21.143838437876191 ], [ -48.293681458485359, -21.143797641539429 ], [ -48.293642557308999, -21.143771087083991 ], [ -48.293555418858851, -21.143714727928373 ], [ -48.29349285935033, -21.143672653436848 ], [ -48.293429586959412, -21.143631527887973 ], [ -48.293343721561243, -21.143573474644231 ], [ -48.293256841226814, -21.14351676604781 ], [ -48.293178656979336, -21.1434641533017 ], [ -48.293130993834815, -21.143433593987986 ], [ -48.29308419365185, -21.143401882528828 ], [ -48.293004713132795, -21.143351008031249 ], [ -48.292910743519258, -21.143288067608843 ], [ -48.292841139651948, -21.143239735308349 ], [ -48.292778289239429, -21.143198044461538 ], [ -48.292761497504038, -21.14318623754189 ] ] } },
{ "type": "Feature", "properties": { "Field": "000", "Length": 362.49850677444772, "Image": "/home/dev4_bemagro_com/codes/input/64188/Orthomosaico.tif", "Farm": "64188" }, "geometry": { "type": "LineString", "coordinates": [ [ -48.295634119074521, -21.145041033189898 ], [ -48.295601299094656, -21.145021094654808 ], [ -48.295553644690713, -21.144990522499036 ], [ -48.295456721609447, -21.144931653903495 ], [ -48.295369124166569, -21.144875923326701 ], [ -48.295337595855678, -21.144855214802519 ], [ -48.295291316446466, -21.144822836966906 ], [ -48.295163648217425, -21.144742126651053 ], [ -48.295078120216637, -21.144683635673637 ], [ -48.29498312246178, -21.144622067189324 ], [ -48.294910184887065, -21.144578273502294 ], [ -48.294751771461215, -21.144475773526679 ], [ -48.294671615475671, -21.144425839446413 ], [ -48.294600268113875, -21.144379798077786 ], [ -48.294544212063819, -21.144344769320572 ], [ -48.294496906181692, -21.144313724802242 ], [ -48.294472648636379, -21.144299046714998 ], [ -48.294409435143905, -21.144257841080915 ], [ -48.294361191614186, -21.144228093668968 ], [ -48.294235892080707, -21.144144180738213 ], [ -48.2940780675101, -21.144040885149231 ], [ -48.294023368418735, -21.1440040168576 ], [ -48.293919913688683, -21.143938058485972 ], [ -48.293872775771696, -21.143906790126511 ], [ -48.293826217392059, -21.143874766696566 ], [ -48.293755326240351, -21.143828109671599 ], [ -48.293675507881055, -21.143777702447473 ], [ -48.293605244211058, -21.143730217452966 ], [ -48.293557687928676, -21.14369951181699 ], [ -48.29349552648128, -21.143656921242378 ], [ -48.293432116680357, -21.143615982392184 ], [ -48.293204804083366, -21.143464164475002 ], [ -48.293038559662364, -21.143356419718334 ], [ -48.292842598343732, -21.143225545615927 ], [ -48.292769405426618, -21.143175166451073 ] ] } },
{ "type": "Feature", "properties": { "Field": "000", "Length": 362.75119980695848, "Image": "/home/dev4_bemagro_com/codes/input/64188/Orthomosaico.tif", "Farm": "64188" }, "geometry": { "type": "LineString", "coordinates": [ [ -48.295643841344692, -21.145031671003228 ], [ -48.295450781032713, -21.144912520587773 ], [ -48.295363703194127, -21.144856077913737 ], [ -48.295308944054689, -21.14481928766703 ], [ -48.295166010980893, -21.14472753024269 ], [ -48.295119508355064, -21.144695435182971 ], [ -48.295048593526872, -21.144648809183749 ], [ -48.294984944548055, -21.144608197586489 ], [ -48.294880577306309, -21.144543516073071 ], [ -48.294849168633299, -21.144522648272879 ], [ -48.294498636428223, -21.144299925102498 ], [ -48.294435417801999, -21.144258726397876 ], [ -48.294379575145427, -21.144223399012827 ], [ -48.294316464851079, -21.144182054442286 ], [ -48.294277509795791, -21.144155569429724 ], [ -48.294166715322376, -21.144083691007037 ], [ -48.294079913999148, -21.144026875520694 ], [ -48.294025156528647, -21.14399008358507 ], [ -48.29393815166906, -21.143933542853496 ], [ -48.293820442029919, -21.143855192973241 ], [ -48.293654051011515, -21.143747646825528 ], [ -48.293567851506353, -21.143690030890067 ], [ -48.293490079010141, -21.143636883600902 ], [ -48.293364204052601, -21.143553732898084 ], [ -48.2933005899176, -21.143513074076473 ], [ -48.293222382385281, -21.143460491795324 ], [ -48.293182408834816, -21.14343537828864 ], [ -48.293127712980613, -21.14339850612879 ], [ -48.293064154475964, -21.143357770920648 ], [ -48.292938661696397, -21.143274113729635 ], [ -48.292852860173895, -21.14321597775071 ], [ -48.292777720822201, -21.143163524895684 ] ] } },
{ "type": "Feature", "properties": { "Field": "000", "Length": 363.0480653644081, "Image": "/home/dev4_bemagro_com/codes/input/64188/Orthomosaico.tif", "Farm": "64188" }, "geometry": { "type": "LineString", "coordinates": [ [ -48.295654714288155, -21.145021200758499 ], [ -48.295622154930783, -21.145001826222309 ], [ -48.295590399700892, -21.14498142508447 ], [ -48.295541918750828, -21.144952018923611 ], [ -48.295502536619942, -21.144926095410476 ], [ -48.295462320909344, -21.144901323813592 ], [ -48.295327867015189, -21.144813930267425 ], [ -48.295240058646677, -21.144758492708331 ], [ -48.295177639372298, -21.144716234591037 ], [ -48.29506760289199, -21.144643337890979 ], [ -48.294963116719273, -21.144578825541746 ], [ -48.294852230867974, -21.144507070706343 ], [ -48.29478834664738, -21.144466785605829 ], [ -48.294757092516299, -21.144445714606015 ], [ -48.294685643464781, -21.144399812213774 ], [ -48.294573151834506, -21.14433029219536 ], [ -48.294469774316369, -21.144264226969607 ], [ -48.294406898423468, -21.144222569233193 ], [ -48.29435898970025, -21.144192349364133 ], [ -48.29414647072948, -21.144052171277142 ], [ -48.294036822977738, -21.143978761670553 ], [ -48.293965296926615, -21.143932965322158 ], [ -48.293847479930164, -21.143854757584833 ], [ -48.29378359083384, -21.143814479772409 ], [ -48.293665073218939, -21.143737209494752 ], [ -48.293570835124648, -21.143674622950897 ], [ -48.293524536846292, -21.143642269440349 ], [ -48.293430766483262, -21.143579067710387 ], [ -48.293343901526534, -21.143522338369202 ], [ -48.293303988538426, -21.143497140197326 ], [ -48.293249034272755, -21.143460607733253 ], [ -48.293193171752364, -21.143425308510089 ], [ -48.29316211517758, -21.143403982322372 ], [ -48.293082833417564, -21.143352835590001 ], [ -48.292817121191902, -21.143173803593573 ], [ -48.292785965173721, -21.143151982799562 ] ] } },
{ "type": "Feature", "properties": { "Field": "000", "Length": 363.33518130635031, "Image": "/home/dev4_bemagro_com/codes/input/64188/Orthomosaico.tif", "Farm": "64188" }, "geometry": { "type": "LineString", "coordinates": [ [ -48.295665503966077, -21.145010810693087 ], [ -48.295583979782855, -21.144962240607519 ], [ -48.295463932011437, -21.144887076403492 ], [ -48.295393284241143, -21.144840094799353 ], [ -48.295202761952261, -21.144717675975912 ], [ -48.295077143219146, -21.144634183430703 ], [ -48.295029648770019, -21.144603393189012 ], [ -48.294940749688806, -21.14454950747508 ], [ -48.294877869891025, -21.144507854724822 ], [ -48.294829833579364, -21.144477813480918 ], [ -48.294766626395031, -21.144436599196649 ], [ -48.294551694242102, -21.144299697000065 ], [ -48.294479589161767, -21.144254706625663 ], [ -48.294328868219473, -21.144157643297934 ], [ -48.294156424419342, -21.144042469692778 ], [ -48.293998296641789, -21.143939583196506 ], [ -48.293865035712066, -21.143850597442508 ], [ -48.293675301327283, -21.143727108450715 ], [ -48.293605095477275, -21.143679548277802 ], [ -48.293549489813572, -21.143643893765603 ], [ -48.293376926653352, -21.143528878583197 ], [ -48.293250459668279, -21.143446522456578 ], [ -48.293140923448632, -21.143372967173299 ], [ -48.293037920774999, -21.143306389758827 ], [ -48.292983393779998, -21.143269298207457 ], [ -48.292936135947578, -21.143238189907706 ], [ -48.292794149025781, -21.143140525400305 ] ] } },
{ "type": "Feature", "properties": { "Field": "000", "Length": 363.60833520586766, "Image": "/home/dev4_bemagro_com/codes/input/64188/Orthomosaico.tif", "Farm": "64188" }, "geometry": { "type": "LineString", "coordinates": [ [ -48.295674909416697, -21.145001753586083 ], [ -48.295626050662733, -21.144972521869171 ], [ -48.295570610390207, -21.14493664058076 ], [ -48.295522520318265, -21.144906674888553 ], [ -48.295506972120371, -21.144896037110879 ], [ -48.295466565250067, -21.144871540836352 ], [ -48.295388094972516, -21.144819303028189 ], [ -48.295355898377444, -21.144799520160241 ], [ -48.295284530834692, -21.144753506013764 ], [ -48.295253241541189, -21.144732480892035 ], [ -48.295204992804372, -21.144702740635285 ], [ -48.295103610284812, -21.144634007865889 ], [ -48.294999654538657, -21.144568745700735 ], [ -48.294951069134115, -21.144539491898307 ], [ -48.294888305797834, -21.144497684847575 ], [ -48.294784825176983, -21.144431761629512 ], [ -48.294745567391168, -21.144405672877575 ], [ -48.294665331142255, -21.144355852432057 ], [ -48.294626076784859, -21.144329759173253 ], [ -48.294585471695711, -21.144305553366319 ], [ -48.294546318384192, -21.144279326854246 ], [ -48.294355039863376, -21.144157951580567 ], [ -48.294299849443092, -21.144121733385795 ], [ -48.294245827361891, -21.144083996717427 ], [ -48.294016953148478, -21.143934256740781 ], [ -48.293875747880229, -21.143840175691199 ], [ -48.293804219791213, -21.143794382251919 ], [ -48.293733822915691, -21.143747071192585 ], [ -48.293678128553097, -21.143711538690024 ], [ -48.293600315508023, -21.143658443636941 ], [ -48.293560467120571, -21.143633155574445 ], [ -48.293474279901965, -21.143575523562255 ], [ -48.293434460208942, -21.143550195787604 ], [ -48.293356470674134, -21.143497329265561 ], [ -48.293190235888652, -21.143389571338748 ], [ -48.29302492452976, -21.143280570493264 ], [ -48.292931327145709, -21.143217143856155 ], [ -48.292883977761079, -21.143186158351078 ], [ -48.292802595964105, -21.143128699677561 ] ] } },
{ "type": "Feature", "properties": { "Field": "000", "Length": 363.87239777075553, "Image": "/home/dev4_bemagro_com/codes/input/64188/Orthomosaico.tif", "Farm": "64188" }, "geometry": { "type": "LineString", "coordinates": [ [ -48.295685963267083, -21.144991197539692 ], [ -48.295604384221214, -21.144942721033644 ], [ -48.295548553463192, -21.144907376651158 ], [ -48.295517239052771, -21.144886384411596 ], [ -48.295468834047618, -21.144856868396154 ], [ -48.295429163691495, -21.144831334625234 ], [ -48.295390238085183, -21.144804811253394 ], [ -48.295365830724265, -21.144790353247092 ], [ -48.295294932574066, -21.144743704845801 ], [ -48.295239072410837, -21.144708401506389 ], [ -48.295145030951531, -21.144645554175234 ], [ -48.295058201296293, -21.144588776242873 ], [ -48.294961178295324, -21.144530053137323 ], [ -48.294898189714203, -21.144488545305961 ], [ -48.294842132727766, -21.144453517785767 ], [ -48.294699503348951, -21.144361345957577 ], [ -48.294492195740702, -21.144229979705326 ], [ -48.294310020835745, -21.144112104708132 ], [ -48.294247585831442, -21.144069867480283 ], [ -48.294121521573047, -21.143986968939611 ], [ -48.294066923936981, -21.143949968552437 ], [ -48.293940477136296, -21.143867584546776 ], [ -48.293924355550374, -21.143857726732143 ], [ -48.2938381328755, -21.143800141200746 ], [ -48.293695749866906, -21.143707635783986 ], [ -48.29360188313651, -21.14364456000477 ], [ -48.293554292906428, -21.143613900732127 ], [ -48.293483959077662, -21.143566507352627 ], [ -48.293444174346931, -21.143541131270567 ], [ -48.293358103590911, -21.143483346360831 ], [ -48.293011171464236, -21.143255720150712 ], [ -48.292878378139676, -21.143166122253991 ], [ -48.292810228388333, -21.143118432949379 ] ] } },
{ "type": "Feature", "properties": { "Field": "000", "Length": 364.17580000699496, "Image": "/home/dev4_bemagro_com/codes/input/64188/Orthomosaico.tif", "Farm": "64188" }, "geometry": { "type": "LineString", "coordinates": [ [ -48.295697184689608, -21.1449809464937 ], [ -48.295656663348851, -21.144955456116715 ], [ -48.295631693758025, -21.144941869264933 ], [ -48.295590896577565, -21.144917949105722 ], [ -48.295527332950726, -21.144877219819392 ], [ -48.295471178466826, -21.144842329756209 ], [ -48.295337971910044, -21.144753271043996 ], [ -48.29525791474547, -21.144703197353991 ], [ -48.295203008068647, -21.144666601229925 ], [ -48.29513162423693, -21.144620609428745 ], [ -48.295108409261914, -21.144604515684168 ], [ -48.295045443399736, -21.144562977471452 ], [ -48.295004652311363, -21.144539048361001 ], [ -48.294964444597035, -21.144514265520613 ], [ -48.294933211088626, -21.14449316760431 ], [ -48.294884807982406, -21.144463649073607 ], [ -48.294710545343058, -21.144350910005119 ], [ -48.294622278477583, -21.144296117479403 ], [ -48.294527628419665, -21.14423407987783 ], [ -48.294415956427422, -21.144163406612474 ], [ -48.294337302913185, -21.144111412518242 ], [ -48.294305325075293, -21.14409132006077 ], [ -48.294281953977347, -21.14407542656572 ], [ -48.294234328348431, -21.144044815474746 ], [ -48.294172387037108, -21.14400194331483 ], [ -48.294140443379099, -21.143981803103227 ], [ -48.29409348116797, -21.143950302878423 ], [ -48.293982517498755, -21.143878654770521 ], [ -48.293841278047957, -21.14378461896715 ], [ -48.293801282091742, -21.143759536719461 ], [ -48.293754451455676, -21.143727864676009 ], [ -48.293651260102216, -21.143661544484267 ], [ -48.293581302457952, -21.143613663539785 ], [ -48.293525990162607, -21.143577609682009 ], [ -48.293464134952877, -21.143534628558218 ], [ -48.293353577752114, -21.143462430054548 ], [ -48.293298813021366, -21.143425647957901 ], [ -48.293132231461435, -21.143318362508481 ], [ -48.29302238759162, -21.143245212270475 ], [ -48.292998363711206, -21.143230200056443 ], [ -48.292896815869589, -21.143161684037388 ], [ -48.292818612908931, -21.14310748062109 ] ] } },
{ "type": "Feature", "properties": { "Field": "000", "Length": 364.43930948040651, "Image": "/home/dev4_bemagro_com/codes/input/64188/Orthomosaico.tif", "Farm": "64188" }, "geometry": { "type": "LineString", "coordinates": [ [ -48.295707626283949, -21.144971407837865 ], [ -48.295667064831839, -21.144946569049335 ], [ -48.295585439245052, -21.144898775639081 ], [ -48.295514163932587, -21.144852635759904 ], [ -48.295473569259713, -21.144828414318376 ], [ -48.295441716763555, -21.144808147128682 ], [ -48.295378992988084, -21.144766287664048 ], [ -48.295149886572261, -21.144616858757054 ], [ -48.295087513010671, -21.144574541360992 ], [ -48.295047503973507, -21.14454947711166 ], [ -48.295006527037337, -21.144525829118578 ], [ -48.294950575787261, -21.144490653095399 ], [ -48.294872050876542, -21.144438487913831 ], [ -48.294784109002094, -21.144383237286583 ], [ -48.294713093940061, -21.144336745980354 ], [ -48.294584824354772, -21.144256879925013 ], [ -48.294474745032616, -21.144184040716524 ], [ -48.294418843457024, -21.144148795474553 ], [ -48.294348046151676, -21.144102012971171 ], [ -48.294308049127856, -21.144076932073176 ], [ -48.294229236070919, -21.144025151116463 ], [ -48.294104095913809, -21.143941029373543 ], [ -48.293858699878598, -21.143781959449207 ], [ -48.2937648045977, -21.143718920998058 ], [ -48.293716895629728, -21.14368870174026 ], [ -48.293654117880784, -21.143646914321391 ], [ -48.293631060670165, -21.143630622425913 ], [ -48.293583262090827, -21.143600249755924 ], [ -48.293520366244231, -21.143558618989125 ], [ -48.293473687335691, -21.143526750523446 ], [ -48.293433981022545, -21.143501266587283 ], [ -48.293402984468045, -21.143479863653823 ], [ -48.293245798305023, -21.143375715959319 ], [ -48.293111161331893, -21.143288573125712 ], [ -48.292970261378493, -21.143194091042243 ], [ -48.292891511417508, -21.143142226437927 ], [ -48.29284508747017, -21.143110032061379 ], [ -48.292830324939878, -21.143098451240139 ], [ -48.292827143992433, -21.143096336841893 ] ] } },
{ "type": "Feature", "properties": { "Field": "000", "Length": 364.70893173326124, "Image": "/home/dev4_bemagro_com/codes/input/64188/Orthomosaico.tif", "Farm": "64188" }, "geometry": { "type": "LineString", "coordinates": [ [ -48.295718493407371, -21.144961480448504 ], [ -48.295620363381687, -21.144903930308878 ], [ -48.295428170644605, -21.144783831370233 ], [ -48.295350153971732, -21.144730999045194 ], [ -48.295301830278618, -21.144701366083801 ], [ -48.295191140596096, -21.144629344997846 ], [ -48.295151910929064, -21.144603218954874 ], [ -48.295105670752989, -21.144570791932704 ], [ -48.295049807905492, -21.144535492436905 ], [ -48.295009256339277, -21.144511207682626 ], [ -48.294913749161871, -21.144450336947525 ], [ -48.294874610431023, -21.144424091220337 ], [ -48.294770513242668, -21.14435902802359 ], [ -48.294731054840391, -21.144333207041573 ], [ -48.294571604039419, -21.144232133046696 ], [ -48.294476769584854, -21.144170343848536 ], [ -48.29442887472225, -21.144140104667464 ], [ -48.294302651505255, -21.144057419171912 ], [ -48.294224658324673, -21.144004556944587 ], [ -48.294184786857429, -21.143979300756062 ], [ -48.294153571420587, -21.143958179493463 ], [ -48.2940427552766, -21.143886330696464 ], [ -48.293948594154188, -21.14382364209796 ], [ -48.293869124608726, -21.143772752107544 ], [ -48.293782945296087, -21.143715109547269 ], [ -48.293672004918385, -21.143643429989069 ], [ -48.293586269050081, -21.143585208460046 ], [ -48.293444110494015, -21.143492400048867 ], [ -48.29331103385482, -21.143403172520713 ], [ -48.293231899625503, -21.143351825081947 ], [ -48.293098373323339, -21.143263190975361 ], [ -48.292987842626488, -21.143190957092802 ], [ -48.292870594838774, -21.143112000997778 ], [ -48.292834636139268, -21.14308655017804 ] ] } },
{ "type": "Feature", "properties": { "Field": "000", "Length": 364.97029305867807, "Image": "/home/dev4_bemagro_com/codes/input/64188/Orthomosaico.tif", "Farm": "64188" }, "geometry": { "type": "LineString", "coordinates": [ [ -48.295728931383159, -21.144951945094199 ], [ -48.295630807891747, -21.144894518310728 ], [ -48.295517933354759, -21.144825545994685 ], [ -48.295360114516185, -21.144722241441553 ], [ -48.295233257268876, -21.144640413539271 ], [ -48.295155159340524, -21.144587687097005 ], [ -48.295076087449004, -21.144536254149241 ], [ -48.295019406324158, -21.14450212202652 ], [ -48.294955457090886, -21.144461927798872 ], [ -48.294861213249725, -21.144399348093053 ], [ -48.294765001547297, -21.14433946191199 ], [ -48.294662198773075, -21.144272611983158 ], [ -48.294534217292338, -21.144192340263444 ], [ -48.294471454791989, -21.144150532337793 ], [ -48.294415602914583, -21.144115217837452 ], [ -48.294297976381372, -21.144036757917398 ], [ -48.294218755493823, -21.143985527652301 ], [ -48.294156255892773, -21.143943374668119 ], [ -48.294029775126596, -21.143861036554629 ], [ -48.293990726651465, -21.143834673022099 ], [ -48.293871468936253, -21.143758411474426 ], [ -48.293769296025701, -21.143690717661425 ], [ -48.29369020427437, -21.143639312395173 ], [ -48.293612262595495, -21.143586383705571 ], [ -48.293446751827872, -21.143477649125686 ], [ -48.293329673967229, -21.143398471046112 ], [ -48.29314024839973, -21.143274566412551 ], [ -48.29307775956935, -21.14323239985962 ], [ -48.292990892708858, -21.143175673399263 ], [ -48.292896861794773, -21.143112813751451 ], [ -48.292843060850792, -21.143075545343592 ] ] } },
{ "type": "Feature", "properties": { "Field": "000", "Length": 176.91254104560244, "Image": "/home/dev4_bemagro_com/codes/input/64188/Orthomosaico.tif", "Farm": "64188" }, "geometry": { "type": "LineString", "coordinates": [ [ -48.294041098259157, -21.144346153112732 ], [ -48.294010154153789, -21.144325366429349 ], [ -48.293978631408514, -21.144304651023571 ], [ -48.293947378998681, -21.144283578268254 ], [ -48.293852246056481, -21.144222194865772 ], [ -48.293733897956024, -21.144144695953951 ], [ -48.293671402398111, -21.144102539728294 ], [ -48.293607695296416, -21.144062008994599 ], [ -48.293583938589933, -21.144046627186714 ], [ -48.293489629274262, -21.143984134923315 ], [ -48.293435246885714, -21.143946860316486 ], [ -48.293387283969885, -21.143916717634323 ], [ -48.29323035614474, -21.143812227413459 ], [ -48.29314322750772, -21.143755855477533 ], [ -48.293002565265859, -21.143661062615674 ], [ -48.29292293583724, -21.143610393401062 ], [ -48.292907087636138, -21.143600154560353 ], [ -48.292868380843544, -21.143573352304585 ], [ -48.292773864840761, -21.143511136488453 ], [ -48.292649835776082, -21.143426229202795 ] ] } },
{ "type": "Feature", "properties": { "Field": "000", "Length": 365.28783023974455, "Image": "/home/dev4_bemagro_com/codes/input/64188/Orthomosaico.tif", "Farm": "64188" }, "geometry": { "type": "LineString", "coordinates": [ [ -48.29574069750366, -21.144941196443749 ], [ -48.295618796879417, -21.144868213113103 ], [ -48.295563183050369, -21.144832569042602 ], [ -48.29550675499268, -21.144798069649347 ], [ -48.295388535046015, -21.144720397749087 ], [ -48.295340621826249, -21.144690183863876 ], [ -48.295278050467999, -21.144648124190805 ], [ -48.295238213265087, -21.144622820161551 ], [ -48.295113001592846, -21.14453879129459 ], [ -48.295064154821397, -21.144509923108853 ], [ -48.295031104203495, -21.144491421338802 ], [ -48.294983106314973, -21.144461326088603 ], [ -48.294920495958806, -21.144419317680576 ], [ -48.294856824244391, -21.144378737608154 ], [ -48.29482545928245, -21.144357812071853 ], [ -48.294777381974619, -21.144327828673944 ], [ -48.29475400543582, -21.144311942159323 ], [ -48.294690051976914, -21.144271753987887 ], [ -48.294626962960898, -21.144230380790194 ], [ -48.294507044367244, -21.144155036312597 ], [ -48.294427784804206, -21.144103858614784 ], [ -48.294270425772964, -21.143999939822294 ], [ -48.294160971116575, -21.143926277067472 ], [ -48.294136864061642, -21.143911382469337 ], [ -48.294089803630825, -21.143880011550348 ], [ -48.294041838644901, -21.143849870507704 ], [ -48.293979463710542, -21.143807555404955 ], [ -48.293931488638854, -21.143777428533252 ], [ -48.293876669709036, -21.1437407173668 ], [ -48.293844767545259, -21.14372051944429 ], [ -48.2937824421005, -21.143678140297624 ], [ -48.29375010218061, -21.143658564697766 ], [ -48.29370298696881, -21.143627266362692 ], [ -48.293678894123005, -21.14361235162832 ], [ -48.293546366204446, -21.143522408002642 ], [ -48.293412396225584, -21.143434364849472 ], [ -48.293373674395397, -21.143407580817197 ], [ -48.293310936060792, -21.143365741519084 ], [ -48.293239189715926, -21.143320249945088 ], [ -48.293168724616535, -21.143273028707853 ], [ -48.293120643055062, -21.143243051922337 ], [ -48.293058181943557, -21.143200849257958 ], [ -48.293018636626513, -21.143175146078399 ], [ -48.292917696627804, -21.143105844093178 ], [ -48.292852853943785, -21.143062753049069 ] ] } },
{ "type": "Feature", "properties": { "Field": "000", "Length": 365.52687000134898, "Image": "/home/dev4_bemagro_com/codes/input/64188/Orthomosaico.tif", "Farm": "64188" }, "geometry": { "type": "LineString", "coordinates": [ [ -48.295750932361265, -21.144931846638848 ], [ -48.295709976531924, -21.14490719820472 ], [ -48.295676877723182, -21.144888772238712 ], [ -48.295572119227728, -21.144824649414371 ], [ -48.295493223924957, -21.144772978134473 ], [ -48.295421382869129, -21.144727617133771 ], [ -48.295106147608429, -21.144520468513957 ], [ -48.294953666705609, -21.144425854876907 ], [ -48.294842671605252, -21.144354249011492 ], [ -48.29470721795068, -21.1442682257419 ], [ -48.294652265608839, -21.144231690246095 ], [ -48.29451634369142, -21.144146319703122 ], [ -48.294445768674869, -21.144099242517495 ], [ -48.294381843588916, -21.144059014792081 ], [ -48.294178330048588, -21.143922527669353 ], [ -48.294106873211383, -21.143876636346807 ], [ -48.293965654465865, -21.143782573156159 ], [ -48.293902035136668, -21.143741921298439 ], [ -48.293791880462209, -21.143669183030774 ], [ -48.29373622256059, -21.143633600316839 ], [ -48.293547698650642, -21.143508490712762 ], [ -48.293436991291131, -21.143436495016768 ], [ -48.293389975354671, -21.143405065678245 ], [ -48.293359362620976, -21.143383181972201 ], [ -48.293320425097107, -21.143356674601279 ], [ -48.293248734923075, -21.143311105160254 ], [ -48.293225396331273, -21.143295169872331 ], [ -48.293185701208692, -21.143269670695584 ], [ -48.292860545160927, -21.143052706342072 ] ] } },
{ "type": "Feature", "properties": { "Field": "000", "Length": 365.74690162182577, "Image": "/home/dev4_bemagro_com/codes/input/64188/Orthomosaico.tif", "Farm": "64188" }, "geometry": { "type": "LineString", "coordinates": [ [ -48.295759684461032, -21.144923851369704 ], [ -48.295630380420384, -21.144845378601794 ], [ -48.295502602074485, -21.144764821707959 ], [ -48.295424136401124, -21.14471257788307 ], [ -48.295225536492225, -21.144585249367299 ], [ -48.295124021132743, -21.144516689478809 ], [ -48.295076014570917, -21.144486606388604 ], [ -48.295027444827767, -21.144457329739861 ], [ -48.294940198786058, -21.144401116552331 ], [ -48.29472443455704, -21.144265371202984 ], [ -48.294653927121722, -21.144218204882325 ], [ -48.294542214297721, -21.144147588430005 ], [ -48.294487372801115, -21.144110906713589 ], [ -48.29439982357794, -21.144055110276263 ], [ -48.294282813201271, -21.143975843702076 ], [ -48.2942192103068, -21.143935169074663 ], [ -48.294117139919827, -21.143867339064251 ], [ -48.294077040449984, -21.143842402655274 ], [ -48.294038187757508, -21.143815785763326 ], [ -48.293872127253614, -21.143707790949794 ], [ -48.293667951722348, -21.14357217756141 ], [ -48.293509955685025, -21.143469113873827 ], [ -48.293376418450727, -21.143380494071973 ], [ -48.293330225600535, -21.143348008326598 ], [ -48.29329875527845, -21.143327222836955 ], [ -48.293147431916118, -21.143230989543422 ], [ -48.293069915049486, -21.143177514925771 ], [ -48.292983205786435, -21.143120576693487 ], [ -48.292869019966538, -21.143041636064901 ] ] } },
{ "type": "Feature", "properties": { "Field": "000", "Length": 366.01100520459636, "Image": "/home/dev4_bemagro_com/codes/input/64188/Orthomosaico.tif", "Farm": "64188" }, "geometry": { "type": "LineString", "coordinates": [ [ -48.295769919301961, -21.144914501576437 ], [ -48.295623757556768, -21.144826668108202 ], [ -48.295592293602624, -21.144805873618402 ], [ -48.295536430521111, -21.144770574286753 ], [ -48.29540236496895, -21.14468265738374 ], [ -48.295258908720413, -21.144591621524082 ], [ -48.295118050220204, -21.144497083017956 ], [ -48.295061294066329, -21.144463060821188 ], [ -48.295021681799454, -21.144437447967061 ], [ -48.295005443057249, -21.144427760755303 ], [ -48.294909952924421, -21.144366866563839 ], [ -48.294839146648883, -21.144320095822884 ], [ -48.294758712423317, -21.14427055719208 ], [ -48.294687092514401, -21.144224889858954 ], [ -48.294631886782078, -21.144188692148997 ], [ -48.294512266386988, -21.1441129316709 ], [ -48.294465429051201, -21.144081268156718 ], [ -48.294378455029928, -21.144024685556005 ], [ -48.294284705124426, -21.143961456694665 ], [ -48.294205264713113, -21.143910526546598 ], [ -48.294142702708761, -21.143868455156323 ], [ -48.293977355687623, -21.143759500995984 ], [ -48.293874183941568, -21.143693153898141 ], [ -48.293740860874607, -21.143604250412153 ], [ -48.293646016722938, -21.143542474965798 ], [ -48.293528616802988, -21.14346371761069 ], [ -48.293424882565652, -21.143398147339873 ], [ -48.293339866700848, -21.143339004075827 ], [ -48.293300659426649, -21.143312849014514 ], [ -48.293237500206409, -21.143271570866261 ], [ -48.293197468126564, -21.143246539618303 ], [ -48.292992910616576, -21.143111434843561 ], [ -48.292877389877532, -21.143030702804833 ] ] } },
{ "type": "Feature", "properties": { "Field": "000", "Length": 366.28520267414029, "Image": "/home/dev4_bemagro_com/codes/input/64188/Orthomosaico.tif", "Farm": "64188" }, "geometry": { "type": "LineString", "coordinates": [ [ -48.295780209843009, -21.144905100897702 ], [ -48.295755775513875, -21.144889448862038 ], [ -48.295650571309196, -21.144825971495873 ], [ -48.295611101561413, -21.144800165563979 ], [ -48.295571046559402, -21.144775165894529 ], [ -48.2955002299543, -21.144728408595274 ], [ -48.295460276593154, -21.144703266222155 ], [ -48.295428995767381, -21.144682230019999 ], [ -48.295396986672891, -21.144662181191247 ], [ -48.295262489729076, -21.144574846268075 ], [ -48.295192603133238, -21.144526873388664 ], [ -48.295145321513459, -21.144495796235873 ], [ -48.295063322546298, -21.144448569135452 ], [ -48.295008042639232, -21.14441247105151 ], [ -48.294969413405227, -21.144385569192803 ], [ -48.294842072773207, -21.144304405246185 ], [ -48.294794824411774, -21.144273283724797 ], [ -48.294697842691569, -21.144214500969941 ], [ -48.294658791085546, -21.144188141362001 ], [ -48.294634376465126, -21.144173694323595 ], [ -48.294546601809301, -21.144118210408806 ], [ -48.294428901026038, -21.144039848525761 ], [ -48.294357586814975, -21.143993762252432 ], [ -48.294279923990558, -21.143940473713187 ], [ -48.294240367828912, -21.143914784890057 ], [ -48.294193673727456, -21.143882935828525 ], [ -48.294090416587473, -21.143816705604088 ], [ -48.293956935365266, -21.143728011043574 ], [ -48.293893226634452, -21.143687482631456 ], [ -48.293720452777904, -21.143572746026969 ], [ -48.293672449219677, -21.143542659242307 ], [ -48.293570413811999, -21.143474783362713 ], [ -48.293539469641516, -21.143453313820249 ], [ -48.293460255078479, -21.143402075455416 ], [ -48.29335074863971, -21.143328481165135 ], [ -48.293318839655022, -21.143308292874465 ], [ -48.293248278807518, -21.143261197640928 ], [ -48.293208348122938, -21.143236024259696 ], [ -48.293161465804268, -21.143204419835744 ], [ -48.293121560735692, -21.143179210755566 ], [ -48.292919038766158, -21.143041433556579 ], [ -48.29288664475289, -21.143018613550741 ] ] } },
{ "type": "Feature", "properties": { "Field": "000", "Length": 366.5316758316244, "Image": "/home/dev4_bemagro_com/codes/input/64188/Orthomosaico.tif", "Farm": "64188" }, "geometry": { "type": "LineString", "coordinates": [ [ -48.295790858540208, -21.144895373031876 ], [ -48.295758742035474, -21.144874944156943 ], [ -48.295669532220167, -21.144821511986915 ], [ -48.29559794051977, -21.144775805284631 ], [ -48.295525774224963, -21.14473090093971 ], [ -48.295470280154255, -21.144695093049233 ], [ -48.295415467544728, -21.144658373016327 ], [ -48.295304481594847, -21.144586754359832 ], [ -48.295194920703892, -21.144513230007991 ], [ -48.295147481626024, -21.144482364774316 ], [ -48.295074716178185, -21.144438319882688 ], [ -48.295034705925225, -21.144413257393392 ], [ -48.294908049951118, -21.144331155959858 ], [ -48.294892557681429, -21.144320446697574 ], [ -48.294805203810341, -21.144264381214146 ], [ -48.29472467891128, -21.14421497244664 ], [ -48.294501782875429, -21.144073005017567 ], [ -48.29439129871318, -21.144000707478309 ], [ -48.294297727607194, -21.14393724596022 ], [ -48.294211060886177, -21.14388025000958 ], [ -48.294171175871234, -21.143855012701568 ], [ -48.294077281739007, -21.143791972642688 ], [ -48.294029560813122, -21.143761492591693 ], [ -48.293974818409637, -21.143724681058909 ], [ -48.293856035369423, -21.143647770388409 ], [ -48.293793334412193, -21.143605881629522 ], [ -48.293722111796896, -21.143559671205878 ], [ -48.293604733676261, -21.143480885228428 ], [ -48.293470445259814, -21.143393270121773 ], [ -48.293376532332211, -21.143330255182182 ], [ -48.293321297206667, -21.143294097505812 ], [ -48.293266771657535, -21.143257004067546 ], [ -48.293218934129406, -21.143226685605772 ], [ -48.293108511648605, -21.143154306218428 ], [ -48.292960523755269, -21.143053611333229 ], [ -48.292913407423789, -21.143022314787025 ], [ -48.292894173625371, -21.143008778899542 ] ] } },
{ "type": "Feature", "properties": { "Field": "000", "Length": 366.78989199023096, "Image": "/home/dev4_bemagro_com/codes/input/64188/Orthomosaico.tif", "Farm": "64188" }, "geometry": { "type": "LineString", "coordinates": [ [ -48.295801799907167, -21.144884821879103 ], [ -48.295753461366239, -21.144854811462444 ], [ -48.29566431894078, -21.144801280415987 ], [ -48.295609025934723, -21.144765199769573 ], [ -48.295560454504269, -21.144735925414089 ], [ -48.295457519503053, -21.144669254314561 ], [ -48.29540265010872, -21.14463260901087 ], [ -48.295346495873801, -21.144597718735231 ], [ -48.295283297665428, -21.144556492222872 ], [ -48.295165987952601, -21.144477615341053 ], [ -48.295102016123117, -21.144437452772976 ], [ -48.295045513554726, -21.144403061132092 ], [ -48.294926956508135, -21.144325843266206 ], [ -48.294862642107155, -21.144286165258048 ], [ -48.294807790350944, -21.144249496953297 ], [ -48.294735323704316, -21.144205020805877 ], [ -48.294680360404016, -21.144168499849247 ], [ -48.294608587130028, -21.144123044999169 ], [ -48.294519548339295, -21.144069363156412 ], [ -48.294386048943238, -21.143980692292324 ], [ -48.294284982439841, -21.143911551873543 ], [ -48.294181790443268, -21.143845232309772 ], [ -48.294111579700079, -21.143797678372053 ], [ -48.294000322825838, -21.143726431725948 ], [ -48.293922306868161, -21.143673599345338 ], [ -48.293866759149068, -21.143637865405282 ], [ -48.293819880461967, -21.143606256032466 ], [ -48.29374864433499, -21.143560063939805 ], [ -48.293615774346911, -21.143470565637983 ], [ -48.293559880810655, -21.143435309617974 ], [ -48.293504970785243, -21.143398718663075 ], [ -48.293465194854903, -21.143373330502193 ], [ -48.293371553948745, -21.143309960294953 ], [ -48.293316118174168, -21.143274073907993 ], [ -48.293214457657349, -21.143205705021092 ], [ -48.293166765274272, -21.143175185993123 ], [ -48.293096078914125, -21.143128256805475 ], [ -48.292939701346192, -21.14302304379137 ], [ -48.292902858289189, -21.142997434484222 ] ] } },
{ "type": "Feature", "properties": { "Field": "000", "Length": 367.01726710056579, "Image": "/home/dev4_bemagro_com/codes/input/64188/Orthomosaico.tif", "Farm": "64188" }, "geometry": { "type": "LineString", "coordinates": [ [ -48.295812439571314, -21.144874527190325 ], [ -48.295764238379114, -21.144844447895256 ], [ -48.295714812526143, -21.14481646042357 ], [ -48.295642881551494, -21.14477122495861 ], [ -48.295578247736607, -21.144732006064061 ], [ -48.295380799872326, -21.144603110242137 ], [ -48.29527744578121, -21.14453701238428 ], [ -48.295144192658533, -21.144448015397284 ], [ -48.295047798137219, -21.144388388437914 ], [ -48.294833218424131, -21.144251000527291 ], [ -48.294785035271474, -21.144221167087945 ], [ -48.294769437919243, -21.144210592939128 ], [ -48.294650097742078, -21.144134444461557 ], [ -48.294585759407461, -21.144094800761437 ], [ -48.294435371239743, -21.143997284403024 ], [ -48.294388391124905, -21.143965807657121 ], [ -48.294357645244645, -21.143944088670992 ], [ -48.294310123860051, -21.143913335375647 ], [ -48.294255497885516, -21.143876371839593 ], [ -48.294057725935758, -21.143747915955764 ], [ -48.293924478602328, -21.143658912497408 ], [ -48.293773959854363, -21.143561574353914 ], [ -48.293633200089175, -21.143466908072227 ], [ -48.293506440669482, -21.143384948614404 ], [ -48.293421141411365, -21.143326165576369 ], [ -48.293302449730824, -21.143249131393333 ], [ -48.293169101208129, -21.143160262145905 ], [ -48.293089906190289, -21.143108997449765 ], [ -48.293043464235119, -21.143076825940103 ], [ -48.292949436004697, -21.143013962833756 ], [ -48.292910818143795, -21.142987036854926 ] ] } },
{ "type": "Feature", "properties": { "Field": "000", "Length": 367.28580333703201, "Image": "/home/dev4_bemagro_com/codes/input/64188/Orthomosaico.tif", "Farm": "64188" }, "geometry": { "type": "LineString", "coordinates": [ [ -48.295823792278199, -21.144863542575674 ], [ -48.295783509335436, -21.144838773283627 ], [ -48.295750436653243, -21.144820306095593 ], [ -48.295693447985592, -21.1447866274763 ], [ -48.295565092642455, -21.144706882042094 ], [ -48.295486794456188, -21.144654417560702 ], [ -48.295415185296129, -21.144608735065681 ], [ -48.295384036249992, -21.144587527489957 ], [ -48.295295975487299, -21.144532443584108 ], [ -48.295218118053675, -21.144479405102953 ], [ -48.29515496764747, -21.144438114251216 ], [ -48.295058420550674, -21.144378704954303 ], [ -48.294971659528763, -21.144321834975631 ], [ -48.294883717798271, -21.144266584229857 ], [ -48.294772549851309, -21.144195214916635 ], [ -48.294716371681865, -21.144160358852609 ], [ -48.29466093534257, -21.144124472697719 ], [ -48.294604546318666, -21.144089917637785 ], [ -48.294565570612448, -21.144063459393518 ], [ -48.294510261520614, -21.144027400907841 ], [ -48.294367030409433, -21.143936054635436 ], [ -48.294327959845077, -21.143909719877747 ], [ -48.294266463814274, -21.143866287267144 ], [ -48.294186957835805, -21.143815447318026 ], [ -48.294076950960623, -21.143742512337305 ], [ -48.294044938690028, -21.143722468317943 ], [ -48.293982704485863, -21.143679971304781 ], [ -48.293959075554227, -21.143664417052907 ], [ -48.293918917086899, -21.143639564431066 ], [ -48.29384078013382, -21.143586889726684 ], [ -48.293808776572163, -21.143566833528922 ], [ -48.293745716552735, -21.14352542192081 ], [ -48.293667707953112, -21.143472580142866 ], [ -48.293501735726679, -21.143364466560829 ], [ -48.293424065256978, -21.143311188342068 ], [ -48.293368310015126, -21.143275740218655 ], [ -48.293297894055058, -21.143228454525214 ], [ -48.293242431102989, -21.143192605163303 ], [ -48.293188042232742, -21.143155335591604 ], [ -48.293148241660624, -21.143129981550274 ], [ -48.293061963149754, -21.143072470319403 ], [ -48.292919327842178, -21.142975920985197 ] ] } },
{ "type": "Feature", "properties": { "Field": "000", "Length": 367.48618040103588, "Image": "/home/dev4_bemagro_com/codes/input/64188/Orthomosaico.tif", "Farm": "64188" }, "geometry": { "type": "LineString", "coordinates": [ [ -48.295833454270408, -21.144854193855103 ], [ -48.295768237670636, -21.144815399646763 ], [ -48.295710866059501, -21.144782298190833 ], [ -48.295606482625665, -21.144717639393772 ], [ -48.295574700345355, -21.144697275445864 ], [ -48.295504092267734, -21.144650241461722 ], [ -48.295463957227923, -21.144625355088081 ], [ -48.295377460154569, -21.144568132099096 ], [ -48.295305818767254, -21.144522494165024 ], [ -48.295195937968288, -21.144449391247182 ], [ -48.295148248318377, -21.144418867778608 ], [ -48.295075998932148, -21.144374081474943 ], [ -48.294973039043192, -21.144307444616302 ], [ -48.294908934194432, -21.144267469273064 ], [ -48.29478209948028, -21.144185611242474 ], [ -48.294590517229096, -21.144064658410802 ], [ -48.294431939532011, -21.14396238305331 ], [ -48.294329721112021, -21.14389474946805 ], [ -48.294228102268384, -21.143826325379571 ], [ -48.294164442553914, -21.143785729153027 ], [ -48.294086224046318, -21.143733160958984 ], [ -48.294054356602452, -21.143712914847598 ], [ -48.293952263012407, -21.143645115802475 ], [ -48.29383308825517, -21.143568740416249 ], [ -48.29377882592204, -21.143531308642348 ], [ -48.293669208196505, -21.143457860137964 ], [ -48.29358985739615, -21.1434068076254 ], [ -48.293518981486734, -21.143360130544046 ], [ -48.293417586937132, -21.143291414817352 ], [ -48.293330228187507, -21.143235357034467 ], [ -48.293291419453809, -21.143208684002307 ], [ -48.293220389242116, -21.143162213971227 ], [ -48.293181646244093, -21.143135456993914 ], [ -48.293133357038315, -21.143105775485733 ], [ -48.293094095934421, -21.143079691681852 ], [ -48.293047917338498, -21.143047188239283 ], [ -48.292926997928312, -21.142965901864514 ] ] } },
{ "type": "Feature", "properties": { "Field": "000", "Length": 367.71472482878346, "Image": "/home/dev4_bemagro_com/codes/input/64188/Orthomosaico.tif", "Farm": "64188" }, "geometry": { "type": "LineString", "coordinates": [ [ -48.295843511075674, -21.144844463120553 ], [ -48.295786877282701, -21.144810011134965 ], [ -48.295729580740101, -21.144776795442784 ], [ -48.295672882117842, -21.144742688718317 ], [ -48.295601357862843, -21.144696889229717 ], [ -48.295576952056386, -21.144682428932565 ], [ -48.295497840680376, -21.14463104933478 ], [ -48.295427695370968, -21.144583409877033 ], [ -48.295347983674425, -21.144532853568762 ], [ -48.295245650543826, -21.144465372171563 ], [ -48.295213682934005, -21.144445265246482 ], [ -48.295126907530971, -21.144388414511049 ], [ -48.295062406145085, -21.14434900448699 ], [ -48.294975452207005, -21.144292394441603 ], [ -48.294903297176567, -21.144247474563365 ], [ -48.294816643940884, -21.144190460254304 ], [ -48.29474440029805, -21.14414566598893 ], [ -48.294689076876281, -21.14410962680083 ], [ -48.294632721611507, -21.144075023309405 ], [ -48.294553276689278, -21.144024099231601 ], [ -48.294474980468202, -21.143971632750763 ], [ -48.294363968396148, -21.143900050580825 ], [ -48.294246826229461, -21.14382095567316 ], [ -48.294127478567198, -21.143744818039988 ], [ -48.293931037723453, -21.143614577198328 ], [ -48.293843139481176, -21.143559266294645 ], [ -48.293733353962459, -21.143486038655507 ], [ -48.293679165529277, -21.143448512824317 ], [ -48.293552214092728, -21.143366815370644 ], [ -48.293498192198371, -21.143329078866454 ], [ -48.293412050910717, -21.14327138668515 ], [ -48.293340611281145, -21.143225472294507 ], [ -48.293285834736416, -21.143188705798476 ], [ -48.293229438191133, -21.143154162164517 ], [ -48.293143927318916, -21.143095650549952 ], [ -48.293096690485932, -21.143064514254338 ], [ -48.2929961009756, -21.142994765274874 ], [ -48.292956517206811, -21.142969114318756 ], [ -48.292935590511043, -21.142954677721917 ] ] } },
{ "type": "Feature", "properties": { "Field": "000", "Length": 367.93075179704618, "Image": "/home/dev4_bemagro_com/codes/input/64188/Orthomosaico.tif", "Farm": "64188" }, "geometry": { "type": "LineString", "coordinates": [ [ -48.295853953828441, -21.144834358949886 ], [ -48.295683517702358, -21.144732493360898 ], [ -48.295563820119355, -21.144656839467668 ], [ -48.295302620028551, -21.144487466799038 ], [ -48.295224645465638, -21.144434580003256 ], [ -48.295153288611537, -21.144388551520507 ], [ -48.295080748357648, -21.144344180971181 ], [ -48.294985673013393, -21.144282718277346 ], [ -48.294921747930552, -21.144242490387565 ], [ -48.294850857252825, -21.144195832384383 ], [ -48.294738511360613, -21.144126105449647 ], [ -48.294658782308993, -21.144075573650827 ], [ -48.294493038770057, -21.143967150599948 ], [ -48.294437098643073, -21.143931959344417 ], [ -48.294374048754378, -21.143890533899434 ], [ -48.294296665599646, -21.143836888539621 ], [ -48.294257436669461, -21.143810761847281 ], [ -48.294225364653073, -21.143790802034943 ], [ -48.294082770023643, -21.143698583884916 ], [ -48.294036016937866, -21.143666811170601 ], [ -48.293933595653733, -21.143599448566839 ], [ -48.293837854494498, -21.14353890316017 ], [ -48.293767316535131, -21.14349177756425 ], [ -48.293711960786489, -21.143455782495931 ], [ -48.293649715790515, -21.143413299567829 ], [ -48.293555188457795, -21.143351098375671 ], [ -48.293430112303405, -21.143266893754873 ], [ -48.293319237978771, -21.143195124811029 ], [ -48.293280121894952, -21.143168849904274 ], [ -48.293232131735479, -21.143138744525633 ], [ -48.293005786233714, -21.142985661186174 ], [ -48.292943526398645, -21.142944311391489 ] ] } },
{ "type": "Feature", "properties": { "Field": "000", "Length": 368.17297884214923, "Image": "/home/dev4_bemagro_com/codes/input/64188/Orthomosaico.tif", "Farm": "64188" }, "geometry": { "type": "LineString", "coordinates": [ [ -48.295864571793771, -21.144824085245276 ], [ -48.295783018713941, -21.144775064684723 ], [ -48.295717694806356, -21.144736865306704 ], [ -48.295565958414493, -21.144641203592844 ], [ -48.295392213908357, -21.144527762438585 ], [ -48.295304820012113, -21.144471751650567 ], [ -48.295219236088791, -21.14441333289119 ], [ -48.295098792532805, -21.144338728711702 ], [ -48.295035793848399, -21.144297234472301 ], [ -48.294963757167643, -21.144252147717275 ], [ -48.294868962331805, -21.144190304965612 ], [ -48.294661204775295, -21.144059566098967 ], [ -48.294511259947662, -21.143961450753654 ], [ -48.294455328725988, -21.143926247043957 ], [ -48.294415795830858, -21.143900526713207 ], [ -48.294275958933397, -21.143804663698386 ], [ -48.294235715892412, -21.14377993170022 ], [ -48.294164503203454, -21.143733707656637 ], [ -48.294132460803866, -21.143713706051017 ], [ -48.293872640273037, -21.143542478795659 ], [ -48.293833654959897, -21.143516033236573 ], [ -48.293793678496385, -21.143490923754708 ], [ -48.293746835690676, -21.143459267664074 ], [ -48.29369914950972, -21.143428739959681 ], [ -48.293590263026154, -21.143354340416884 ], [ -48.293566149313769, -21.143339455458065 ], [ -48.293511170007925, -21.143302956224026 ], [ -48.293479167210108, -21.143282899054224 ], [ -48.293409231069582, -21.143234990713843 ], [ -48.293353374292671, -21.143199683596393 ], [ -48.293298475351349, -21.143163078136713 ], [ -48.293195617563846, -21.143096304039936 ], [ -48.293140872409296, -21.143059496491329 ], [ -48.293102336159265, -21.14303247805563 ], [ -48.293046712188946, -21.142996849054974 ], [ -48.293008184754981, -21.142969819581122 ], [ -48.292952483959915, -21.14293261048747 ] ] } },
{ "type": "Feature", "properties": { "Field": "000", "Length": 368.39521286272463, "Image": "/home/dev4_bemagro_com/codes/input/64188/Orthomosaico.tif", "Farm": "64188" }, "geometry": { "type": "LineString", "coordinates": [ [ -48.29587484964177, -21.144814140628409 ], [ -48.295849769736172, -21.144799873607049 ], [ -48.295801821117429, -21.144769709118119 ], [ -48.295760779373765, -21.144746160105278 ], [ -48.295695831865579, -21.144707399995919 ], [ -48.295616025938912, -21.144656974570708 ], [ -48.295568485297302, -21.14462624708662 ], [ -48.295529442426741, -21.144599875904174 ], [ -48.295457723088056, -21.144554345814875 ], [ -48.295331364946755, -21.144471841232523 ], [ -48.295229392179273, -21.144403881475192 ], [ -48.295092909401554, -21.144319301794191 ], [ -48.29501408500839, -21.144267535766534 ], [ -48.294933906708437, -21.144217633352845 ], [ -48.294887008609344, -21.144186049024871 ], [ -48.294847366925758, -21.144160476367809 ], [ -48.294783070579321, -21.144120772724101 ], [ -48.294679293844254, -21.14405526084019 ], [ -48.294608483771789, -21.14400849537834 ], [ -48.294536839518578, -21.143962861854032 ], [ -48.2944900683718, -21.143931112406204 ], [ -48.294418712864562, -21.143885082488953 ], [ -48.294301563966556, -21.143805996362261 ], [ -48.294190287278084, -21.14373477691662 ], [ -48.294135189977005, -21.143698434375711 ], [ -48.29409634389534, -21.143671809037556 ], [ -48.294016886215971, -21.143620902835945 ], [ -48.293906319126556, -21.143548717487239 ], [ -48.293843888155976, -21.143506475353199 ], [ -48.293803816910035, -21.143481499197641 ], [ -48.293765076056772, -21.143454739350176 ], [ -48.293686060512471, -21.143403231210034 ], [ -48.29360810504194, -21.143350320559268 ], [ -48.293512968217087, -21.1432889427149 ], [ -48.293364283686984, -21.14318915487063 ], [ -48.29326103143439, -21.143122918720856 ], [ -48.293190596779482, -21.143075657644317 ], [ -48.293142929590211, -21.143045104052558 ], [ -48.293056879146455, -21.14298729293396 ], [ -48.29296102593193, -21.142921452448689 ] ] } },
{ "type": "Feature", "properties": { "Field": "000", "Length": 368.67772655752873, "Image": "/home/dev4_bemagro_com/codes/input/64188/Orthomosaico.tif", "Farm": "64188" }, "geometry": { "type": "LineString", "coordinates": [ [ -48.295887221520012, -21.144802169871681 ], [ -48.295740146247688, -21.144716167185234 ], [ -48.295676091395322, -21.144676121050779 ], [ -48.295564969423587, -21.144604688207224 ], [ -48.295478561955029, -21.144547346201055 ], [ -48.295398923747499, -21.144496688085223 ], [ -48.295359773744359, -21.144470457115649 ], [ -48.295287826968661, -21.144425244042196 ], [ -48.295209928631721, -21.144372258519265 ], [ -48.295128835145725, -21.144323674959509 ], [ -48.295097077019143, -21.144303278010209 ], [ -48.295018679834079, -21.144250944136044 ], [ -48.294977973431273, -21.144226888567481 ], [ -48.294946729900687, -21.144205803792914 ], [ -48.29484359318667, -21.144139408210197 ], [ -48.294691882045996, -21.144043712293172 ], [ -48.294596925866209, -21.143982087992352 ], [ -48.294549961504124, -21.14395059055926 ], [ -48.294525705950022, -21.143935909659838 ], [ -48.294375539881329, -21.143838092761392 ], [ -48.294298316046522, -21.143784245755977 ], [ -48.294226598905254, -21.143738713290496 ], [ -48.294100730726974, -21.143655553308918 ], [ -48.294005262980569, -21.143594629037143 ], [ -48.293957070052372, -21.143564809857089 ], [ -48.293902130909288, -21.143528257295717 ], [ -48.293847857000493, -21.143490840308512 ], [ -48.293580119369906, -21.14331448344058 ], [ -48.293376768529029, -21.143177784610703 ], [ -48.293249786201116, -21.1430961297912 ], [ -48.293202927261532, -21.143064494920402 ], [ -48.293131879700098, -21.14301804833952 ], [ -48.293061692948008, -21.142970463849977 ], [ -48.29301427546342, -21.142939570233008 ], [ -48.292970191576693, -21.142909479728392 ] ] } },
{ "type": "Feature", "properties": { "Field": "000", "Length": 368.8857637626059, "Image": "/home/dev4_bemagro_com/codes/input/64188/Orthomosaico.tif", "Farm": "64188" }, "geometry": { "type": "LineString", "coordinates": [ [ -48.295896708817764, -21.144792990169393 ], [ -48.295846858146788, -21.14476479741651 ], [ -48.29577346839303, -21.144721673514397 ], [ -48.295661357824002, -21.144651613313297 ], [ -48.295479240557405, -21.144533658949861 ], [ -48.295416446291284, -21.144491892751699 ], [ -48.295336611146752, -21.144441508240842 ], [ -48.295234721647432, -21.14437343868013 ], [ -48.295121427396595, -21.144305075330074 ], [ -48.295074897309377, -21.14427301548865 ], [ -48.29501172162486, -21.144231758813795 ], [ -48.294931523878752, -21.144181883936792 ], [ -48.294845002684859, -21.14412469345719 ], [ -48.294796500435801, -21.144095318681245 ], [ -48.294765002933026, -21.144074569182287 ], [ -48.294692982674221, -21.144029459522532 ], [ -48.294574811365209, -21.143951723459256 ], [ -48.294534865628506, -21.143926570769736 ], [ -48.29447971310983, -21.14389030189615 ], [ -48.294298759894552, -21.143770782743278 ], [ -48.294267666395278, -21.14374950382118 ], [ -48.294203968262657, -21.143708960708818 ], [ -48.294125984783797, -21.143656086132058 ], [ -48.294046130324183, -21.143605729340052 ], [ -48.293998826153356, -21.14357468287357 ], [ -48.293934995386003, -21.143534323902156 ], [ -48.293903926452622, -21.143513013501657 ], [ -48.293809367523444, -21.143450854473105 ], [ -48.29376301800955, -21.143418565663733 ], [ -48.293596859521209, -21.143310704239695 ], [ -48.29351190139414, -21.143251488041102 ], [ -48.293385624700925, -21.14316887561354 ], [ -48.2932745821944, -21.143097335990042 ], [ -48.293141016638131, -21.143008754246001 ], [ -48.293055298167516, -21.142950510710193 ], [ -48.292978005157863, -21.142899273153329 ] ] } },
{ "type": "Feature", "properties": { "Field": "000", "Length": 369.10169640473248, "Image": "/home/dev4_bemagro_com/codes/input/64188/Orthomosaico.tif", "Farm": "64188" }, "geometry": { "type": "LineString", "coordinates": [ [ -48.295905975783413, -21.144784023653891 ], [ -48.295783411248614, -21.144712201196217 ], [ -48.295766718512631, -21.144703218708845 ], [ -48.295662079686601, -21.144638924318979 ], [ -48.295590697532774, -21.144592930196339 ], [ -48.29551245545818, -21.144540392166807 ], [ -48.295338063288526, -21.144427829234523 ], [ -48.29525216683404, -21.144369815611789 ], [ -48.295204369576382, -21.144339440671619 ], [ -48.295155268381102, -21.144310954985695 ], [ -48.295115722024342, -21.144285252697415 ], [ -48.295068897397122, -21.144253572534417 ], [ -48.294988951675805, -21.144203342791002 ], [ -48.294934203279396, -21.144166538816815 ], [ -48.294877713260263, -21.144132129198908 ], [ -48.29461537621593, -21.143964311691672 ], [ -48.294576243908551, -21.143938057719115 ], [ -48.294512702694938, -21.143897298328636 ], [ -48.294457927204697, -21.143860530036271 ], [ -48.294426178421837, -21.143840120454122 ], [ -48.294403019363742, -21.143823956136679 ], [ -48.294316196299043, -21.143767170068404 ], [ -48.294253686809206, -21.143725030101589 ], [ -48.294134913067161, -21.143648106745474 ], [ -48.2940330190767, -21.143580043987662 ], [ -48.293961762356375, -21.143533879853727 ], [ -48.293897474823019, -21.14349416411908 ], [ -48.293826185515385, -21.143448044356333 ], [ -48.293717288469708, -21.143373658382675 ], [ -48.293677352784265, -21.143348491915166 ], [ -48.293638533242195, -21.143321832672665 ], [ -48.293598849793739, -21.143296317475009 ], [ -48.293520842875651, -21.143243473683501 ], [ -48.293496852430565, -21.143228414466535 ], [ -48.29339535296635, -21.143159835315611 ], [ -48.293347582886156, -21.143129423433447 ], [ -48.293253302590799, -21.143066893402974 ], [ -48.293189426663524, -21.143026597736213 ], [ -48.293033351673337, -21.142920990152057 ], [ -48.292986352061803, -21.142888269257345 ] ] } },
{ "type": "Feature", "properties": { "Field": "000", "Length": 369.35924935881275, "Image": "/home/dev4_bemagro_com/codes/input/64188/Orthomosaico.tif", "Farm": "64188" }, "geometry": { "type": "LineString", "coordinates": [ [ -48.295916402044689, -21.144773935426972 ], [ -48.295858561464776, -21.144741461673608 ], [ -48.295793261797407, -21.144703225851618 ], [ -48.295680366306051, -21.144634283906505 ], [ -48.2955616673595, -21.144557257784179 ], [ -48.295491194877812, -21.144510045245816 ], [ -48.29536401159605, -21.144428664206853 ], [ -48.295262453514475, -21.144360160144771 ], [ -48.295214357015681, -21.1443302038154 ], [ -48.295149589224209, -21.144291180252033 ], [ -48.295063231877947, -21.144233772121151 ], [ -48.294991289053527, -21.144188553704815 ], [ -48.294880371983687, -21.144116841736128 ], [ -48.294792436720883, -21.144061582111437 ], [ -48.294760953516636, -21.144040813532353 ], [ -48.294657142526908, -21.143975349511603 ], [ -48.294562222050239, -21.143913676883205 ], [ -48.294499624655401, -21.143871651815971 ], [ -48.294443992125942, -21.143836034037474 ], [ -48.294405019302864, -21.143809572150051 ], [ -48.294349413275775, -21.143773918005753 ], [ -48.294294892616421, -21.143736817936734 ], [ -48.29422352539504, -21.143690804152371 ], [ -48.294153421905328, -21.143643111243737 ], [ -48.29412176291374, -21.143622579345934 ], [ -48.294073577165776, -21.143592749933976 ], [ -48.294019087435579, -21.143555610000973 ], [ -48.293979293429359, -21.14353024669547 ], [ -48.293924391226163, -21.143493645332622 ], [ -48.293844357958925, -21.143443539145029 ], [ -48.293758685366114, -21.143385235822528 ], [ -48.293632622955869, -21.14330233566783 ], [ -48.293547011147638, -21.143243953944626 ], [ -48.293499468572669, -21.143213229846452 ], [ -48.293405910778688, -21.143149751813375 ], [ -48.293349945163392, -21.143114596760135 ], [ -48.293223283750841, -21.14303250451059 ], [ -48.29315254958837, -21.142985638841289 ], [ -48.293082378831542, -21.142938033611482 ], [ -48.292994797530149, -21.142876777549986 ] ] } },
{ "type": "Feature", "properties": { "Field": "000", "Length": 369.63328627269163, "Image": "/home/dev4_bemagro_com/codes/input/64188/Orthomosaico.tif", "Farm": "64188" }, "geometry": { "type": "LineString", "coordinates": [ [ -48.29592754597963, -21.144763152791977 ], [ -48.295829076933714, -21.144706566997982 ], [ -48.295716173856903, -21.144637635976725 ], [ -48.295644590988843, -21.144591917217362 ], [ -48.295589978139631, -21.144554936190474 ], [ -48.295542587156774, -21.144524005954931 ], [ -48.295383225223709, -21.144422808212582 ], [ -48.295321514786835, -21.144379643722804 ], [ -48.295266602354815, -21.144343055350991 ], [ -48.295202238285746, -21.144303448246252 ], [ -48.295161585124902, -21.144279313533488 ], [ -48.295083168595653, -21.144227005181836 ], [ -48.294947012753497, -21.144141963263802 ], [ -48.29484438204441, -21.144074881207363 ], [ -48.294724377660117, -21.143999657180288 ], [ -48.29465318326023, -21.143953408156484 ], [ -48.294621098055963, -21.14393346694505 ], [ -48.29455087165546, -21.143885933262041 ], [ -48.294487316835529, -21.14384519257899 ], [ -48.294408905623087, -21.143792877588403 ], [ -48.29436119236852, -21.143762386945976 ], [ -48.294314200252174, -21.143730926073061 ], [ -48.294203457533953, -21.143658977908146 ], [ -48.294117596287919, -21.14360091914439 ], [ -48.294038536919679, -21.143549470078664 ], [ -48.293998406624482, -21.143524577477006 ], [ -48.293950978509947, -21.143493697923436 ], [ -48.293881278307197, -21.143445487740792 ], [ -48.293841926094359, -21.143419524894131 ], [ -48.293706760926781, -21.143333104534559 ], [ -48.29363629084046, -21.143285889792494 ], [ -48.29359767491934, -21.143258971558453 ], [ -48.293456251817631, -21.143165179852311 ], [ -48.293433057956349, -21.143149059677366 ], [ -48.29330587621299, -21.143067678492237 ], [ -48.29323547186992, -21.143020377711011 ], [ -48.293172135033068, -21.142979339962494 ], [ -48.293063833129636, -21.142904193692818 ], [ -48.293004078063895, -21.142864149570435 ] ] } },
{ "type": "Feature", "properties": { "Field": "000", "Length": 369.85551747276486, "Image": "/home/dev4_bemagro_com/codes/input/64188/Orthomosaico.tif", "Farm": "64188" }, "geometry": { "type": "LineString", "coordinates": [ [ -48.295937186581163, -21.144753824748484 ], [ -48.29587956126494, -21.144720036637136 ], [ -48.29583825085755, -21.144696904779149 ], [ -48.295805867255389, -21.144677392418828 ], [ -48.29566989457863, -21.144592092248576 ], [ -48.295503926583358, -21.144483970794724 ], [ -48.295424098533275, -21.144433576387396 ], [ -48.295267279552917, -21.144328940885021 ], [ -48.295162527315419, -21.144264809690178 ], [ -48.295107586093458, -21.144228259444539 ], [ -48.295067392408292, -21.144203456696523 ], [ -48.295020082535494, -21.14417241755503 ], [ -48.294948184509899, -21.144127136517103 ], [ -48.294884973507905, -21.144085927575116 ], [ -48.294804858862292, -21.144035935418128 ], [ -48.29474923938627, -21.144000299593454 ], [ -48.294710006765186, -21.143974177697263 ], [ -48.294661809560331, -21.143944364377482 ], [ -48.294590266512515, -21.143898591358884 ], [ -48.294511910451654, -21.143846203643118 ], [ -48.294306869386013, -21.143711744058042 ], [ -48.294283822614759, -21.143695439133896 ], [ -48.29424405699266, -21.14367003661123 ], [ -48.294165638895265, -21.143617730852338 ], [ -48.294078406364434, -21.143561499990096 ], [ -48.294031350902465, -21.143530122660732 ], [ -48.293999408278957, -21.143509981152164 ], [ -48.293905856015357, -21.143446495639022 ], [ -48.293866027832649, -21.143421179637993 ], [ -48.293803013844517, -21.143379706483167 ], [ -48.293543926220543, -21.143207505476258 ], [ -48.293228264575568, -21.143000934264222 ], [ -48.293173849927442, -21.142963697914727 ], [ -48.293126453757232, -21.142932775519746 ], [ -48.293011722637551, -21.142853747632039 ] ] } },
{ "type": "Feature", "properties": { "Field": "000", "Length": 370.5928894670846, "Image": "/home/dev4_bemagro_com/codes/input/64188/Orthomosaico.tif", "Farm": "64188" }, "geometry": { "type": "LineString", "coordinates": [ [ -48.295966450537584, -21.144725509547698 ], [ -48.29591812725765, -21.144695377252667 ], [ -48.295779551713665, -21.144613846944416 ], [ -48.295715281978282, -21.144574105033747 ], [ -48.295659852884938, -21.144538208741217 ], [ -48.295573648566148, -21.144480598298269 ], [ -48.295525473132869, -21.144450753731707 ], [ -48.295461923277053, -21.144410005815089 ], [ -48.295265244803822, -21.144280079454177 ], [ -48.295176749827426, -21.144225611711391 ], [ -48.295057995497153, -21.144148661284802 ], [ -48.295009777611234, -21.144118877306603 ], [ -48.294898722185799, -21.144047354111045 ], [ -48.294858381949936, -21.144022761736689 ], [ -48.294779537466944, -21.143971022878763 ], [ -48.294627919889365, -21.143875196795232 ], [ -48.294557317160468, -21.143828156352303 ], [ -48.294446475002786, -21.143756342946283 ], [ -48.294321416588659, -21.143672114537125 ], [ -48.294249919621265, -21.143626278407414 ], [ -48.294156811730012, -21.143562220390375 ], [ -48.294101961547597, -21.143525550417895 ], [ -48.293935670968089, -21.143417868061917 ], [ -48.29387164521512, -21.143377781942458 ], [ -48.293794272004185, -21.143324124351377 ], [ -48.293675978876138, -21.143246552427648 ], [ -48.293598362309076, -21.143193205175866 ], [ -48.293566919443741, -21.14317238317776 ], [ -48.293471144065663, -21.143111885854044 ], [ -48.293416579173453, -21.143074843443134 ], [ -48.29332115612597, -21.143013858175298 ], [ -48.293243373892537, -21.142960723908249 ], [ -48.293188494248241, -21.142924093114516 ], [ -48.293156628955821, -21.14290384430311 ], [ -48.293102152663536, -21.142866687418408 ], [ -48.293036798484074, -21.142819627021915 ] ] } },
{ "type": "Feature", "properties": { "Field": "000", "Length": 370.82761920302443, "Image": "/home/dev4_bemagro_com/codes/input/64188/Orthomosaico.tif", "Farm": "64188" }, "geometry": { "type": "LineString", "coordinates": [ [ -48.295976522025349, -21.144715764579828 ], [ -48.295879462728287, -21.144656275866772 ], [ -48.295789474470361, -21.144604005348601 ], [ -48.295733201734372, -21.144569283495702 ], [ -48.295575533612535, -21.144465776905182 ], [ -48.295503434288264, -21.144420778191634 ], [ -48.295463918728764, -21.144395034189682 ], [ -48.295322561266318, -21.144301153636587 ], [ -48.295234952971285, -21.144245438602532 ], [ -48.295130735662852, -21.144180544988533 ], [ -48.295012271136102, -21.144103202474344 ], [ -48.294907984901265, -21.144038406563372 ], [ -48.294829173320366, -21.143986623588443 ], [ -48.294756914618603, -21.143941850843966 ], [ -48.294701793440105, -21.1439055400371 ], [ -48.294630163411583, -21.143859886921934 ], [ -48.294575341133452, -21.14382318006189 ], [ -48.294535423150563, -21.143797988670869 ], [ -48.294472269514223, -21.143756702616184 ], [ -48.29435486068585, -21.14367795659086 ], [ -48.294291223231042, -21.143637329735231 ], [ -48.294095549030821, -21.143506077248855 ], [ -48.293992809083441, -21.143439143238396 ], [ -48.293952809161283, -21.143414066678176 ], [ -48.29386604979014, -21.143357195371156 ], [ -48.29378825458906, -21.143304077525752 ], [ -48.293725559835984, -21.143262180790103 ], [ -48.293677979833951, -21.143231507706368 ], [ -48.293568457487275, -21.143157934382682 ], [ -48.293512776645372, -21.143122383550523 ], [ -48.293402739032821, -21.143049490172462 ], [ -48.293315316951016, -21.142993519548291 ], [ -48.293260955135359, -21.142956215339435 ], [ -48.293112029469384, -21.142856744967691 ], [ -48.293044469169978, -21.142809189544156 ] ] } },
{ "type": "Feature", "properties": { "Field": "000", "Length": 371.13333243637271, "Image": "/home/dev4_bemagro_com/codes/input/64188/Orthomosaico.tif", "Farm": "64188" }, "geometry": { "type": "LineString", "coordinates": [ [ -48.295988425829719, -21.144704246696865 ], [ -48.295956037982428, -21.144684549675997 ], [ -48.295914944070404, -21.144661080896427 ], [ -48.295882839591066, -21.144641166732448 ], [ -48.295817333035437, -21.144603243711476 ], [ -48.295736838559748, -21.144553790951512 ], [ -48.295587507679826, -21.144454854062346 ], [ -48.295515603414309, -21.144409581496458 ], [ -48.295334878924386, -21.14428975704552 ], [ -48.295271543266978, -21.144248716773667 ], [ -48.295247179680786, -21.144234194070517 ], [ -48.295214095310506, -21.144215745555805 ], [ -48.295189968983173, -21.144200878342993 ], [ -48.295063984333929, -21.144117873037825 ], [ -48.294967814206139, -21.144057928339784 ], [ -48.294864983699014, -21.143991116193142 ], [ -48.294713503531803, -21.143895098991155 ], [ -48.294586666432707, -21.143813244678782 ], [ -48.294507915562782, -21.143761380671123 ], [ -48.294461447017795, -21.143729242621397 ], [ -48.294366211650107, -21.143667998979648 ], [ -48.294295659005179, -21.143620892602566 ], [ -48.294224242691229, -21.14357494598001 ], [ -48.294146097101702, -21.143522282562735 ], [ -48.294035685936599, -21.143449887543973 ], [ -48.293963951879597, -21.143404378786421 ], [ -48.293736944967399, -21.143252159095269 ], [ -48.293618447104357, -21.143174862768738 ], [ -48.29357191035497, -21.143142811986372 ], [ -48.293334355568597, -21.142988976790402 ], [ -48.293295639826255, -21.142962185164183 ], [ -48.2932403193807, -21.142926142661395 ], [ -48.293162670151709, -21.142872837519835 ], [ -48.293115495977858, -21.142841617818743 ], [ -48.2930527975345, -21.142797857162929 ] ] } },
{ "type": "Feature", "properties": { "Field": "000", "Length": 371.36554795396518, "Image": "/home/dev4_bemagro_com/codes/input/64188/Orthomosaico.tif", "Farm": "64188" }, "geometry": { "type": "LineString", "coordinates": [ [ -48.295998499502204, -21.144694499610686 ], [ -48.295925083840409, -21.144650902732362 ], [ -48.295859499933997, -21.144613097546458 ], [ -48.295723041639924, -21.144528482706995 ], [ -48.295675325828881, -21.144497995171825 ], [ -48.295589210043872, -21.144440268341562 ], [ -48.295469746700903, -21.144364289630232 ], [ -48.295336476833455, -21.144275314878822 ], [ -48.295288718671948, -21.144244885899628 ], [ -48.295240124945138, -21.144215644398351 ], [ -48.295192145285789, -21.144185523685557 ], [ -48.29508929880663, -21.144118733027511 ], [ -48.294985426133003, -21.144053355053451 ], [ -48.294818650442842, -21.143946334011741 ], [ -48.294754530033522, -21.143906380871623 ], [ -48.294667143003451, -21.143850361234481 ], [ -48.294596617878568, -21.143803218458658 ], [ -48.294541043949494, -21.143767520283408 ], [ -48.29445447069412, -21.143710399553886 ], [ -48.294384204709424, -21.143662917536936 ], [ -48.294241873916697, -21.143570341489177 ], [ -48.294132199753051, -21.143496967064241 ], [ -48.293918451349924, -21.143358445350586 ], [ -48.293863476410756, -21.143321940291099 ], [ -48.293809111420906, -21.143284639958654 ], [ -48.29368314899547, -21.143201606252621 ], [ -48.293644386706312, -21.143174873838646 ], [ -48.293565345447099, -21.143123400647962 ], [ -48.293526376811428, -21.143096933622342 ], [ -48.29329717592951, -21.142947636331197 ], [ -48.293148856769662, -21.142847371559775 ], [ -48.293109403047588, -21.142821544911641 ], [ -48.293060175220972, -21.142787818364567 ] ] } },
{ "type": "Feature", "properties": { "Field": "000", "Length": 371.66746676304376, "Image": "/home/dev4_bemagro_com/codes/input/64188/Orthomosaico.tif", "Farm": "64188" }, "geometry": { "type": "LineString", "coordinates": [ [ -48.296009540653543, -21.144683816408762 ], [ -48.295968812764436, -21.144659418113868 ], [ -48.295894886631231, -21.144617108283192 ], [ -48.29579005573121, -21.144553089926173 ], [ -48.295742936493838, -21.144521796414654 ], [ -48.295694890642999, -21.144491768532379 ], [ -48.295663531841235, -21.144470834803226 ], [ -48.295472852851219, -21.144348631464222 ], [ -48.295402318786792, -21.144301500070657 ], [ -48.295356277505249, -21.144268825017864 ], [ -48.29515538479572, -21.144144703322159 ], [ -48.295052751567638, -21.144077624624327 ], [ -48.294963950344702, -21.144023597535405 ], [ -48.294853635845683, -21.143951072311417 ], [ -48.294805359583457, -21.143921371782422 ], [ -48.29471025320877, -21.143859951759353 ], [ -48.294662182214772, -21.143829959686677 ], [ -48.29450508265441, -21.143725696279361 ], [ -48.294403743899252, -21.143656907688857 ], [ -48.294253030614399, -21.143559834735271 ], [ -48.294213948469661, -21.143533515239799 ], [ -48.294167874144854, -21.143500881575655 ], [ -48.294136393410987, -21.143480109886429 ], [ -48.294088429855826, -21.143449967016075 ], [ -48.294057130802358, -21.143428955093793 ], [ -48.293985027052017, -21.143383963487096 ], [ -48.29393773296735, -21.143352903597378 ], [ -48.293889870550856, -21.14332261963704 ], [ -48.293820908565664, -21.143273484076033 ], [ -48.293693983991353, -21.143191750073139 ], [ -48.293639901620985, -21.143154089954134 ], [ -48.293411927752381, -21.143003148102579 ], [ -48.293261275858974, -21.142905992427455 ], [ -48.293096564259336, -21.142796196068289 ], [ -48.293068749259568, -21.142776151690732 ] ] } },
{ "type": "Feature", "properties": { "Field": "000", "Length": 371.90665960796008, "Image": "/home/dev4_bemagro_com/codes/input/64188/Orthomosaico.tif", "Farm": "64188" }, "geometry": { "type": "LineString", "coordinates": [ [ -48.296019264914229, -21.144674407402452 ], [ -48.295978538761688, -21.14465011741968 ], [ -48.2958959173449, -21.144603854710727 ], [ -48.295855814941007, -21.144578922070725 ], [ -48.295798842777607, -21.144545219012628 ], [ -48.295657521441541, -21.144451290347888 ], [ -48.295553574546119, -21.144386015869863 ], [ -48.295482533587638, -21.144339559316588 ], [ -48.295443828780584, -21.144312753227293 ], [ -48.295396405081362, -21.1442818672699 ], [ -48.29534188114021, -21.144244771125681 ], [ -48.29528525486986, -21.144210559101644 ], [ -48.295237618393614, -21.144179962741063 ], [ -48.295197241164175, -21.144155423784952 ], [ -48.295046664501307, -21.144058163551556 ], [ -48.294926377294949, -21.14398333812558 ], [ -48.294879141059624, -21.143952200537246 ], [ -48.294743205162135, -21.143866849897716 ], [ -48.294546034632411, -21.143737582745864 ], [ -48.294444629454127, -21.143668880344357 ], [ -48.294333623024052, -21.143597290785227 ], [ -48.294247851418305, -21.143539115555026 ], [ -48.294130133305842, -21.143460777237181 ], [ -48.29402685808941, -21.143394572232399 ], [ -48.293954861169965, -21.143349430331153 ], [ -48.293891568550904, -21.143308332329024 ], [ -48.293791074466789, -21.143238462068748 ], [ -48.29371150387589, -21.143187711679591 ], [ -48.293539846959632, -21.143071509723132 ], [ -48.293492088721443, -21.143041081504965 ], [ -48.293208731073641, -21.142854179412574 ], [ -48.29315298546517, -21.142818718209931 ], [ -48.293098586504669, -21.142781461782814 ], [ -48.29307655940147, -21.142765524447118 ] ] } },
{ "type": "Feature", "properties": { "Field": "000", "Length": 372.15715641623063, "Image": "/home/dev4_bemagro_com/codes/input/64188/Orthomosaico.tif", "Farm": "64188" }, "geometry": { "type": "LineString", "coordinates": [ [ -48.296029294371209, -21.144664812036815 ], [ -48.295981003452816, -21.144634963824902 ], [ -48.295948349317044, -21.144615852406709 ], [ -48.295881585066134, -21.144579911578152 ], [ -48.295809256164546, -21.144535238186062 ], [ -48.295540119949308, -21.144360761686706 ], [ -48.295501055924667, -21.144334418182027 ], [ -48.295421228228854, -21.144284023392242 ], [ -48.29533568092063, -21.144225557575428 ], [ -48.295239115082204, -21.144166175263461 ], [ -48.295080972965799, -21.144063307741408 ], [ -48.294961319209712, -21.143987593704505 ], [ -48.294929053271659, -21.143967910798537 ], [ -48.294889780608891, -21.143941841913382 ], [ -48.294753591005218, -21.143856847992271 ], [ -48.294634724007985, -21.143780051291142 ], [ -48.294564439969491, -21.143732592736356 ], [ -48.294485359461149, -21.143681172127977 ], [ -48.294407375965655, -21.143628297560301 ], [ -48.294311850974985, -21.143567452292597 ], [ -48.294265084716166, -21.143535696683184 ], [ -48.294162816293912, -21.143468130070758 ], [ -48.294114722465025, -21.143438170451375 ], [ -48.294020469670834, -21.143375603581084 ], [ -48.293917531858575, -21.143308937800921 ], [ -48.293816328222256, -21.143239974804498 ], [ -48.293760918725653, -21.143204052716257 ], [ -48.293698709140081, -21.143161524292832 ], [ -48.293556515867856, -21.143068763219919 ], [ -48.293502188824462, -21.143031414400493 ], [ -48.293446564464617, -21.142995785903299 ], [ -48.293368431454468, -21.142943106542234 ], [ -48.293218581690404, -21.142844865234625 ], [ -48.293146930860637, -21.142799241713345 ], [ -48.293116120776801, -21.142777603305056 ], [ -48.293093843282485, -21.142760383232652 ], [ -48.293084797751504, -21.142754452912389 ] ] } },
{ "type": "Feature", "properties": { "Field": "000", "Length": 372.39934598124722, "Image": "/home/dev4_bemagro_com/codes/input/64188/Orthomosaico.tif", "Farm": "64188" }, "geometry": { "type": "LineString", "coordinates": [ [ -48.296039381526363, -21.144655434729284 ], [ -48.295990301491571, -21.144625802811596 ], [ -48.295899794700588, -21.144574326272181 ], [ -48.295835089624305, -21.14453521103087 ], [ -48.29577132222169, -21.144494763258898 ], [ -48.295589692162658, -21.144376149806867 ], [ -48.295462532857883, -21.144294735936661 ], [ -48.295337087128551, -21.14421101519671 ], [ -48.295240697117585, -21.14415138201014 ], [ -48.295081838547233, -21.144049490722164 ], [ -48.295049585539111, -21.144029789148973 ], [ -48.294994375705926, -21.143993597011789 ], [ -48.294898888583958, -21.143932699048612 ], [ -48.294762952901124, -21.143847348129089 ], [ -48.294716094033213, -21.143815712757529 ], [ -48.294605024789092, -21.143744208804389 ], [ -48.294527124675568, -21.14369122611388 ], [ -48.294416321395623, -21.143619360065717 ], [ -48.294361841745356, -21.143582207081277 ], [ -48.294290083157783, -21.143536732251587 ], [ -48.294156849486406, -21.143447710997346 ], [ -48.294061622755997, -21.143386455823144 ], [ -48.293919569041371, -21.143293506388829 ], [ -48.293817707495847, -21.143225401250632 ], [ -48.293762170408321, -21.143189653005166 ], [ -48.293715544685298, -21.14315771621958 ], [ -48.293629084302772, -21.143100445791994 ], [ -48.293535737260768, -21.143036695341323 ], [ -48.293496391015957, -21.143010724697721 ], [ -48.293432571325795, -21.14297035069254 ], [ -48.293338549410883, -21.142907479308388 ], [ -48.293266933487814, -21.142861807521594 ], [ -48.293180482897782, -21.142804524367204 ], [ -48.2931259921926, -21.142767386132352 ], [ -48.293093501562808, -21.142742870474301 ] ] } },
{ "type": "Feature", "properties": { "Field": "000", "Length": 372.66990829497735, "Image": "/home/dev4_bemagro_com/codes/input/64188/Orthomosaico.tif", "Farm": "64188" }, "geometry": { "type": "LineString", "coordinates": [ [ -48.296049975055411, -21.144645586680035 ], [ -48.295911738853462, -21.144563367587477 ], [ -48.295862522679791, -21.144535056908047 ], [ -48.295838445659804, -21.144520119414533 ], [ -48.295766796552236, -21.144474492132044 ], [ -48.295640516753892, -21.144391882084744 ], [ -48.295560917656879, -21.144341169993304 ], [ -48.295521689959735, -21.144315041426122 ], [ -48.29547365159398, -21.144285003114877 ], [ -48.295364575690321, -21.144210847094815 ], [ -48.295275594148862, -21.144157081595818 ], [ -48.295228127032892, -21.144126254471352 ], [ -48.295171879064199, -21.144091497619044 ], [ -48.295005554780523, -21.143983859974206 ], [ -48.294910227068939, -21.143922742609192 ], [ -48.294838237250431, -21.143877590292469 ], [ -48.29476720327029, -21.143831124746313 ], [ -48.294679590898859, -21.143775415805504 ], [ -48.294450911670388, -21.143625414357881 ], [ -48.294388814787879, -21.143582740930906 ], [ -48.29434882967076, -21.143557643521479 ], [ -48.294302143161033, -21.143525784802499 ], [ -48.29422228176464, -21.143475437769705 ], [ -48.294151868169713, -21.143428148767629 ], [ -48.294033225281865, -21.143351048225782 ], [ -48.293978571169419, -21.143314121603932 ], [ -48.293930926572862, -21.143283536854653 ], [ -48.293852327279545, -21.143231471314312 ], [ -48.293796614146203, -21.143195964975288 ], [ -48.293531243365898, -21.143016487898656 ], [ -48.293459641775314, -21.142970796246011 ], [ -48.293420555596967, -21.142944482267957 ], [ -48.293333339665054, -21.14288822937803 ], [ -48.293277511527485, -21.142852882602291 ], [ -48.293223374906695, -21.142815291335246 ], [ -48.293136948566129, -21.142757976025504 ], [ -48.293101445794576, -21.142732298830651 ] ] } },
{ "type": "Feature", "properties": { "Field": "000", "Length": 372.93350224235144, "Image": "/home/dev4_bemagro_com/codes/input/64188/Orthomosaico.tif", "Farm": "64188" }, "geometry": { "type": "LineString", "coordinates": [ [ -48.296060436360385, -21.144635861548004 ], [ -48.295938139757112, -21.144563576109974 ], [ -48.295888801169347, -21.144535453581216 ], [ -48.295832401979041, -21.144500912802062 ], [ -48.295745354456365, -21.144444429263686 ], [ -48.295705249330901, -21.144419500546093 ], [ -48.295626572180552, -21.144367537609853 ], [ -48.295530736921918, -21.144307122448623 ], [ -48.29544403336434, -21.144250175386887 ], [ -48.295373923877051, -21.144202489777886 ], [ -48.29526938907005, -21.14413804720002 ], [ -48.295118521955565, -21.144041183929307 ], [ -48.295055416146255, -21.14399983336984 ], [ -48.294920101155, -21.143913618647982 ], [ -48.294863804729289, -21.143878931051844 ], [ -48.29476906913186, -21.143817008791359 ], [ -48.294657463492875, -21.143746243729389 ], [ -48.29461096556583, -21.143714143100031 ], [ -48.294429703979745, -21.143595036164346 ], [ -48.294398629026162, -21.143573733452808 ], [ -48.294177831321512, -21.143428910273286 ], [ -48.294129956480504, -21.143398643551954 ], [ -48.294098778503908, -21.143377473807615 ], [ -48.294035357311138, -21.14333655059707 ], [ -48.293964874194394, -21.143289352941476 ], [ -48.293917312979389, -21.143258654196337 ], [ -48.293807516066479, -21.143185441873211 ], [ -48.293744140628021, -21.143144456461972 ], [ -48.293611597626658, -21.143054532923372 ], [ -48.293453338336889, -21.142951826086641 ], [ -48.293390817767815, -21.142909701109257 ], [ -48.293358741915718, -21.142889747036342 ], [ -48.293319309528449, -21.142863891699957 ], [ -48.293202568998694, -21.142784277093217 ], [ -48.293147540707153, -21.142747843188154 ], [ -48.293109929269775, -21.142721009596212 ] ] } },
{ "type": "Feature", "properties": { "Field": "000", "Length": 370.13178876789726, "Image": "/home/dev4_bemagro_com/codes/input/64188/Orthomosaico.tif", "Farm": "64188" }, "geometry": { "type": "LineString", "coordinates": [ [ -48.295947678744994, -21.144743672749083 ], [ -48.295882295473874, -21.1447046886016 ], [ -48.295849073175916, -21.144686459341852 ], [ -48.295808192643229, -21.144662664849477 ], [ -48.295752691922338, -21.144626866043062 ], [ -48.295680487507887, -21.144582015747655 ], [ -48.295625468247003, -21.144545568768386 ], [ -48.295537538750644, -21.144490300620138 ], [ -48.295474847525654, -21.144448398427997 ], [ -48.295395196386785, -21.144397758281773 ], [ -48.295261810051755, -21.1443089372403 ], [ -48.295213630015759, -21.144279099314375 ], [ -48.295156547059996, -21.144245561880069 ], [ -48.295101585566073, -21.144209038478014 ], [ -48.295037839911153, -21.144168560807515 ], [ -48.294895620275192, -21.144075833747941 ], [ -48.294775365551011, -21.144000962391555 ], [ -48.294712338659401, -21.143959506088475 ], [ -48.294664400711312, -21.143929327132518 ], [ -48.29463313830226, -21.143908267095316 ], [ -48.294584884153245, -21.143878534991263 ], [ -48.294490357955702, -21.143816331761069 ], [ -48.294396594756641, -21.143753120405922 ], [ -48.294332714943195, -21.143712829646351 ], [ -48.294286313392057, -21.143680606547068 ], [ -48.294223454019573, -21.143638927215147 ], [ -48.29416039621767, -21.143597512556909 ], [ -48.294096664727064, -21.143557015708954 ], [ -48.293891687391771, -21.143422471283895 ], [ -48.293845279509625, -21.143390256352831 ], [ -48.293797595414098, -21.143359725804963 ], [ -48.293704113600711, -21.143296149169718 ], [ -48.293593379249607, -21.143224190204229 ], [ -48.293553369685853, -21.143199127289186 ], [ -48.293389148035374, -21.143088686397757 ], [ -48.293357282495435, -21.143068437871353 ], [ -48.293294409937239, -21.14302677647219 ], [ -48.293238622750934, -21.142991372767842 ], [ -48.293129006799468, -21.142917922536522 ], [ -48.293020340509138, -21.142842021328985 ] ] } },
{ "type": "Feature", "properties": { "Field": "000", "Length": 370.37148144189302, "Image": "/home/dev4_bemagro_com/codes/input/64188/Orthomosaico.tif", "Farm": "64188" }, "geometry": { "type": "LineString", "coordinates": [ [ -48.295957517799408, -21.144734152682769 ], [ -48.295892156179676, -21.144695203109553 ], [ -48.295858917981619, -21.144676999379939 ], [ -48.295809732790225, -21.14464864129879 ], [ -48.295769497325281, -21.144623898038727 ], [ -48.295650028794235, -21.144547926273209 ], [ -48.295579477414705, -21.144500817552537 ], [ -48.295547594720894, -21.144480592287 ], [ -48.295500504425902, -21.144449260502874 ], [ -48.29544465794902, -21.144413938247563 ], [ -48.29534266676562, -21.14434600285222 ], [ -48.295255568642347, -21.144289588191697 ], [ -48.295166654377965, -21.144235724770752 ], [ -48.29493672740562, -21.144087410427712 ], [ -48.294865993669134, -21.144040543357168 ], [ -48.294785158815053, -21.143991582233291 ], [ -48.294650410681328, -21.143904589694277 ], [ -48.294610402512191, -21.143879524502573 ], [ -48.294507986144737, -21.143812155040727 ], [ -48.294453418078326, -21.143775116334311 ], [ -48.294390140620976, -21.143733997500107 ], [ -48.294359131012655, -21.143712611111898 ], [ -48.294287709430797, -21.143666671630257 ], [ -48.294162363063123, -21.14358282091354 ], [ -48.294067263305529, -21.143521392254897 ], [ -48.293980835835129, -21.14346407779956 ], [ -48.293901245004484, -21.14341335516356 ], [ -48.293753174848916, -21.143312766271027 ], [ -48.293689768727724, -21.143271822579848 ], [ -48.293587760324726, -21.143203911226816 ], [ -48.293492599423011, -21.143142566370997 ], [ -48.293406626334345, -21.143084653931673 ], [ -48.293279867524859, -21.143002694125041 ], [ -48.29313879840641, -21.142908434789103 ], [ -48.293108077828037, -21.142886684638004 ], [ -48.293061168157841, -21.142855116104098 ], [ -48.293028319436004, -21.142831164433147 ] ] } },
{ "type": "Feature", "properties": { "Field": "000", "Length": 134.311185364762, "Image": "/home/dev4_bemagro_com/codes/input/64188/Orthomosaico.tif", "Farm": "64188" }, "geometry": { "type": "LineString", "coordinates": [ [ -48.295036513291684, -21.14227308663401 ], [ -48.294943233008702, -21.142209250712767 ], [ -48.294871949794043, -21.142163123385433 ], [ -48.294825682402234, -21.142130731511728 ], [ -48.294754370306777, -21.142084643553659 ], [ -48.294683747672032, -21.142037630519155 ], [ -48.294659764553401, -21.14202256126444 ], [ -48.294557781569509, -21.141954617300236 ], [ -48.294517765944384, -21.141929563323767 ], [ -48.294430971064862, -21.141872740807283 ], [ -48.294400023128205, -21.141851276424823 ], [ -48.294336815902277, -21.141810063731281 ], [ -48.294101663247659, -21.141653016378456 ], [ -48.294030513714624, -21.141606708197624 ], [ -48.293980132518129, -21.141574905132082 ] ] } },
{ "type": "Feature", "properties": { "Field": "000", "Length": 134.33420373008295, "Image": "/home/dev4_bemagro_com/codes/input/64188/Orthomosaico.tif", "Farm": "64188" }, "geometry": { "type": "LineString", "coordinates": [ [ -48.295045768339492, -21.142260940464787 ], [ -48.294975256905893, -21.142213875640447 ], [ -48.294880302575947, -21.142152250364568 ], [ -48.294825784425967, -21.142115147771417 ], [ -48.294801821866649, -21.14210004973544 ], [ -48.294660236815304, -21.142006474533687 ], [ -48.2945898765119, -21.14195911662798 ], [ -48.294541963521226, -21.141928903711808 ], [ -48.294439202282319, -21.14186199986975 ], [ -48.294369069780359, -21.141814345602572 ], [ -48.294274200969333, -21.141752604936826 ], [ -48.294227504516094, -21.141720759776756 ], [ -48.294172252277328, -21.141684625850576 ], [ -48.294101944873354, -21.141637199093985 ], [ -48.294022731730898, -21.141585960038011 ], [ -48.293988731976057, -21.141563210733267 ] ] } },
{ "type": "Feature", "properties": { "Field": "000", "Length": 122.74247392247354, "Image": "/home/dev4_bemagro_com/codes/input/64188/Orthomosaico.tif", "Farm": "64188" }, "geometry": { "type": "LineString", "coordinates": [ [ -48.294962364645677, -21.142190115364919 ], [ -48.294773466229771, -21.142064825239917 ], [ -48.294686196647305, -21.142008646159542 ], [ -48.294639520484239, -21.141976774699245 ], [ -48.294576064269947, -21.14193590005927 ], [ -48.294529367377898, -21.141904055371832 ], [ -48.294442226889899, -21.141847700355065 ], [ -48.294395584442697, -21.141815785561654 ], [ -48.294347922905125, -21.141785224677648 ], [ -48.294182472507494, -21.14167641175165 ], [ -48.293996981287691, -21.141551992495884 ] ] } },
{ "type": "Feature", "properties": { "Field": "000", "Length": 122.50687658373216, "Image": "/home/dev4_bemagro_com/codes/input/64188/Orthomosaico.tif", "Farm": "64188" }, "geometry": { "type": "LineString", "coordinates": [ [ -48.294969116626291, -21.142177155919313 ], [ -48.294904973546934, -21.142136477599816 ], [ -48.294841918605428, -21.142095059893791 ], [ -48.294809854258595, -21.142075089731001 ], [ -48.294629993957635, -21.141954130139478 ], [ -48.294534782565016, -21.141892855217559 ], [ -48.294322781259289, -21.141751993190709 ], [ -48.294267304253452, -21.141716163635198 ], [ -48.294188707409504, -21.14166409589453 ], [ -48.294095576891458, -21.141600068400663 ], [ -48.29404075207227, -21.141563366009407 ], [ -48.294005280221867, -21.141540706774478 ] ] } },
{ "type": "Feature", "properties": { "Field": "000", "Length": 115.58469970178312, "Image": "/home/dev4_bemagro_com/codes/input/64188/Orthomosaico.tif", "Farm": "64188" }, "geometry": { "type": "LineString", "coordinates": [ [ -48.294922384662222, -21.142130685294806 ], [ -48.294795642169923, -21.14204834367796 ], [ -48.294717535031303, -21.141995631054058 ], [ -48.294638812367637, -21.141943730632157 ], [ -48.294583085192414, -21.141908244291049 ], [ -48.294457931287191, -21.141824142802072 ], [ -48.294362931460029, -21.141762579679433 ], [ -48.294253373830159, -21.141689053904933 ], [ -48.294205732454408, -21.141658465429568 ], [ -48.29415075352069, -21.141621966469071 ], [ -48.294065473409439, -21.141563160187111 ], [ -48.294013545612572, -21.141529466666508 ] ] } },
{ "type": "Feature", "properties": { "Field": "000", "Length": 114.7972336581049, "Image": "/home/dev4_bemagro_com/codes/input/64188/Orthomosaico.tif", "Farm": "64188" }, "geometry": { "type": "LineString", "coordinates": [ [ -48.294924339766602, -21.142115533237334 ], [ -48.294758387438293, -21.142006751184613 ], [ -48.294648522783376, -21.141933629439048 ], [ -48.294569404847273, -21.141882260805811 ], [ -48.294476005571241, -21.141818578579525 ], [ -48.294246721296517, -21.14166939636015 ], [ -48.294200091914114, -21.141637464852494 ], [ -48.294136916760436, -21.141596209039353 ], [ -48.29402183485243, -21.141518194123734 ] ] } },
{ "type": "Feature", "properties": { "Field": "000", "Length": 103.82851228460675, "Image": "/home/dev4_bemagro_com/codes/input/64188/Orthomosaico.tif", "Farm": "64188" }, "geometry": { "type": "LineString", "coordinates": [ [ -48.294845591014472, -21.142048285521433 ], [ -48.294735408977772, -21.141974651209502 ], [ -48.29466400615199, -21.141928687167674 ], [ -48.294601118447645, -21.141887046410829 ], [ -48.294444576537245, -21.141782050074237 ], [ -48.294239459645304, -21.141647696130036 ], [ -48.294191756492332, -21.141617192531708 ], [ -48.294029588678505, -21.141507649688407 ] ] } },
{ "type": "Feature", "properties": { "Field": "000", "Length": 103.43632327996119, "Image": "/home/dev4_bemagro_com/codes/input/64188/Orthomosaico.tif", "Farm": "64188" }, "geometry": { "type": "LineString", "coordinates": [ [ -48.294851370217287, -21.142034214420207 ], [ -48.294772785635573, -21.141981311212948 ], [ -48.29467771610328, -21.141919842690452 ], [ -48.294591683910319, -21.14186200832647 ], [ -48.294559826662152, -21.141841748625293 ], [ -48.294505423379363, -21.141804498100093 ], [ -48.29429230047603, -21.141665133851959 ], [ -48.294206125905831, -21.141607486593596 ], [ -48.294166222339811, -21.141582275951887 ], [ -48.294036864402678, -21.141497755422449 ] ] } },
{ "type": "Feature", "properties": { "Field": "000", "Length": 145.07086586272359, "Image": "/home/dev4_bemagro_com/codes/input/64188/Orthomosaico.tif", "Farm": "64188" }, "geometry": { "type": "LineString", "coordinates": [ [ -48.295113882029497, -21.14233899988827 ], [ -48.295081542006884, -21.142318503055659 ], [ -48.294987014769468, -21.142256302464688 ], [ -48.294924608143212, -21.142214029285302 ], [ -48.294696575363048, -21.142063167256282 ], [ -48.294640946441298, -21.142027545425854 ], [ -48.294562633662402, -21.141975102059796 ], [ -48.294428352425356, -21.141887478903197 ], [ -48.294381721528893, -21.141855549242429 ], [ -48.294302290194587, -21.141804608156782 ], [ -48.294232122134183, -21.141757000030903 ], [ -48.294090540025415, -21.141663421458077 ], [ -48.29401140389799, -21.141612077751081 ], [ -48.293972208964867, -21.141585680366216 ] ] } },
{ "type": "Feature", "properties": { "Field": "000", "Length": 2.9692797461153919, "Image": "/home/dev4_bemagro_com/codes/input/64188/Orthomosaico.tif", "Farm": "64188" }, "geometry": { "type": "LineString", "coordinates": [ [ -48.294736756762404, -21.141874049692554 ], [ -48.294713549963568, -21.141858416936333 ] ] } },
{ "type": "Feature", "properties": { "Field": "000", "Length": 92.715137222761811, "Image": "/home/dev4_bemagro_com/codes/input/64188/Orthomosaico.tif", "Farm": "64188" }, "geometry": { "type": "LineString", "coordinates": [ [ -48.294775447519655, -21.141967603276186 ], [ -48.29469716448201, -21.141915044926947 ], [ -48.294524241449615, -21.141800508800138 ], [ -48.294492448053035, -21.141780161031214 ], [ -48.294421961494876, -21.141732968814917 ], [ -48.29427196515465, -21.141634925979574 ], [ -48.29419362579079, -21.141582517882934 ], [ -48.294045512677215, -21.141486517140827 ] ] } },
{ "type": "Feature", "properties": { "Field": "000", "Length": 92.480773561672635, "Image": "/home/dev4_bemagro_com/codes/input/64188/Orthomosaico.tif", "Farm": "64188" }, "geometry": { "type": "LineString", "coordinates": [ [ -48.294784493887732, -21.14195376765559 ], [ -48.294673135533564, -21.141881938402314 ], [ -48.294547957442475, -21.141797868612805 ], [ -48.294484538429479, -21.141756943299811 ], [ -48.294319550043603, -21.141647514696466 ], [ -48.294279823586123, -21.141622059042 ], [ -48.294201692819335, -21.141569377593942 ], [ -48.294122811250858, -21.14151769031989 ], [ -48.294090393257257, -21.141498229377884 ], [ -48.29405540280171, -21.141475307162199 ] ] } },
{ "type": "Feature", "properties": { "Field": "000", "Length": 84.187168903109253, "Image": "/home/dev4_bemagro_com/codes/input/64188/Orthomosaico.tif", "Farm": "64188" }, "geometry": { "type": "LineString", "coordinates": [ [ -48.294727437705099, -21.141901784982419 ], [ -48.294657070994688, -21.141854144643318 ], [ -48.294554946075891, -21.141786388729034 ], [ -48.294499415617615, -21.141750632090464 ], [ -48.29444468166497, -21.141713810423145 ], [ -48.294294692236662, -21.141615758302258 ], [ -48.294247722330908, -21.141584269138971 ], [ -48.29418417214594, -21.141543523461163 ], [ -48.294065290467088, -21.141464099968385 ] ] } },
{ "type": "Feature", "properties": { "Field": "000", "Length": 83.525848777112898, "Image": "/home/dev4_bemagro_com/codes/input/64188/Orthomosaico.tif", "Farm": "64188" }, "geometry": { "type": "LineString", "coordinates": [ [ -48.294732615888712, -21.141886373723136 ], [ -48.294645479680675, -21.141829883592642 ], [ -48.294488372756391, -21.141725632735572 ], [ -48.294384839248302, -21.141659785353109 ], [ -48.2943299346733, -21.141623187994298 ], [ -48.29429011112051, -21.14159786622994 ], [ -48.294165303175994, -21.141513313839191 ], [ -48.294149319493918, -21.141503260669939 ], [ -48.294074822885946, -21.141453295427088 ] ] } },
{ "type": "Feature", "properties": { "Field": "000", "Length": 74.365743100310695, "Image": "/home/dev4_bemagro_com/codes/input/64188/Orthomosaico.tif", "Farm": "64188" }, "geometry": { "type": "LineString", "coordinates": [ [ -48.29466949546039, -21.141828740559912 ], [ -48.294622237855748, -21.141796906458126 ], [ -48.294488259237006, -21.141708876735375 ], [ -48.294440635515549, -21.141678264048359 ], [ -48.294400158475405, -21.141653871278837 ], [ -48.294352208649336, -21.141623709989883 ], [ -48.294235991470309, -21.141543425368159 ], [ -48.29413373766721, -21.141475841099151 ], [ -48.294084827357274, -21.141441955834402 ] ] } },
{ "type": "Feature", "properties": { "Field": "000", "Length": 73.628347461986692, "Image": "/home/dev4_bemagro_com/codes/input/64188/Orthomosaico.tif", "Farm": "64188" }, "geometry": { "type": "LineString", "coordinates": [ [ -48.294671496349849, -21.141816435091421 ], [ -48.294631766576579, -21.141790582600834 ], [ -48.294546374838923, -21.141731918881064 ], [ -48.29429332930318, -21.14156736130975 ], [ -48.294254488907988, -21.141540729370877 ], [ -48.294175928743996, -21.14148861305528 ], [ -48.294094160989317, -21.141431376603851 ] ] } },
{ "type": "Feature", "properties": { "Field": "000", "Length": 67.20637055707985, "Image": "/home/dev4_bemagro_com/codes/input/64188/Orthomosaico.tif", "Farm": "64188" }, "geometry": { "type": "LineString", "coordinates": [ [ -48.294102793442399, -21.141421592124566 ], [ -48.294210538605512, -21.14149668287692 ], [ -48.294288473312328, -21.141549619204852 ], [ -48.294320488473332, -21.141569658013019 ], [ -48.294391336351673, -21.141616371220692 ], [ -48.29443907068687, -21.141646831773997 ], [ -48.29462982564749, -21.141772986891478 ] ] } },
{ "type": "Feature", "properties": { "Field": "000", "Length": 4.9059840814984161, "Image": "/home/dev4_bemagro_com/codes/input/64188/Orthomosaico.tif", "Farm": "64188" }, "geometry": { "type": "LineString", "coordinates": [ [ -48.294635319287089, -21.141776730180585 ], [ -48.294673776982428, -21.141802409199542 ] ] } },
{ "type": "Feature", "properties": { "Field": "000", "Length": 66.012968789310563, "Image": "/home/dev4_bemagro_com/codes/input/64188/Orthomosaico.tif", "Farm": "64188" }, "geometry": { "type": "LineString", "coordinates": [ [ -48.294630082751489, -21.141755760932426 ], [ -48.294582235723041, -21.141725171584671 ], [ -48.294488203308511, -21.141662314895868 ], [ -48.294306124441214, -21.141544313612364 ], [ -48.29415032179363, -21.14143835443215 ], [ -48.294111850082516, -21.141411326847187 ] ] } },
{ "type": "Feature", "properties": { "Field": "000", "Length": 58.963995054069358, "Image": "/home/dev4_bemagro_com/codes/input/64188/Orthomosaico.tif", "Farm": "64188" }, "geometry": { "type": "LineString", "coordinates": [ [ -48.294583553533222, -21.141709061052733 ], [ -48.294505250383615, -21.141656667828961 ], [ -48.294457470927625, -21.141626269498552 ], [ -48.294363033009809, -21.141563950274879 ], [ -48.294299602732011, -21.141523040482248 ], [ -48.294174782749849, -21.141438503812036 ], [ -48.294120955784756, -21.141401005958087 ] ] } },
{ "type": "Feature", "properties": { "Field": "000", "Length": 57.810602026040193, "Image": "/home/dev4_bemagro_com/codes/input/64188/Orthomosaico.tif", "Farm": "64188" }, "geometry": { "type": "LineString", "coordinates": [ [ -48.294584608430803, -21.141691362218726 ], [ -48.294442467964608, -21.14159894311474 ], [ -48.294403506521981, -21.141572467234813 ], [ -48.294331783902251, -21.1415269438222 ], [ -48.294253328572275, -21.141474688698544 ], [ -48.29421468368232, -21.141447807635586 ], [ -48.294167453615771, -21.141416662927369 ], [ -48.29412997421182, -21.141390783989269 ] ] } },
{ "type": "Feature", "properties": { "Field": "000", "Length": 56.944153461485314, "Image": "/home/dev4_bemagro_com/codes/input/64188/Orthomosaico.tif", "Farm": "64188" }, "geometry": { "type": "LineString", "coordinates": [ [ -48.294585464098148, -21.14167700601849 ], [ -48.294397444218617, -21.1415521534805 ], [ -48.294286480838004, -21.141480507351588 ], [ -48.294137491309364, -21.141381073512221 ] ] } },
{ "type": "Feature", "properties": { "Field": "000", "Length": 235.1630999270289, "Image": "/home/dev4_bemagro_com/codes/input/64188/Orthomosaico.tif", "Farm": "64188" }, "geometry": { "type": "LineString", "coordinates": [ [ -48.29568329911158, -21.142991915111136 ], [ -48.295648712525548, -21.142969237154812 ], [ -48.295600386596917, -21.142939608197096 ], [ -48.295513719549255, -21.142882613293143 ], [ -48.295354509789185, -21.142781207382328 ], [ -48.295221477926525, -21.142691921571974 ], [ -48.295142727309035, -21.142640057942398 ], [ -48.295047515793058, -21.142578782522264 ], [ -48.295000759328978, -21.142547014571619 ], [ -48.294882723223132, -21.142469099435331 ], [ -48.294826986317773, -21.14243362625643 ], [ -48.294740931565187, -21.142375821035593 ], [ -48.294638052001005, -21.142309076990323 ], [ -48.29452070812502, -21.142230247258098 ], [ -48.294386477981938, -21.14214255492632 ], [ -48.294284814380497, -21.14207419092504 ], [ -48.294182200017744, -21.142007088867089 ], [ -48.294103926827695, -21.141954593573853 ], [ -48.29403254385236, -21.141908602481656 ], [ -48.293831221467421, -21.14177269834267 ] ] } },
{ "type": "Feature", "properties": { "Field": "000", "Length": 3.4607078494605572, "Image": "/home/dev4_bemagro_com/codes/input/64188/Orthomosaico.tif", "Farm": "64188" }, "geometry": { "type": "LineString", "coordinates": [ [ -48.294790546167974, -21.141944511225869 ], [ -48.294763544980107, -21.141926230651066 ] ] } },
{ "type": "Feature", "properties": { "Field": "000", "Length": 7.1226340310360916, "Image": "/home/dev4_bemagro_com/codes/input/64188/Orthomosaico.tif", "Farm": "64188" }, "geometry": { "type": "LineString", "coordinates": [ [ -48.295249957632699, -21.142512166705163 ], [ -48.295305576927525, -21.142549729945394 ] ] } },
{ "type": "Feature", "properties": { "Field": "000", "Length": 1.3628702672801869, "Image": "/home/dev4_bemagro_com/codes/input/64188/Orthomosaico.tif", "Farm": "64188" }, "geometry": { "type": "LineString", "coordinates": [ [ -48.294975387478999, -21.14216511992624 ], [ -48.29496460691356, -21.142158116059505 ] ] } },
{ "type": "Feature", "properties": { "Field": "000", "Length": 197.06083873339637, "Image": "/home/dev4_bemagro_com/codes/input/64188/Orthomosaico.tif", "Farm": "64188" }, "geometry": { "type": "LineString", "coordinates": [ [ -48.295439655668808, -21.142720002638324 ], [ -48.295369194438692, -21.142672374554852 ], [ -48.295289918705151, -21.142621219876052 ], [ -48.295227395207064, -21.142579098741027 ], [ -48.295116410583852, -21.142507480406021 ], [ -48.295061726803851, -21.142470592778096 ], [ -48.294982004485171, -21.142420052816504 ], [ -48.294856281559269, -21.142336701009413 ], [ -48.294761297940447, -21.1422751153831 ], [ -48.294683021655793, -21.142222623902747 ], [ -48.294659033325708, -21.142207561909114 ], [ -48.294526183357881, -21.142118038846306 ], [ -48.29447069905472, -21.142082219036297 ], [ -48.294408517407646, -21.142039655202648 ], [ -48.294352960137289, -21.142003935123643 ], [ -48.294314110255428, -21.141977315217744 ], [ -48.29406906023241, -21.141817780784379 ], [ -48.294022324376094, -21.141785986527687 ], [ -48.293959355658039, -21.141744453803707 ], [ -48.293913023729928, -21.141712143443826 ], [ -48.29388910437779, -21.141696429729649 ] ] } },
{ "type": "Feature", "properties": { "Field": "000", "Length": 185.98564159165375, "Image": "/home/dev4_bemagro_com/codes/input/64188/Orthomosaico.tif", "Farm": "64188" }, "geometry": { "type": "LineString", "coordinates": [ [ -48.295361077442756, -21.142651277974121 ], [ -48.295325809913997, -21.142627931363233 ], [ -48.295278025084826, -21.142597542453835 ], [ -48.295223180627026, -21.142560866446036 ], [ -48.295135959310237, -21.142504620981679 ], [ -48.295081284472474, -21.142467726393662 ], [ -48.295009818320139, -21.1424218500186 ], [ -48.294915721486127, -21.142359077910832 ], [ -48.294678969086938, -21.142204159060054 ], [ -48.294593065412784, -21.142146158693919 ], [ -48.294474556504184, -21.142068878897248 ], [ -48.294317909849546, -21.141964020143114 ], [ -48.294184030495103, -21.141875857459489 ], [ -48.294073286613553, -21.141803913923713 ], [ -48.293897289786976, -21.14168564433017 ] ] } },
{ "type": "Feature", "properties": { "Field": "000", "Length": 185.47732559897304, "Image": "/home/dev4_bemagro_com/codes/input/64188/Orthomosaico.tif", "Farm": "64188" }, "geometry": { "type": "LineString", "coordinates": [ [ -48.295366343519646, -21.14263637883127 ], [ -48.295302413169516, -21.142595800952272 ], [ -48.295263222262044, -21.142569624457025 ], [ -48.295175849379376, -21.142513586406722 ], [ -48.295066311844685, -21.14244003343881 ], [ -48.294908349892793, -21.142336925067834 ], [ -48.294845632122509, -21.142295059095829 ], [ -48.294797839774496, -21.142264678302084 ], [ -48.294743253790145, -21.142227663548706 ], [ -48.294640657896643, -21.142160536430023 ], [ -48.294601821600622, -21.142133899013949 ], [ -48.294491265037401, -21.142061700862161 ], [ -48.294428734006303, -21.142019589946635 ], [ -48.294287081742333, -21.141926104493734 ], [ -48.294231536012752, -21.141890368688781 ], [ -48.294153198350635, -21.141837958182276 ], [ -48.294058264481357, -21.141776305603592 ], [ -48.294019359644984, -21.141749756523232 ], [ -48.293932539044093, -21.141692968804588 ], [ -48.293905650281033, -21.141674628230142 ] ] } },
{ "type": "Feature", "properties": { "Field": "000", "Length": 7.5011107962350296, "Image": "/home/dev4_bemagro_com/codes/input/64188/Orthomosaico.tif", "Farm": "64188" }, "geometry": { "type": "LineString", "coordinates": [ [ -48.2953703544663, -21.14262503078573 ], [ -48.295311377458539, -21.142586001582202 ] ] } },
{ "type": "Feature", "properties": { "Field": "000", "Length": 176.0434765126968, "Image": "/home/dev4_bemagro_com/codes/input/64188/Orthomosaico.tif", "Farm": "64188" }, "geometry": { "type": "LineString", "coordinates": [ [ -48.295299438657331, -21.142577761378391 ], [ -48.295133794370251, -21.142469097936932 ], [ -48.29509489647284, -21.142442539618788 ], [ -48.295039464459208, -21.142406648418163 ], [ -48.294984709996257, -21.142369853243761 ], [ -48.294818805573193, -21.142261649440176 ], [ -48.294772038888581, -21.142229894877396 ], [ -48.294708522158182, -21.142189102890896 ], [ -48.294630250932613, -21.142136604836903 ], [ -48.29455120772591, -21.142085134906335 ], [ -48.294520110424685, -21.142063861314039 ], [ -48.29441765419957, -21.141996546888905 ], [ -48.294394396880911, -21.141980507584215 ], [ -48.29438653150126, -21.141975308363094 ], [ -48.294268522108638, -21.141897358325089 ], [ -48.294197134344486, -21.141851373795944 ], [ -48.294119014260772, -21.141798678260074 ], [ -48.294071309926686, -21.141768176230887 ], [ -48.293992658786124, -21.141716180689208 ], [ -48.293914262061442, -21.141663281023437 ] ] } },
{ "type": "Feature", "properties": { "Field": "000", "Length": 175.34343940051423, "Image": "/home/dev4_bemagro_com/codes/input/64188/Orthomosaico.tif", "Farm": "64188" }, "geometry": { "type": "LineString", "coordinates": [ [ -48.295302810702921, -21.142562362372416 ], [ -48.295200068646167, -21.142495055525959 ], [ -48.295113917877465, -21.142437376226141 ], [ -48.29501878201539, -21.142375997651431 ], [ -48.294964178390259, -21.142339005735746 ], [ -48.294892664945806, -21.142293193042118 ], [ -48.294853700563124, -21.142266720711895 ], [ -48.294798052828419, -21.142231124636361 ], [ -48.294712094363518, -21.142173193616802 ], [ -48.294562095509256, -21.142075153510689 ], [ -48.294444598254664, -21.141996525369382 ], [ -48.294380913227684, -21.141955965154214 ], [ -48.294279604768278, -21.141887138866633 ], [ -48.294121324265291, -21.141784462324612 ], [ -48.294043423040492, -21.141731482443326 ], [ -48.293995603978416, -21.141701138974941 ], [ -48.293922990571772, -21.141651780006544 ] ] } },
{ "type": "Feature", "properties": { "Field": "000", "Length": 166.02614905098301, "Image": "/home/dev4_bemagro_com/codes/input/64188/Orthomosaico.tif", "Farm": "64188" }, "geometry": { "type": "LineString", "coordinates": [ [ -48.29393059297945, -21.141641762783301 ], [ -48.294087389985343, -21.141745642788411 ], [ -48.294182209862157, -21.141807449522339 ], [ -48.294221267143477, -21.141833800775178 ], [ -48.294284872907419, -21.141874469927881 ], [ -48.294370969572221, -21.141932219531224 ], [ -48.294457989920211, -21.141988737654199 ], [ -48.29468525775205, -21.142140611926134 ], [ -48.294724990206802, -21.142166059369693 ], [ -48.294906033747132, -21.142285455510137 ], [ -48.29496171376821, -21.142321007051887 ], [ -48.295047757072545, -21.142378826997547 ], [ -48.295143054089216, -21.142439984933844 ], [ -48.295237363791692, -21.142503661280053 ] ] } },
{ "type": "Feature", "properties": { "Field": "000", "Length": 164.74844888057962, "Image": "/home/dev4_bemagro_com/codes/input/64188/Orthomosaico.tif", "Farm": "64188" }, "geometry": { "type": "LineString", "coordinates": [ [ -48.295236036855179, -21.142485446060864 ], [ -48.29514971109198, -21.142427446257372 ], [ -48.29504707928043, -21.142360367236581 ], [ -48.294992615522929, -21.142323194290732 ], [ -48.294912841962812, -21.142272725659662 ], [ -48.294857554099437, -21.142236639395946 ], [ -48.294787047114923, -21.142189473724059 ], [ -48.294755183874329, -21.142169222213187 ], [ -48.294723983417086, -21.142148081943574 ], [ -48.294660719390045, -21.142106945830236 ], [ -48.294645379177702, -21.142096045909373 ], [ -48.294597699718608, -21.142065509499709 ], [ -48.294480392488261, -21.141986632034605 ], [ -48.294440626173952, -21.141961231079279 ], [ -48.294283753848376, -21.141856669614171 ], [ -48.294227982456356, -21.141821244538463 ], [ -48.294189087283279, -21.141794682974883 ], [ -48.294102076102298, -21.14173815251171 ], [ -48.29403950267006, -21.141696097278466 ], [ -48.293968221878309, -21.141649967081097 ], [ -48.29393918646732, -21.141630439672621 ] ] } },
{ "type": "Feature", "properties": { "Field": "000", "Length": 5.1713042964085743, "Image": "/home/dev4_bemagro_com/codes/input/64188/Orthomosaico.tif", "Farm": "64188" }, "geometry": { "type": "LineString", "coordinates": [ [ -48.295234925132561, -21.142470185141025 ], [ -48.295194772045498, -21.142442617298254 ] ] } },
{ "type": "Feature", "properties": { "Field": "000", "Length": 157.30160941153576, "Image": "/home/dev4_bemagro_com/codes/input/64188/Orthomosaico.tif", "Farm": "64188" }, "geometry": { "type": "LineString", "coordinates": [ [ -48.295185354477006, -21.142436151490148 ], [ -48.295154245664001, -21.14241479314439 ], [ -48.29509843318602, -21.142379424706498 ], [ -48.294973412798662, -21.142295148010302 ], [ -48.294878039400402, -21.14223409489184 ], [ -48.294783323090968, -21.142172148065132 ], [ -48.294673923991695, -21.142098414370867 ], [ -48.294626013318812, -21.142068198151801 ], [ -48.294484971477686, -21.1419739037818 ], [ -48.294381906522176, -21.141907412365093 ], [ -48.294288141993178, -21.141844204319327 ], [ -48.294248236195649, -21.141818996693956 ], [ -48.294201476910061, -21.14178723275878 ], [ -48.294098926246392, -21.14172004532351 ], [ -48.293947583351198, -21.141619168706125 ] ] } },
{ "type": "Feature", "properties": { "Field": "000", "Length": 156.52775873205363, "Image": "/home/dev4_bemagro_com/codes/input/64188/Orthomosaico.tif", "Farm": "64188" }, "geometry": { "type": "LineString", "coordinates": [ [ -48.295187141127194, -21.142421381850713 ], [ -48.295154784331089, -21.142400599606038 ], [ -48.295037176910824, -21.142322116122816 ], [ -48.294990563885626, -21.142290163289573 ], [ -48.294958662722941, -21.142269964353034 ], [ -48.29479334999121, -21.142160966567712 ], [ -48.294729961552179, -21.142119999354655 ], [ -48.294651853180014, -21.142067288298186 ], [ -48.294564516876349, -21.142011200563136 ], [ -48.294502037777448, -21.141969021879579 ], [ -48.294462408019896, -21.14194343378065 ], [ -48.294431285754243, -21.141922192384946 ], [ -48.294391640746056, -21.141896625107947 ], [ -48.294289624146806, -21.141828725726636 ], [ -48.294241740890421, -21.141798471428771 ], [ -48.294210816794319, -21.141776976852942 ], [ -48.294171124510832, -21.141751474280927 ], [ -48.294116293330163, -21.141714780175985 ], [ -48.294023003773198, -21.141650956752525 ], [ -48.293956497921108, -21.141607045796519 ] ] } },
{ "type": "Feature", "properties": { "Field": "000", "Length": 145.54830567963936, "Image": "/home/dev4_bemagro_com/codes/input/64188/Orthomosaico.tif", "Farm": "64188" }, "geometry": { "type": "LineString", "coordinates": [ [ -48.295108775009801, -21.142353469776275 ], [ -48.294982558905737, -21.142270727449208 ], [ -48.294912025962219, -21.142223595916466 ], [ -48.294872234539071, -21.142198229481163 ], [ -48.294762147909125, -21.142125401959696 ], [ -48.294730320969514, -21.142105100290436 ], [ -48.294675938111673, -21.142067823388974 ], [ -48.294588757383529, -21.14201152302762 ], [ -48.294542075399107, -21.141979659077585 ], [ -48.294415738324581, -21.141897129197577 ], [ -48.29436111387983, -21.141860164618937 ], [ -48.294289612596216, -21.141814335598578 ], [ -48.294226992926966, -21.141772340922643 ], [ -48.294195130857837, -21.141752087938489 ], [ -48.294094088659079, -21.141682918220077 ], [ -48.293964230743704, -21.141596529941022 ] ] } },
{ "type": "Feature", "properties": { "Field": "000", "Length": 48.601500221634744, "Image": "/home/dev4_bemagro_com/codes/input/64188/Orthomosaico.tif", "Farm": "64188" }, "geometry": { "type": "LineString", "coordinates": [ [ -48.294528245995821, -21.141622113694208 ], [ -48.294402864297382, -21.141538224874182 ], [ -48.294355146545705, -21.141507741416145 ], [ -48.294308268080869, -21.141476132589787 ], [ -48.294252334725343, -21.141440933178671 ], [ -48.29414648708137, -21.141368816849067 ] ] } },
{ "type": "Feature", "properties": { "Field": "000", "Length": 46.565931608442568, "Image": "/home/dev4_bemagro_com/codes/input/64188/Orthomosaico.tif", "Farm": "64188" }, "geometry": { "type": "LineString", "coordinates": [ [ -48.294520153197318, -21.141600741870096 ], [ -48.294314904523574, -21.141464502192651 ], [ -48.294251498289306, -21.141423559670006 ], [ -48.294196753609988, -21.14138675221615 ], [ -48.294154975547954, -21.14135725138274 ] ] } },
{ "type": "Feature", "properties": { "Field": "000", "Length": 44.356668522412868, "Image": "/home/dev4_bemagro_com/codes/input/64188/Orthomosaico.tif", "Farm": "64188" }, "geometry": { "type": "LineString", "coordinates": [ [ -48.294511375088582, -21.141577560241917 ], [ -48.294235502708268, -21.141396135138454 ], [ -48.294163275554816, -21.141345942688865 ] ] } },
{ "type": "Feature", "properties": { "Field": "000", "Length": 42.273261501532183, "Image": "/home/dev4_bemagro_com/codes/input/64188/Orthomosaico.tif", "Farm": "64188" }, "geometry": { "type": "LineString", "coordinates": [ [ -48.294503094898531, -21.141555693534141 ], [ -48.294456230764773, -21.141524186502792 ], [ -48.294376969847953, -21.141473012553213 ], [ -48.294346053150079, -21.141451508691478 ], [ -48.294243319536612, -21.141384567990364 ], [ -48.294170942476704, -21.141335496566182 ] ] } },
{ "type": "Feature", "properties": { "Field": "000", "Length": 35.820949911335269, "Image": "/home/dev4_bemagro_com/codes/input/64188/Orthomosaico.tif", "Farm": "64188" }, "geometry": { "type": "LineString", "coordinates": [ [ -48.294460543567837, -21.141510985374669 ], [ -48.294405012767292, -21.141474477406959 ], [ -48.294287985898443, -21.141395234880648 ], [ -48.294216694299671, -21.141349119553446 ], [ -48.294179443527923, -21.14132391394628 ] ] } },
{ "type": "Feature", "properties": { "Field": "000", "Length": 29.393673794163664, "Image": "/home/dev4_bemagro_com/codes/input/64188/Orthomosaico.tif", "Farm": "64188" }, "geometry": { "type": "LineString", "coordinates": [ [ -48.294418195451087, -21.14146638939048 ], [ -48.294347679772152, -21.141418852968652 ], [ -48.294245263986333, -21.141351485017079 ], [ -48.294187917614707, -21.141312368062785 ] ] } },
{ "type": "Feature", "properties": { "Field": "000", "Length": 28.248727852694973, "Image": "/home/dev4_bemagro_com/codes/input/64188/Orthomosaico.tif", "Farm": "64188" }, "geometry": { "type": "LineString", "coordinates": [ [ -48.294417815008991, -21.141448635423192 ], [ -48.294331036493112, -21.141391727033646 ], [ -48.294244860750879, -21.141334081519314 ], [ -48.294196915964818, -21.141300107871512 ] ] } },
{ "type": "Feature", "properties": { "Field": "000", "Length": 21.086294302507099, "Image": "/home/dev4_bemagro_com/codes/input/64188/Orthomosaico.tif", "Farm": "64188" }, "geometry": { "type": "LineString", "coordinates": [ [ -48.294369805123793, -21.141401583590767 ], [ -48.294291637358157, -21.141348798607183 ], [ -48.294206072998549, -21.141289191864171 ] ] } },
{ "type": "Feature", "properties": { "Field": "000", "Length": 20.35380929815522, "Image": "/home/dev4_bemagro_com/codes/input/64188/Orthomosaico.tif", "Farm": "64188" }, "geometry": { "type": "LineString", "coordinates": [ [ -48.294373315069656, -21.141387543808722 ], [ -48.294271646056579, -21.141318939983215 ], [ -48.294215647991159, -21.141278600533997 ] ] } },
{ "type": "Feature", "properties": { "Field": "000", "Length": 2.162385066938413, "Image": "/home/dev4_bemagro_com/codes/input/64188/Orthomosaico.tif", "Farm": "64188" }, "geometry": { "type": "LineString", "coordinates": [ [ -48.294376296206366, -21.141375619260408 ], [ -48.294359639107128, -21.141363923393946 ] ] } },
{ "type": "Feature", "properties": { "Field": "000", "Length": 12.000548562980535, "Image": "/home/dev4_bemagro_com/codes/input/64188/Orthomosaico.tif", "Farm": "64188" }, "geometry": { "type": "LineString", "coordinates": [ [ -48.29431685818512, -21.141333884538195 ], [ -48.294254798670586, -21.141290309075998 ], [ -48.294225102535826, -21.141268142434512 ] ] } },
{ "type": "Feature", "properties": { "Field": "000", "Length": 10.783138636232119, "Image": "/home/dev4_bemagro_com/codes/input/64188/Orthomosaico.tif", "Farm": "64188" }, "geometry": { "type": "LineString", "coordinates": [ [ -48.294317223179846, -21.141316486463051 ], [ -48.294234432716507, -21.141257821897543 ] ] } },
{ "type": "Feature", "properties": { "Field": "001", "Length": 5.0040036103168477, "Image": "/home/dev4_bemagro_com/codes/input/64188/Orthomosaico.tif", "Farm": "64188" }, "geometry": { "type": "LineString", "coordinates": [ [ -48.297088446348241, -21.143578309735414 ], [ -48.297119768524929, -21.143612614683391 ] ] } },
{ "type": "Feature", "properties": { "Field": "001", "Length": 31.956044554526393, "Image": "/home/dev4_bemagro_com/codes/input/64188/Orthomosaico.tif", "Farm": "64188" }, "geometry": { "type": "LineString", "coordinates": [ [ -48.297116009026865, -21.143630472302785 ], [ -48.297054305002206, -21.143560876829842 ], [ -48.297005866504165, -21.143504753865077 ], [ -48.296919880915141, -21.143408325262143 ] ] } },
{ "type": "Feature", "properties": { "Field": "001", "Length": 11.878251509073934, "Image": "/home/dev4_bemagro_com/codes/input/64188/Orthomosaico.tif", "Farm": "64188" }, "geometry": { "type": "LineString", "coordinates": [ [ -48.296996936068837, -21.143473842014803 ], [ -48.297069027745763, -21.143557041913976 ] ] } },
{ "type": "Feature", "properties": { "Field": "001", "Length": 36.244710677278356, "Image": "/home/dev4_bemagro_com/codes/input/64188/Orthomosaico.tif", "Farm": "64188" }, "geometry": { "type": "LineString", "coordinates": [ [ -48.297112182344698, -21.143648649040873 ], [ -48.296889235011996, -21.143397067186946 ] ] } },
{ "type": "Feature", "properties": { "Field": "001", "Length": 48.461972745894002, "Image": "/home/dev4_bemagro_com/codes/input/64188/Orthomosaico.tif", "Farm": "64188" }, "geometry": { "type": "LineString", "coordinates": [ [ -48.297096153914751, -21.143674432011416 ], [ -48.297059570089971, -21.143631755961579 ], [ -48.296967092996432, -21.143527801666377 ], [ -48.296800007919686, -21.143336543089696 ] ] } },
{ "type": "Feature", "properties": { "Field": "001", "Length": 12.376993353994939, "Image": "/home/dev4_bemagro_com/codes/input/64188/Orthomosaico.tif", "Farm": "64188" }, "geometry": { "type": "LineString", "coordinates": [ [ -48.297080787088909, -21.143549054436463 ], [ -48.297037743850531, -21.143500318429133 ], [ -48.297005763300596, -21.143462298712446 ] ] } },
{ "type": "Feature", "properties": { "Field": "001", "Length": 11.019638676346311, "Image": "/home/dev4_bemagro_com/codes/input/64188/Orthomosaico.tif", "Farm": "64188" }, "geometry": { "type": "LineString", "coordinates": [ [ -48.297092486168921, -21.143541107890609 ], [ -48.297024933457578, -21.14346443874733 ] ] } },
{ "type": "Feature", "properties": { "Field": "001", "Length": 56.473729325400569, "Image": "/home/dev4_bemagro_com/codes/input/64188/Orthomosaico.tif", "Farm": "64188" }, "geometry": { "type": "LineString", "coordinates": [ [ -48.297076295153609, -21.143694190796648 ], [ -48.297052875495069, -21.14366610982848 ], [ -48.297046814897485, -21.143659098852289 ], [ -48.296928828845424, -21.143528091764779 ], [ -48.296916839858213, -21.143513971364932 ], [ -48.296904266695876, -21.143500304945935 ], [ -48.296731594349765, -21.143300174342642 ] ] } },
{ "type": "Feature", "properties": { "Field": "001", "Length": 47.53937895937618, "Image": "/home/dev4_bemagro_com/codes/input/64188/Orthomosaico.tif", "Farm": "64188" }, "geometry": { "type": "LineString", "coordinates": [ [ -48.297105275132303, -21.143662534770861 ], [ -48.296896532063762, -21.143426178249388 ], [ -48.296814773072889, -21.143331074514965 ] ] } },
{ "type": "Feature", "properties": { "Field": "001", "Length": 55.844355548804174, "Image": "/home/dev4_bemagro_com/codes/input/64188/Orthomosaico.tif", "Farm": "64188" }, "geometry": { "type": "LineString", "coordinates": [ [ -48.297087632058144, -21.143684942265608 ], [ -48.297045106088447, -21.143635133897668 ], [ -48.296945973771322, -21.143524634652362 ], [ -48.296837058380483, -21.143398303963423 ], [ -48.296787530827892, -21.143343023944574 ], [ -48.296746714225797, -21.143295344390722 ] ] } },
{ "type": "Feature", "properties": { "Field": "001", "Length": 89.029094412799509, "Image": "/home/dev4_bemagro_com/codes/input/64188/Orthomosaico.tif", "Farm": "64188" }, "geometry": { "type": "LineString", "coordinates": [ [ -48.297065615582554, -21.143702903079884 ], [ -48.297023205201505, -21.143653604643958 ], [ -48.296948852758554, -21.14357073272927 ], [ -48.296832406583029, -21.143438518661551 ], [ -48.296711655410128, -21.143297949887149 ], [ -48.29668086580601, -21.143263270284613 ], [ -48.296590808239479, -21.14315746312986 ], [ -48.296526211534776, -21.143078683237505 ] ] } },
{ "type": "Feature", "properties": { "Field": "001", "Length": 103.08265306372017, "Image": "/home/dev4_bemagro_com/codes/input/64188/Orthomosaico.tif", "Farm": "64188" }, "geometry": { "type": "LineString", "coordinates": [ [ -48.297044711503936, -21.143719956404968 ], [ -48.297002181321282, -21.143670333673693 ], [ -48.296940071230971, -21.143601392208872 ], [ -48.296895882575662, -21.143553705438549 ], [ -48.296852942094809, -21.143505025442906 ], [ -48.296810896204761, -21.143455662961141 ], [ -48.296677106619079, -21.143301769975984 ], [ -48.296587980660192, -21.143195270794919 ], [ -48.296503391126116, -21.143096920972358 ], [ -48.296444997043068, -21.143025178307994 ], [ -48.296422014915315, -21.142995893512033 ] ] } },
{ "type": "Feature", "properties": { "Field": "001", "Length": 100.01858429248723, "Image": "/home/dev4_bemagro_com/codes/input/64188/Orthomosaico.tif", "Farm": "64188" }, "geometry": { "type": "LineString", "coordinates": [ [ -48.297054627777271, -21.143711866815483 ], [ -48.297006793591464, -21.143655867281876 ], [ -48.296919793683799, -21.143559385955893 ], [ -48.29688959470019, -21.143524252473782 ], [ -48.296845918843694, -21.143476152085743 ], [ -48.296790859528507, -21.14341344795584 ], [ -48.296730489269329, -21.143343159711367 ], [ -48.296712998387285, -21.143321617657815 ], [ -48.296706896792735, -21.143314638061437 ], [ -48.296682088906429, -21.143287033151406 ], [ -48.296640791439387, -21.143237118455168 ], [ -48.296598317832299, -21.143188079731008 ], [ -48.296563296567939, -21.143145023648312 ], [ -48.296491334528362, -21.143060315352507 ], [ -48.296449882015459, -21.143009729728991 ] ] } },
{ "type": "Feature", "properties": { "Field": "001", "Length": 132.95403743152778, "Image": "/home/dev4_bemagro_com/codes/input/64188/Orthomosaico.tif", "Farm": "64188" }, "geometry": { "type": "LineString", "coordinates": [ [ -48.297022235505544, -21.14373781310962 ], [ -48.296997884168697, -21.143709070275339 ], [ -48.296867916113378, -21.143563927096981 ], [ -48.296807978142326, -21.143493313770136 ], [ -48.29672173438113, -21.143396236494812 ], [ -48.296530035631669, -21.143170197402473 ], [ -48.296452772752211, -21.143077913189245 ], [ -48.296394218411102, -21.143006285587902 ], [ -48.296375740469024, -21.142985481127894 ], [ -48.296321834674323, -21.142921900666909 ], [ -48.296254200964206, -21.142845525009527 ], [ -48.296218984696168, -21.142803908413704 ] ] } },
{ "type": "Feature", "properties": { "Field": "001", "Length": 130.39669460805902, "Image": "/home/dev4_bemagro_com/codes/input/64188/Orthomosaico.tif", "Farm": "64188" }, "geometry": { "type": "LineString", "coordinates": [ [ -48.297033750496887, -21.143728865149232 ], [ -48.2969726979074, -21.143659682190773 ], [ -48.296966078813732, -21.14365313171994 ], [ -48.2968731939619, -21.143549498620686 ], [ -48.296800602576567, -21.143465263901028 ], [ -48.296769595645358, -21.143430755189978 ], [ -48.296708753633879, -21.143360825741091 ], [ -48.296660659991765, -21.143304442444062 ], [ -48.296589821554328, -21.143218904382827 ], [ -48.296504847230167, -21.143120847021606 ], [ -48.296394148722399, -21.142984357209897 ], [ -48.296363173454715, -21.142949823964713 ], [ -48.296309179975324, -21.142886309166872 ], [ -48.29624442320285, -21.142814184576807 ] ] } },
{ "type": "Feature", "properties": { "Field": "001", "Length": 403.11624159095908, "Image": "/home/dev4_bemagro_com/codes/input/64188/Orthomosaico.tif", "Farm": "64188" }, "geometry": { "type": "LineString", "coordinates": [ [ -48.296703606456305, -21.144034566362702 ], [ -48.296655122596441, -21.143979064605563 ], [ -48.296648744617791, -21.143972305953778 ], [ -48.29664220916149, -21.143965681038313 ], [ -48.296636123663994, -21.143958689073841 ], [ -48.296630316810372, -21.143951491568988 ], [ -48.29662428831611, -21.143944456272546 ], [ -48.296481972814064, -21.143785465867712 ], [ -48.296300449499356, -21.143574913177567 ], [ -48.296247193742389, -21.143510853198297 ], [ -48.296162526051752, -21.143412562929793 ], [ -48.296079338001874, -21.143313166525481 ], [ -48.296038567563748, -21.143262871928975 ], [ -48.295985137191622, -21.143198939204495 ], [ -48.295942273698188, -21.143150200180241 ], [ -48.295886154160286, -21.143088328652897 ], [ -48.295880052219026, -21.143081349338562 ], [ -48.29579586384957, -21.142982697168794 ], [ -48.295783416303379, -21.142968929686315 ], [ -48.295777328104869, -21.142961939822889 ], [ -48.295705699401132, -21.142876983394736 ], [ -48.295614942146571, -21.142771704037731 ], [ -48.295492426246284, -21.142632486419771 ], [ -48.295420932813386, -21.142547430077261 ], [ -48.295380615085314, -21.142496815710746 ], [ -48.295339575079005, -21.142446713991813 ], [ -48.295327955037351, -21.14243232359944 ], [ -48.29531607048537, -21.142418124857294 ], [ -48.295274077246845, -21.14236872325899 ], [ -48.295261944066681, -21.142354710778339 ], [ -48.295126810156368, -21.142201856325055 ], [ -48.29507317547214, -21.142138075088219 ], [ -48.295048787050753, -21.142110143281215 ], [ -48.295036734895533, -21.14209606955772 ], [ -48.294936024087043, -21.141975151986163 ], [ -48.294837512895086, -21.141852650132371 ], [ -48.294790336729179, -21.141795589284996 ], [ -48.294712769965422, -21.141703530640964 ], [ -48.294663672217695, -21.141647915150422 ], [ -48.294627875567834, -21.141605424970678 ], [ -48.29461653802209, -21.141590838062012 ], [ -48.294566176879819, -21.141524749853705 ], [ -48.29453953705174, -21.141487168451203 ], [ -48.294534089829433, -21.141479727673698 ], [ -48.294434829309125, -21.141346580887053 ], [ -48.294372918070486, -21.141266047796492 ], [ -48.294305374663701, -21.141176347993351 ] ] } },
{ "type": "Feature", "properties": { "Field": "001", "Length": 403.17365492305584, "Image": "/home/dev4_bemagro_com/codes/input/64188/Orthomosaico.tif", "Farm": "64188" }, "geometry": { "type": "LineString", "coordinates": [ [ -48.296713467133046, -21.144024837756614 ], [ -48.296677735006313, -21.143982879870485 ], [ -48.296671627848504, -21.143975904537651 ], [ -48.296640884843093, -21.1439411884812 ], [ -48.296578094301061, -21.143872791748624 ], [ -48.296571906780656, -21.1438658790339 ], [ -48.296516555498982, -21.143803400965002 ], [ -48.296443624883523, -21.143719424457956 ], [ -48.296341558119089, -21.143599510686716 ], [ -48.296310937262618, -21.143564699922013 ], [ -48.29622802111912, -21.143465104027882 ], [ -48.296167198359086, -21.143395160037269 ], [ -48.296161220640229, -21.143388086729026 ], [ -48.296101870236527, -21.143317038060694 ], [ -48.296019856895661, -21.143216786283528 ], [ -48.295977280522294, -21.143167826145302 ], [ -48.295890216696797, -21.143071395704322 ], [ -48.295776304837602, -21.142937253440461 ], [ -48.295727413313834, -21.142881477659628 ], [ -48.295691985815033, -21.142838715077112 ], [ -48.295685949650633, -21.142831685609682 ], [ -48.295612857939105, -21.142747832869645 ], [ -48.295557084435096, -21.142685686641975 ], [ -48.295472167163354, -21.142587586186405 ], [ -48.295460197597357, -21.142573450857995 ], [ -48.295430846647335, -21.142537690382401 ], [ -48.295379558460361, -21.142472232226602 ], [ -48.295320219772208, -21.142401175698694 ], [ -48.295241563855029, -21.142309933633136 ], [ -48.295112677076382, -21.142163945618165 ], [ -48.295016695973338, -21.142051025441074 ], [ -48.294794247904491, -21.141778800334436 ], [ -48.294752729726035, -21.141729046818835 ], [ -48.294679657133678, -21.141645180251118 ], [ -48.294668188313686, -21.141630683843516 ], [ -48.294638169964664, -21.141595415251921 ], [ -48.294614913024404, -21.141566646959337 ], [ -48.294559983071174, -21.141492536650055 ], [ -48.29454422667542, -21.14146984723207 ], [ -48.294538687793469, -21.141462466253479 ], [ -48.29451607977412, -21.141433245853808 ], [ -48.294467292653671, -21.1413661265067 ], [ -48.29443365405168, -21.141322111122339 ], [ -48.29442308171329, -21.141307026668105 ], [ -48.294417503014543, -21.141299672136761 ], [ -48.294383295635249, -21.14125604438226 ], [ -48.294314679248629, -21.141166424356289 ] ] } },
{ "type": "Feature", "properties": { "Field": "001", "Length": 403.25417341033443, "Image": "/home/dev4_bemagro_com/codes/input/64188/Orthomosaico.tif", "Farm": "64188" }, "geometry": { "type": "LineString", "coordinates": [ [ -48.294324512658072, -21.14115593670882 ], [ -48.294431531413785, -21.141295249782655 ], [ -48.294525450677234, -21.141420885760624 ], [ -48.294568257208851, -21.141480902500525 ], [ -48.294628855376317, -21.141562310065002 ], [ -48.294665026582294, -21.14160452113374 ], [ -48.294681950278537, -21.14162645845019 ], [ -48.29471255705419, -21.141661279845469 ], [ -48.29483761424386, -21.141810170221355 ], [ -48.294902297173898, -21.141888762879049 ], [ -48.294948219045963, -21.14194671746494 ], [ -48.295042459778074, -21.142060920650174 ], [ -48.295120932311697, -21.142152301565368 ], [ -48.295225657853202, -21.142270179457235 ], [ -48.29529860547337, -21.142354142356634 ], [ -48.295393806335618, -21.142467642718437 ], [ -48.295422046045765, -21.142504182262197 ], [ -48.295492234928197, -21.142590189981394 ], [ -48.295516988084792, -21.142617838212175 ], [ -48.295577283537611, -21.142688182791861 ], [ -48.295609052270663, -21.142722076069521 ], [ -48.295633517161043, -21.142749949229366 ], [ -48.295759068726227, -21.142898473788527 ], [ -48.295844662968477, -21.142996055366552 ], [ -48.295885999327325, -21.143045942331405 ], [ -48.296015892059806, -21.143191144310371 ], [ -48.296051958175745, -21.143233434813421 ], [ -48.296063248460392, -21.143248053536322 ], [ -48.296115794966717, -21.143312627810786 ], [ -48.296121734732793, -21.143319729200453 ], [ -48.296230086124346, -21.143446485871042 ], [ -48.296265275649276, -21.143489420696984 ], [ -48.296354932146123, -21.143595527130351 ], [ -48.296518344686469, -21.143784993303608 ], [ -48.296661099172411, -21.143943636499849 ], [ -48.296722977910655, -21.144015454361345 ] ] } },
{ "type": "Feature", "properties": { "Field": "001", "Length": 403.32540752435636, "Image": "/home/dev4_bemagro_com/codes/input/64188/Orthomosaico.tif", "Farm": "64188" }, "geometry": { "type": "LineString", "coordinates": [ [ -48.296733148381826, -21.144005420106023 ], [ -48.296672746600706, -21.14393574092658 ], [ -48.296628768796886, -21.143887883959525 ], [ -48.296529837817857, -21.143777225955361 ], [ -48.296523805459998, -21.143770193577616 ], [ -48.296470400679617, -21.143706241874497 ], [ -48.296464325620278, -21.143699241926381 ], [ -48.296415009100095, -21.143643796070009 ], [ -48.296409028944602, -21.143636724566178 ], [ -48.296391445232544, -21.143615248782829 ], [ -48.296385434321721, -21.143608200267014 ], [ -48.296330462895803, -21.143545427815244 ], [ -48.296247841689265, -21.143445616747723 ], [ -48.296133624970764, -21.143311702378895 ], [ -48.296081426941264, -21.143246880507348 ], [ -48.296027919794923, -21.143183004698788 ], [ -48.296021818712369, -21.143176024719534 ], [ -48.295922678411088, -21.14306553216354 ], [ -48.295850642536756, -21.142980879547864 ], [ -48.295746605482258, -21.142862466071463 ], [ -48.295645451969975, -21.142741874080329 ], [ -48.295639337816688, -21.142734904192029 ], [ -48.295577129698721, -21.142666040986416 ], [ -48.295516486813071, -21.142595960157912 ], [ -48.2954513442562, -21.142517702357654 ], [ -48.295405719148825, -21.142459542346934 ], [ -48.29539982395746, -21.142452408374314 ], [ -48.295333558657504, -21.142374984432596 ], [ -48.295304567227724, -21.142338967481574 ], [ -48.295286656707432, -21.142317731354755 ], [ -48.295274512685054, -21.142303727738511 ], [ -48.295193649685928, -21.14221419980661 ], [ -48.295187597446599, -21.142207182540229 ], [ -48.295163816447726, -21.142178793318685 ], [ -48.295126722428463, -21.142137294294916 ], [ -48.295084248289847, -21.142088255961127 ], [ -48.295078323038318, -21.142081143953295 ], [ -48.295031656470485, -21.142023715293654 ], [ -48.295025673910409, -21.142016645640528 ], [ -48.294983143584041, -21.141967650228928 ], [ -48.294977249697638, -21.141960515325554 ], [ -48.294902172723724, -21.141866657202339 ], [ -48.294818809222711, -21.141767391507727 ], [ -48.294789811930492, -21.141731378453823 ], [ -48.294783890218177, -21.141724263864749 ], [ -48.294657702097076, -21.141576215759439 ], [ -48.294651711992017, -21.141569151760283 ], [ -48.294645947658971, -21.141561924317571 ], [ -48.29461232862122, -21.141517895439343 ], [ -48.294606893363792, -21.141510446966407 ], [ -48.294542978212313, -21.141420237499808 ], [ -48.294504573389062, -21.141368330180391 ], [ -48.294415821269055, -21.141250320519404 ], [ -48.294334328208933, -21.141145468105879 ] ] } },
{ "type": "Feature", "properties": { "Field": "001", "Length": 403.39885986844138, "Image": "/home/dev4_bemagro_com/codes/input/64188/Orthomosaico.tif", "Farm": "64188" }, "geometry": { "type": "LineString", "coordinates": [ [ -48.296742628486534, -21.143996066968995 ], [ -48.296687427608923, -21.143932979769918 ], [ -48.296630909656145, -21.143871427798633 ], [ -48.296563019102294, -21.1437952526054 ], [ -48.29641826472799, -21.143626458816577 ], [ -48.296338771967186, -21.143535856596841 ], [ -48.296273281864721, -21.143457853841642 ], [ -48.296238511557249, -21.143414618678598 ], [ -48.296195760601577, -21.143365792158953 ], [ -48.296154038125948, -21.143316188810385 ], [ -48.296060370469199, -21.143201570718169 ], [ -48.296017636661382, -21.143152731045245 ], [ -48.295967478435848, -21.143097953909468 ], [ -48.295919070425164, -21.143041807982563 ], [ -48.295895785914396, -21.143013058685963 ], [ -48.295827858566682, -21.142936912736626 ], [ -48.295725339434888, -21.142817339510422 ], [ -48.29564889214253, -21.142724459628926 ], [ -48.295586297894175, -21.142655905066018 ], [ -48.295525379103935, -21.142586034760679 ], [ -48.295460344212302, -21.142507697888394 ], [ -48.295432595110093, -21.142470829000832 ], [ -48.295409422612565, -21.142442000237139 ], [ -48.295336736270542, -21.142357838095649 ], [ -48.295284287063332, -21.142293194530076 ], [ -48.295190311763982, -21.14219043045475 ], [ -48.295166694196013, -21.142161921391736 ], [ -48.295135782942225, -21.142127337412546 ], [ -48.295099683427011, -21.14208507222185 ], [ -48.295028090114435, -21.142000089643535 ], [ -48.295010843027676, -21.14197837508797 ], [ -48.294992294064222, -21.141957626461355 ], [ -48.294941022609137, -21.141892156696311 ], [ -48.294911577338851, -21.141856464619956 ], [ -48.294655309488348, -21.141551740617405 ], [ -48.294616102075153, -21.141500363629515 ], [ -48.294541490377959, -21.141395146711194 ], [ -48.294496739086235, -21.141336391823032 ], [ -48.294458592728091, -21.141284316591779 ], [ -48.294435572521436, -21.141255380799912 ], [ -48.29436297483187, -21.141159821711909 ], [ -48.29434360285827, -21.141135576389885 ] ] } },
{ "type": "Feature", "properties": { "Field": "001", "Length": 403.44569789588866, "Image": "/home/dev4_bemagro_com/codes/input/64188/Orthomosaico.tif", "Farm": "64188" }, "geometry": { "type": "LineString", "coordinates": [ [ -48.296751939924171, -21.143986880238259 ], [ -48.296578860687426, -21.14379275647434 ], [ -48.296530191474069, -21.143736809432355 ], [ -48.296512478446829, -21.143715427362249 ], [ -48.296427006524688, -21.143617751070551 ], [ -48.296301779475861, -21.143468985023389 ], [ -48.296277164851787, -21.143441228010833 ], [ -48.296198816110952, -21.14334975302517 ], [ -48.296163294061813, -21.14330705911123 ], [ -48.296075994283875, -21.143199236916796 ], [ -48.295970982400839, -21.143081582816702 ], [ -48.295898957069262, -21.142996921704182 ], [ -48.295788716063747, -21.142871607544354 ], [ -48.29574072564187, -21.142815147052335 ], [ -48.295687665225266, -21.142750943853919 ], [ -48.295577201451344, -21.14262580263982 ], [ -48.295505429183834, -21.142540952783989 ], [ -48.295412370764787, -21.142425899171783 ], [ -48.29537613893396, -21.142383733680898 ], [ -48.295311041997181, -21.14230544225526 ], [ -48.295286755747831, -21.142277431993111 ], [ -48.295211923920732, -21.142194941433349 ], [ -48.295175215057995, -21.142153140717376 ], [ -48.295097873867256, -21.142060914782739 ], [ -48.29504966545403, -21.142004618215886 ], [ -48.29500220810219, -21.141947762781967 ], [ -48.294885615768216, -21.141804138247565 ], [ -48.294699990209295, -21.141585103156913 ], [ -48.294659556368444, -21.141534569719639 ], [ -48.294614925517948, -21.141475734220091 ], [ -48.294578521811665, -21.141422572422183 ], [ -48.29454044443127, -21.141370452759574 ], [ -48.294473004359972, -21.141282531098 ], [ -48.294417840312128, -21.14120857333711 ], [ -48.294372862519019, -21.141149970916274 ], [ -48.2943531973131, -21.141125343588822 ] ] } },
{ "type": "Feature", "properties": { "Field": "001", "Length": 403.72879094310309, "Image": "/home/dev4_bemagro_com/codes/input/64188/Orthomosaico.tif", "Farm": "64188" }, "geometry": { "type": "LineString", "coordinates": [ [ -48.296761839912932, -21.143977112836829 ], [ -48.296588835846222, -21.143783955671232 ], [ -48.296480712907019, -21.143657027404153 ], [ -48.296425510695414, -21.143594433529831 ], [ -48.296359182173823, -21.143517056834511 ], [ -48.296347808550983, -21.143502495264414 ], [ -48.296300030797362, -21.143445876589858 ], [ -48.296263250814455, -21.143404130845354 ], [ -48.296251152438749, -21.143390092066959 ], [ -48.296215394358079, -21.143347571926466 ], [ -48.296162020115553, -21.143283597918035 ], [ -48.296150379844612, -21.14326922250919 ], [ -48.296110336718236, -21.143218415862545 ], [ -48.296074759350738, -21.14317576340428 ], [ -48.295975646876613, -21.143065249640504 ], [ -48.295897399565092, -21.142973698784413 ], [ -48.295799420311504, -21.142862298818734 ], [ -48.295674050157473, -21.142713639977178 ], [ -48.295556573183063, -21.142582232420182 ], [ -48.295503089200636, -21.142518340279395 ], [ -48.29545183342784, -21.142452859967879 ], [ -48.295446036722197, -21.142445655383419 ], [ -48.295410485104867, -21.142402983457348 ], [ -48.295392275905492, -21.14238197190328 ], [ -48.295315685851634, -21.142289196038348 ], [ -48.295221887935647, -21.142186290221659 ], [ -48.295178897715239, -21.142137649365207 ], [ -48.29510262368747, -21.142044644930984 ], [ -48.295042016807109, -21.141974536739756 ], [ -48.294994282479422, -21.141917885812834 ], [ -48.294919357759923, -21.141823920900862 ], [ -48.294877908827246, -21.141774116645333 ], [ -48.294734004287598, -21.141604686308646 ], [ -48.294669172541759, -21.141526201818852 ], [ -48.294635898913974, -21.1414819432323 ], [ -48.294599407085329, -21.14142883516077 ], [ -48.294561604734483, -21.141376539759701 ], [ -48.294495349761476, -21.141287828664058 ], [ -48.294433312917263, -21.141207380647387 ], [ -48.294389340211978, -21.141148110764583 ], [ -48.294372277346454, -21.141126268765142 ], [ -48.294362012569913, -21.141113410323118 ] ] } },
{ "type": "Feature", "properties": { "Field": "001", "Length": 403.99912999201558, "Image": "/home/dev4_bemagro_com/codes/input/64188/Orthomosaico.tif", "Farm": "64188" }, "geometry": { "type": "LineString", "coordinates": [ [ -48.294371450159879, -21.141100615132636 ], [ -48.29438845901538, -21.14112190272397 ], [ -48.294394111407946, -21.141129207562233 ], [ -48.294443525375435, -21.141195921971718 ], [ -48.294500074329477, -21.141268953332172 ], [ -48.294505651784739, -21.14127630869794 ], [ -48.294549418026847, -21.141335713061324 ], [ -48.294554973221665, -21.141343083241086 ], [ -48.294577642598618, -21.141372261794672 ], [ -48.29458318497592, -21.141379640463285 ], [ -48.294615301627431, -21.141424645370847 ], [ -48.294646619400311, -21.141470143356212 ], [ -48.29465199415899, -21.141477630369458 ], [ -48.294696711204104, -21.141536408201972 ], [ -48.294702478450816, -21.141543633601437 ], [ -48.294876647135197, -21.141748149122673 ], [ -48.294941520632328, -21.141826603050291 ], [ -48.2950279393839, -21.14193504681424 ], [ -48.295057758898359, -21.141970464016826 ], [ -48.295106628261998, -21.142026256738443 ], [ -48.295112627614529, -21.142033313856786 ], [ -48.295176939436466, -21.142112174201387 ], [ -48.295188751259104, -21.142126426078065 ], [ -48.295231511046204, -21.142175244806456 ], [ -48.295288108794189, -21.142236731269456 ], [ -48.295343548595767, -21.14229913968914 ], [ -48.295355737584615, -21.142313109146045 ], [ -48.295479245325609, -21.142463134039151 ], [ -48.295536867712045, -21.142535423084674 ], [ -48.295542750739742, -21.142542565891326 ], [ -48.295621550191029, -21.142633698746337 ], [ -48.295689761599846, -21.142709620747532 ], [ -48.295702050613528, -21.142723513031918 ], [ -48.29580347251288, -21.142843906437896 ], [ -48.295932184463247, -21.142990030779082 ], [ -48.295938236228906, -21.142997048435589 ], [ -48.295985810586487, -21.143053818030385 ], [ -48.295991850384446, -21.143060844756807 ], [ -48.296090426373659, -21.143171780283449 ], [ -48.296126328613141, -21.143214193043136 ], [ -48.296214158757671, -21.143321635041392 ], [ -48.296316385162314, -21.143441428952865 ], [ -48.296334044882677, -21.143462849289918 ], [ -48.296381513490985, -21.143519696886983 ], [ -48.296393492636085, -21.143533825642347 ], [ -48.296538702661088, -21.143702274515064 ], [ -48.296772442816497, -21.143966651932264 ] ] } },
{ "type": "Feature", "properties": { "Field": "001", "Length": 404.24973125777223, "Image": "/home/dev4_bemagro_com/codes/input/64188/Orthomosaico.tif", "Farm": "64188" }, "geometry": { "type": "LineString", "coordinates": [ [ -48.296782619632083, -21.143956611407134 ], [ -48.296746675178568, -21.143914813032403 ], [ -48.29673446256853, -21.143900861456274 ], [ -48.296659870520294, -21.143818179199027 ], [ -48.296647535332653, -21.143804322691818 ], [ -48.296446751758381, -21.1435735588936 ], [ -48.296374565306152, -21.143489018514515 ], [ -48.29630963921155, -21.143410602097738 ], [ -48.296231015134715, -21.143319335634583 ], [ -48.296101188201995, -21.143162484606471 ], [ -48.296095107899568, -21.143155488685835 ], [ -48.296002269706392, -21.143051818514863 ], [ -48.295996247813704, -21.14304477827373 ], [ -48.295937056714109, -21.142973612924116 ], [ -48.295930987739482, -21.142966608359039 ], [ -48.295832400699183, -21.142855681077116 ], [ -48.295820231621093, -21.142841696311393 ], [ -48.295724968734, -21.142728241587047 ], [ -48.295614164208359, -21.142603366432535 ], [ -48.295559673809031, -21.142540226422987 ], [ -48.295547774866442, -21.142526038925638 ], [ -48.295472640263256, -21.14243222120486 ], [ -48.295418676040967, -21.142368685263961 ], [ -48.295353876509843, -21.142290177184062 ], [ -48.295341944377363, -21.142276013910536 ], [ -48.295311333313258, -21.142241196419043 ], [ -48.295236328016422, -21.142158844680882 ], [ -48.295193536464723, -21.142110050225845 ], [ -48.29518759716408, -21.142102948537069 ], [ -48.295135097470528, -21.142038341124991 ], [ -48.295123326833703, -21.142024059099899 ], [ -48.295009870338895, -21.141889577982305 ], [ -48.294940853535735, -21.141802740374491 ], [ -48.294929184910089, -21.141788385347965 ], [ -48.294791516239783, -21.141625835518468 ], [ -48.294725134780883, -21.141548499616384 ], [ -48.2946960071395, -21.14151257970731 ], [ -48.294673732422275, -21.141483135549279 ], [ -48.294662844905929, -21.141468250299891 ], [ -48.294594210585238, -21.141370147406253 ], [ -48.294588666150005, -21.141362770101658 ], [ -48.294554469821684, -21.141319134383401 ], [ -48.294548937881672, -21.141311748826769 ], [ -48.294510927795145, -21.141259586052328 ], [ -48.294505337174435, -21.141252239490722 ], [ -48.294437104488424, -21.141164857966182 ], [ -48.294431650769262, -21.141157421389821 ], [ -48.294405045211612, -21.141119818410971 ], [ -48.294399406871243, -21.141112504029206 ], [ -48.294380153754986, -21.141088815066848 ] ] } },
{ "type": "Feature", "properties": { "Field": "001", "Length": 404.53112301646706, "Image": "/home/dev4_bemagro_com/codes/input/64188/Orthomosaico.tif", "Farm": "64188" }, "geometry": { "type": "LineString", "coordinates": [ [ -48.296793541252569, -21.143945836049348 ], [ -48.296763188473534, -21.143910076193688 ], [ -48.296757053526164, -21.143903122358147 ], [ -48.296663714183637, -21.143799848994846 ], [ -48.296437893273989, -21.143541651422478 ], [ -48.296407740333457, -21.143506482895166 ], [ -48.296401863255909, -21.143499335740369 ], [ -48.296372993813961, -21.143463231744626 ], [ -48.296367052390295, -21.14345613156928 ], [ -48.296294441448943, -21.143371911700058 ], [ -48.29627114760018, -21.143343169764371 ], [ -48.29626520999377, -21.143336066783412 ], [ -48.296216979191136, -21.143279786715311 ], [ -48.296211091681066, -21.143272647129358 ], [ -48.296153162498996, -21.143200573490329 ], [ -48.29612933453253, -21.143172219178666 ], [ -48.295981371943284, -21.14300589287776 ], [ -48.295975348002649, -21.142998854179893 ], [ -48.29590421791292, -21.142913529534169 ], [ -48.29586124180603, -21.142864878581705 ], [ -48.29577683228306, -21.142766392955377 ], [ -48.295745978115541, -21.142731764332893 ], [ -48.295716189923837, -21.142696324827206 ], [ -48.295569986497846, -21.142528634801049 ], [ -48.29551086237705, -21.142457421059749 ], [ -48.295505062620457, -21.142450218564349 ], [ -48.295401913383017, -21.142319698576824 ], [ -48.295395862471629, -21.142312680294996 ], [ -48.295327130305594, -21.142237173337634 ], [ -48.295259461877251, -21.142160825081188 ], [ -48.295217315502192, -21.142111538717074 ], [ -48.295180173854192, -21.142070076361744 ], [ -48.295174137438487, -21.142063047111357 ], [ -48.295043749070452, -21.141906607031562 ], [ -48.294892480956577, -21.141719679974521 ], [ -48.294802061007331, -21.141614146787017 ], [ -48.294771134611146, -21.141579575185798 ], [ -48.294765075228192, -21.141572563367493 ], [ -48.294723297919923, -21.141523001101948 ], [ -48.294717589656337, -21.141515734590193 ], [ -48.294678835426907, -21.14146405586143 ], [ -48.29467346729156, -21.141456564664939 ], [ -48.294647176658387, -21.141418766883874 ], [ -48.29462006810801, -21.141381481421597 ], [ -48.294564103356116, -21.14130805535034 ], [ -48.294531516704303, -21.141263348928664 ], [ -48.29452593350706, -21.141255997398005 ], [ -48.294463366715206, -21.141175911350484 ], [ -48.294457861096156, -21.141168508505579 ], [ -48.294414769417926, -21.141108671693974 ], [ -48.294389630506274, -21.141075966776839 ] ] } },
{ "type": "Feature", "properties": { "Field": "001", "Length": 404.80061296939476, "Image": "/home/dev4_bemagro_com/codes/input/64188/Orthomosaico.tif", "Farm": "64188" }, "geometry": { "type": "LineString", "coordinates": [ [ -48.296803667913849, -21.143935911049287 ], [ -48.296773970313517, -21.143900983327963 ], [ -48.296686810645149, -21.143804628646052 ], [ -48.296601643146651, -21.143706718703683 ], [ -48.296564228166822, -21.143665472617453 ], [ -48.296510116384475, -21.14360204615517 ], [ -48.296503975433204, -21.143595097002052 ], [ -48.296497546773928, -21.143588380771654 ], [ -48.296425020081919, -21.143504096974372 ], [ -48.296419006942436, -21.143497050134968 ], [ -48.296353888611733, -21.143418773953325 ], [ -48.296317964267352, -21.143376377315903 ], [ -48.296311910017678, -21.14336936153294 ], [ -48.296299482016188, -21.14335557835421 ], [ -48.296263880466626, -21.143312943194399 ], [ -48.29625154641743, -21.143299085953664 ], [ -48.296134180674635, -21.143156015960983 ], [ -48.296122350367973, -21.143141777441222 ], [ -48.29603525285939, -21.143045373664759 ], [ -48.295986366400506, -21.142989593989011 ], [ -48.295903285995003, -21.142890118805209 ], [ -48.295811309499015, -21.142785774897852 ], [ -48.295660078579388, -21.142610285734467 ], [ -48.295653967921027, -21.142603313157476 ], [ -48.295641456298029, -21.142589596730843 ], [ -48.295533574614552, -21.14246248848281 ], [ -48.29552764347212, -21.142455380788384 ], [ -48.29541857322095, -21.142317742372036 ], [ -48.295406960817644, -21.142303347234471 ], [ -48.295294891699704, -21.142179469239359 ], [ -48.295234642650534, -21.142109090043888 ], [ -48.295191279960655, -21.1420607413522 ], [ -48.295072217993578, -21.141918911136731 ], [ -48.295066296998925, -21.141911796014277 ], [ -48.294903178481071, -21.141710642780936 ], [ -48.294849247908424, -21.141647081457705 ], [ -48.294775283862393, -21.141563905512172 ], [ -48.294739708378131, -21.14152125165041 ], [ -48.294706017828744, -21.141477271556752 ], [ -48.294663918293942, -21.141416816482334 ], [ -48.294609100052469, -21.141342632963024 ], [ -48.294563595493251, -21.141284389766742 ], [ -48.294508734221509, -21.141210234359139 ], [ -48.294468653198294, -21.141159454228877 ], [ -48.294463065854352, -21.141152105527993 ], [ -48.294426919708414, -21.141098789349225 ], [ -48.29442152970018, -21.141091312162665 ], [ -48.294398272137137, -21.14106425071494 ] ] } },
{ "type": "Feature", "properties": { "Field": "001", "Length": 248.31469127057611, "Image": "/home/dev4_bemagro_com/codes/input/64188/Orthomosaico.tif", "Farm": "64188" }, "geometry": { "type": "LineString", "coordinates": [ [ -48.296124044545245, -21.143388581635584 ], [ -48.296063494907045, -21.143314652553691 ], [ -48.295974207260741, -21.143208272708939 ], [ -48.295857872283385, -21.143075972885036 ], [ -48.295815498572168, -21.143026858187952 ], [ -48.295779975322226, -21.142984165227379 ], [ -48.295773949139893, -21.142977128220899 ], [ -48.295730811470214, -21.142928602619165 ], [ -48.295652884740598, -21.142836811339645 ], [ -48.295470087685487, -21.142627231545692 ], [ -48.295392580714648, -21.14253512858318 ], [ -48.295386702003803, -21.142527982646119 ], [ -48.295340465405332, -21.142470249185642 ], [ -48.295244878850355, -21.142357034487709 ], [ -48.295238825378718, -21.1423500181495 ], [ -48.295152574109316, -21.142252947652821 ], [ -48.295092056179719, -21.142182771577509 ], [ -48.295062465011831, -21.142147186463543 ], [ -48.295044370802131, -21.142126087585176 ], [ -48.29499668815707, -21.14206939830024 ], [ -48.294990788152717, -21.142062267841862 ], [ -48.294961885953505, -21.142026187664147 ], [ -48.294925752373587, -21.141983948500584 ], [ -48.294791842740864, -21.14181865852888 ], [ -48.294755357858129, -21.141776686064905 ], [ -48.294714163140675, -21.14172669689945 ], [ -48.294634631566296, -21.14163628749148 ] ] } },
{ "type": "Feature", "properties": { "Field": "001", "Length": 2.3107897940690041, "Image": "/home/dev4_bemagro_com/codes/input/64188/Orthomosaico.tif", "Farm": "64188" }, "geometry": { "type": "LineString", "coordinates": [ [ -48.294619645034025, -21.141618354422626 ], [ -48.294606406187448, -21.141601598204311 ] ] } },
{ "type": "Feature", "properties": { "Field": "001", "Length": 405.07447183385358, "Image": "/home/dev4_bemagro_com/codes/input/64188/Orthomosaico.tif", "Farm": "64188" }, "geometry": { "type": "LineString", "coordinates": [ [ -48.296813955046765, -21.143926056423044 ], [ -48.296759307786473, -21.143862932694088 ], [ -48.296696784444855, -21.143794320734973 ], [ -48.296647428866436, -21.143738905417717 ], [ -48.296471701845682, -21.143535564181363 ], [ -48.296423578334092, -21.14347920327614 ], [ -48.296364565703982, -21.143407907356803 ], [ -48.296244526663543, -21.143266802885151 ], [ -48.296145110154221, -21.143144945446636 ], [ -48.296076844080225, -21.143069066503887 ], [ -48.296009682933949, -21.142992324672324 ], [ -48.295949899719147, -21.14292159621413 ], [ -48.295840374679024, -21.142795730754962 ], [ -48.295774927097426, -21.142717696875717 ], [ -48.295694847129205, -21.142627551367113 ], [ -48.295603586653527, -21.142522655688161 ], [ -48.295538043569472, -21.142444692497897 ], [ -48.29540384071246, -21.142279610874589 ], [ -48.295361468644543, -21.142230494823703 ], [ -48.295255973992617, -21.142113222088003 ], [ -48.295213759795992, -21.142063986579554 ], [ -48.295161017132791, -21.141999553583815 ], [ -48.29513028144472, -21.141964832183547 ], [ -48.295082371796234, -21.141908311604848 ], [ -48.294913116073729, -21.141700196841629 ], [ -48.294779688336121, -21.141546029131938 ], [ -48.29474438851264, -21.141503173675488 ], [ -48.294711127321555, -21.141458906215988 ], [ -48.294647574803193, -21.141368471529923 ], [ -48.294603434619965, -21.141309311165301 ], [ -48.294547929161872, -21.141235578556508 ], [ -48.294473996100351, -21.14114092487781 ], [ -48.294431146327327, -21.141080935365295 ], [ -48.294406766554971, -21.141052235033214 ] ] } },
{ "type": "Feature", "properties": { "Field": "001", "Length": 405.47273498188878, "Image": "/home/dev4_bemagro_com/codes/input/64188/Orthomosaico.tif", "Farm": "64188" }, "geometry": { "type": "LineString", "coordinates": [ [ -48.296823944215625, -21.143916487231412 ], [ -48.296769558594981, -21.143853851880262 ], [ -48.296707111102158, -21.14378517951053 ], [ -48.296627235418306, -21.143694874232619 ], [ -48.296500538159378, -21.143547207925899 ], [ -48.296457665523761, -21.1434984754572 ], [ -48.296309274128994, -21.14332086545193 ], [ -48.296237155040444, -21.143236274568633 ], [ -48.296149102410588, -21.143128992785041 ], [ -48.296136800660754, -21.143115110585541 ], [ -48.296055978600464, -21.143025549664799 ], [ -48.296043935438931, -21.143011469009235 ], [ -48.295972237441738, -21.142926563726103 ], [ -48.295826158350529, -21.142758778292286 ], [ -48.295778920035559, -21.142701762706121 ], [ -48.295766679179479, -21.14268783301014 ], [ -48.295655569159997, -21.14256319637672 ], [ -48.2956495049606, -21.142556188187079 ], [ -48.295601448147593, -21.142499777505826 ], [ -48.295566380703882, -21.142456754550643 ], [ -48.295536418424028, -21.142421443364196 ], [ -48.295530541179765, -21.142414296367665 ], [ -48.29547817761631, -21.142349592182011 ], [ -48.295407088743495, -21.142264237582619 ], [ -48.29525427920435, -21.142089957079108 ], [ -48.295165063556432, -21.141983525046928 ], [ -48.29513441374894, -21.141948737287162 ], [ -48.295128448507718, -21.141941654764867 ], [ -48.295011052334246, -21.141798607695161 ], [ -48.294947504276422, -21.141719204476438 ], [ -48.294929225450439, -21.141698246914018 ], [ -48.294917651449033, -21.141683824815544 ], [ -48.294911736108922, -21.141676705561714 ], [ -48.294893673214325, -21.141655582901318 ], [ -48.294796201891771, -21.141543792035232 ], [ -48.294790299738082, -21.141536663160188 ], [ -48.294738085290362, -21.14147185279937 ], [ -48.29473254512191, -21.141464472668584 ], [ -48.294700120489168, -21.141419662289973 ], [ -48.294663444692766, -21.141366665599119 ], [ -48.294608674590982, -21.141292451144704 ], [ -48.294536012947965, -21.141196935089233 ], [ -48.294502098953913, -21.141153105800459 ], [ -48.294478886151495, -21.141124305996168 ], [ -48.294473408671024, -21.14111688480769 ], [ -48.294446911402723, -21.141079214314509 ], [ -48.294441386547305, -21.141071824098642 ], [ -48.294415878769527, -21.141038744225565 ] ] } },
{ "type": "Feature", "properties": { "Field": "001", "Length": 405.70806366120382, "Image": "/home/dev4_bemagro_com/codes/input/64188/Orthomosaico.tif", "Farm": "64188" }, "geometry": { "type": "LineString", "coordinates": [ [ -48.296834326907678, -21.143906541059508 ], [ -48.296791594921579, -21.14385726038725 ], [ -48.296717013782278, -21.143774569480538 ], [ -48.296655566619037, -21.143705107138935 ], [ -48.296455156405756, -21.143474057962347 ], [ -48.296390598923097, -21.143395373948735 ], [ -48.296294394458371, -21.143282620261598 ], [ -48.296146398267609, -21.143104719999958 ], [ -48.296041891179378, -21.142986671012657 ], [ -48.295939087250083, -21.142867313131479 ], [ -48.295883683706627, -21.142804876171759 ], [ -48.295781792610597, -21.142684831468678 ], [ -48.295676762395594, -21.142567192093079 ], [ -48.295605576981558, -21.142481908242363 ], [ -48.295530030978654, -21.142388381684793 ], [ -48.295457698974481, -21.142303951293247 ], [ -48.295410478264941, -21.142246922611715 ], [ -48.295355422028059, -21.142184216057633 ], [ -48.29529279192171, -21.142115690529181 ], [ -48.295262432957628, -21.14208067861124 ], [ -48.295143830769973, -21.141938509724724 ], [ -48.294951328224812, -21.141701618760752 ], [ -48.294896662552773, -21.141638612366759 ], [ -48.294758818135847, -21.141476193782058 ], [ -48.294736445741101, -21.141446814142046 ], [ -48.2946619623212, -21.141341517263772 ], [ -48.294573793767789, -21.141223123199808 ], [ -48.29449495724343, -21.141120653753998 ], [ -48.294462988562714, -21.14107555599584 ], [ -48.294450818821993, -21.141061571302064 ], [ -48.294437755833876, -21.141048314837633 ], [ -48.29442252753767, -21.141028900595309 ] ] } },
{ "type": "Feature", "properties": { "Field": "001", "Length": 13.25156312203978, "Image": "/home/dev4_bemagro_com/codes/input/64188/Orthomosaico.tif", "Farm": "64188" }, "geometry": { "type": "LineString", "coordinates": [ [ -48.294369331157874, -21.141284234309168 ], [ -48.294354754787889, -21.141265039821182 ], [ -48.294295915170764, -21.141186436842688 ] ] } },
{ "type": "Feature", "properties": { "Field": "001", "Length": 131.31641672689983, "Image": "/home/dev4_bemagro_com/codes/input/64188/Orthomosaico.tif", "Farm": "64188" }, "geometry": { "type": "LineString", "coordinates": [ [ -48.29700141334164, -21.143753993394409 ], [ -48.296833553007083, -21.14356783926441 ], [ -48.296778820303786, -21.143504883454305 ], [ -48.296761085707779, -21.143483517138801 ], [ -48.296657394558267, -21.143364836286661 ], [ -48.296639770514403, -21.143343389627699 ], [ -48.296597271042309, -21.143294370255294 ], [ -48.296520370909427, -21.143201819705272 ], [ -48.296454435812542, -21.143124147682819 ], [ -48.296425187273009, -21.143088313288949 ], [ -48.296323595093106, -21.142968045602835 ], [ -48.296205573385713, -21.142833488906088 ] ] } },
{ "type": "Feature", "properties": { "Field": "001", "Length": 131.59000258108117, "Image": "/home/dev4_bemagro_com/codes/input/64188/Orthomosaico.tif", "Farm": "64188" }, "geometry": { "type": "LineString", "coordinates": [ [ -48.297012228815476, -21.143745589011907 ], [ -48.296850844441437, -21.143566851869007 ], [ -48.296668305253675, -21.143357073382514 ], [ -48.296662286580286, -21.143350030703964 ], [ -48.296614981632196, -21.143293063314196 ], [ -48.296536880406201, -21.143201402379592 ], [ -48.296412710712545, -21.143051858649272 ], [ -48.296322750521639, -21.142945978740212 ], [ -48.296243185569566, -21.14285543322341 ], [ -48.296237149679541, -21.14284840354405 ], [ -48.296215733858659, -21.142822404753829 ] ] } },
{ "type": "Feature", "properties": { "Field": "001", "Length": 170.51095735779217, "Image": "/home/dev4_bemagro_com/codes/input/64188/Orthomosaico.tif", "Farm": "64188" }, "geometry": { "type": "LineString", "coordinates": [ [ -48.296989838233621, -21.143762988064054 ], [ -48.296940731109068, -21.143707966184952 ], [ -48.296846914229064, -21.143605073956458 ], [ -48.296797775046876, -21.143549489846706 ], [ -48.296707796422986, -21.143443623710485 ], [ -48.296586583096719, -21.143303405517003 ], [ -48.296307252090337, -21.14296975980136 ], [ -48.296232714725228, -21.142887035492659 ], [ -48.296190776924213, -21.14283759294986 ], [ -48.296032074916198, -21.142656170807843 ], [ -48.295991446787362, -21.142605775728441 ], [ -48.295958290507578, -21.142566374776219 ] ] } },
{ "type": "Feature", "properties": { "Field": "001", "Length": 180.5434772986832, "Image": "/home/dev4_bemagro_com/codes/input/64188/Orthomosaico.tif", "Farm": "64188" }, "geometry": { "type": "LineString", "coordinates": [ [ -48.296978733585227, -21.143771617151728 ], [ -48.296922605624516, -21.143708978328782 ], [ -48.296841184387624, -21.143619896003553 ], [ -48.296768145316086, -21.143536002484435 ], [ -48.296719771680721, -21.143479830328825 ], [ -48.296642150994437, -21.143387810623661 ], [ -48.296575119291902, -21.14331096908877 ], [ -48.296527503264997, -21.143254230139007 ], [ -48.296516106873888, -21.143239683094428 ], [ -48.296450044978997, -21.143162105943805 ], [ -48.296391756830154, -21.143090287486949 ], [ -48.296344291900773, -21.143033437283709 ], [ -48.296271458874969, -21.142949386517035 ], [ -48.296228307082075, -21.142900871427596 ], [ -48.296149788127295, -21.142809525199805 ], [ -48.296112775822436, -21.142767960493632 ], [ -48.296076986992837, -21.142725463228444 ], [ -48.296046124614911, -21.142690840723478 ], [ -48.295979623737679, -21.142613594605709 ], [ -48.295920275852524, -21.142542544316182 ], [ -48.295886751336887, -21.142504386849524 ] ] } },
{ "type": "Feature", "properties": { "Field": "001", "Length": 205.47740258036433, "Image": "/home/dev4_bemagro_com/codes/input/64188/Orthomosaico.tif", "Farm": "64188" }, "geometry": { "type": "LineString", "coordinates": [ [ -48.296967529670219, -21.143780323374607 ], [ -48.296893595907868, -21.143697710862405 ], [ -48.296824616315661, -21.143622401940569 ], [ -48.296818446364711, -21.143615475424173 ], [ -48.296782144791976, -21.143573362475863 ], [ -48.29675874564289, -21.143544697250256 ], [ -48.296606494595281, -21.14336998537366 ], [ -48.296445436560688, -21.143178753771139 ], [ -48.296345707138698, -21.143057121848955 ], [ -48.296339735135305, -21.143050044301152 ], [ -48.296059481408818, -21.142728661212747 ], [ -48.296017563209126, -21.142679203942205 ], [ -48.295962892401015, -21.142616201415869 ], [ -48.295903197921994, -21.142545407825249 ], [ -48.295774181298881, -21.142399520442183 ], [ -48.295768134189927, -21.142392499270951 ], [ -48.295723439247972, -21.142339032641782 ] ] } },
{ "type": "Feature", "properties": { "Field": "001", "Length": 406.02393535936221, "Image": "/home/dev4_bemagro_com/codes/input/64188/Orthomosaico.tif", "Farm": "64188" }, "geometry": { "type": "LineString", "coordinates": [ [ -48.296844175404985, -21.143897106621193 ], [ -48.296784088376945, -21.143827187590002 ], [ -48.296715677797351, -21.143751423393365 ], [ -48.296642316517605, -21.143667777788998 ], [ -48.296592788356968, -21.14361249827418 ], [ -48.296538855528347, -21.143548938312282 ], [ -48.296490109141438, -21.14349305063174 ], [ -48.296395394798793, -21.143379192340529 ], [ -48.296281267356839, -21.14324521089031 ], [ -48.296157142167374, -21.14309563467636 ], [ -48.296089535027221, -21.143019238971416 ], [ -48.296058019743469, -21.142985138320345 ], [ -48.295996822602014, -21.142915482745725 ], [ -48.295936696737563, -21.142845010549365 ], [ -48.295881074357943, -21.142782745442659 ], [ -48.295780188744239, -21.142661956396665 ], [ -48.29566931701995, -21.142537133792711 ], [ -48.295638995836391, -21.142502093112107 ], [ -48.295603704012819, -21.142459232048068 ], [ -48.29558105881663, -21.142430037357844 ], [ -48.295534671114837, -21.142372410304404 ], [ -48.295468370291481, -21.142295013754566 ], [ -48.295385010926807, -21.142195744349813 ], [ -48.295360294017748, -21.142168068303871 ], [ -48.295296978530715, -21.142100099675634 ], [ -48.295260298008031, -21.142058277719173 ], [ -48.295195924577406, -21.141979462431653 ], [ -48.295148178707116, -21.141922820169029 ], [ -48.295038907260995, -21.14178532315729 ], [ -48.294974519889998, -21.141706517326043 ], [ -48.294901228492471, -21.14162281939954 ], [ -48.294768948229084, -21.141467783985043 ], [ -48.294752148811163, -21.141445764737664 ], [ -48.294720797565134, -21.141400288335756 ], [ -48.2946674973984, -21.141325137335677 ], [ -48.294656177913026, -21.141310538889147 ], [ -48.294618187320843, -21.141258364214636 ], [ -48.294562075820465, -21.141185036848245 ], [ -48.294545799974394, -21.141162672634611 ], [ -48.29450033097342, -21.141104405578179 ], [ -48.294474585566881, -21.141066281931494 ], [ -48.294468373182816, -21.14105940457825 ], [ -48.294429735686329, -21.141018228789363 ] ] } },
{ "type": "Feature", "properties": { "Field": "001", "Length": 406.39885811278435, "Image": "/home/dev4_bemagro_com/codes/input/64188/Orthomosaico.tif", "Farm": "64188" }, "geometry": { "type": "LineString", "coordinates": [ [ -48.296854022323927, -21.143887673692959 ], [ -48.296799632939837, -21.143824147722338 ], [ -48.296675655290215, -21.143686072771899 ], [ -48.296601930377761, -21.143602708907729 ], [ -48.296547317913145, -21.143539661271511 ], [ -48.29651766472599, -21.143504120717875 ], [ -48.296450598073946, -21.143427305999801 ], [ -48.296392490944434, -21.14335535848328 ], [ -48.296350114732654, -21.143306245293864 ], [ -48.296314966594977, -21.143263279877083 ], [ -48.296278634724381, -21.143221190019773 ], [ -48.296237695674677, -21.143171015465022 ], [ -48.296171563686499, -21.143093490941691 ], [ -48.296078573839957, -21.142989940375237 ], [ -48.29597628111572, -21.142870196549676 ], [ -48.29590828238431, -21.142794106738926 ], [ -48.295777924759236, -21.142637643519929 ], [ -48.295667055065138, -21.14251281869651 ], [ -48.295618665377951, -21.142456659030593 ], [ -48.295579016468707, -21.142405580906523 ], [ -48.295549281596841, -21.142370100672764 ], [ -48.295532157798313, -21.142348300366571 ], [ -48.295407396621904, -21.142199191132633 ], [ -48.295376602779143, -21.142164515071613 ], [ -48.295294795058439, -21.142075745777678 ], [ -48.295264511815155, -21.142040676197308 ], [ -48.295211266356887, -21.141976608203883 ], [ -48.295144547573955, -21.141899527956891 ], [ -48.295091989571382, -21.141834962337143 ], [ -48.295040924306079, -21.141769350912252 ], [ -48.294994417911013, -21.141711808060943 ], [ -48.294868028423785, -21.141563911186307 ], [ -48.294778763681947, -21.141457515330139 ], [ -48.294756687396657, -21.141427939201666 ], [ -48.294714667730645, -21.141367435013979 ], [ -48.294682118974357, -21.141322703905182 ], [ -48.294559088481058, -21.141161104178675 ], [ -48.294548377817762, -21.141146105678203 ], [ -48.294508822941026, -21.141094963718462 ], [ -48.294498386862507, -21.141079795806128 ], [ -48.294484317717533, -21.141056150260081 ], [ -48.294452389175923, -21.14102238974008 ], [ -48.294438308287617, -21.141005536881792 ] ] } },
{ "type": "Feature", "properties": { "Field": "001", "Length": 405.77830172554252, "Image": "/home/dev4_bemagro_com/codes/input/64188/Orthomosaico.tif", "Farm": "64188" }, "geometry": { "type": "LineString", "coordinates": [ [ -48.296864332213417, -21.143877797256646 ], [ -48.296822460212539, -21.143828886574237 ], [ -48.296754743550117, -21.143752575303445 ], [ -48.296711107573849, -21.143704442783996 ], [ -48.29666647145806, -21.143657124201816 ], [ -48.29666018969511, -21.14365028671499 ], [ -48.296594599326028, -21.143572358110337 ], [ -48.296528129785422, -21.143495087916424 ], [ -48.296472801384887, -21.143432593148709 ], [ -48.296395997353081, -21.143339972448388 ], [ -48.296353754184871, -21.143290758742189 ], [ -48.296272389747848, -21.143190042565422 ], [ -48.296266542008794, -21.143182874272703 ], [ -48.296242654491408, -21.143154563751928 ], [ -48.296157560957177, -21.143056597681014 ], [ -48.296088213550824, -21.142981586740984 ], [ -48.296082002264647, -21.142974692853329 ], [ -48.295987591018935, -21.142860613301512 ], [ -48.295963240037445, -21.142832652647744 ], [ -48.295906767970486, -21.142771064597049 ], [ -48.295775823033495, -21.142615033891911 ], [ -48.295701801150287, -21.142531902546231 ], [ -48.295629277598728, -21.142447617108797 ], [ -48.295600261776976, -21.142411617012804 ], [ -48.295577964897284, -21.142382187564174 ], [ -48.295542018269892, -21.142339807869611 ], [ -48.295471729079104, -21.142253872614031 ], [ -48.295423126257312, -21.142197875524634 ], [ -48.295405484905274, -21.14217644217603 ], [ -48.295292866295718, -21.14205300372112 ], [ -48.295262884793431, -21.142017706878779 ], [ -48.295222199472562, -21.141967351505016 ], [ -48.295180091094053, -21.141918036341181 ], [ -48.2951740221175, -21.141911031823849 ], [ -48.295149110776826, -21.14188350927251 ], [ -48.295119127810665, -21.141848213552805 ], [ -48.295078515943068, -21.141797805976896 ], [ -48.295027701845498, -21.141732023371254 ], [ -48.294986694137499, -21.141681898632616 ], [ -48.294795199665096, -21.141455709934316 ], [ -48.294778380395528, -21.141433702505282 ], [ -48.294730933794874, -21.141365742359501 ], [ -48.294698219425726, -21.141321117854979 ], [ -48.294619449981958, -21.141218603034275 ], [ -48.294564312283548, -21.141144628109508 ], [ -48.29452459957907, -21.141093593922584 ], [ -48.294519070203393, -21.141086206757755 ], [ -48.294509091197966, -21.141070771071259 ], [ -48.294504546500448, -21.1410628148186 ], [ -48.294499777078094, -21.141054975407492 ], [ -48.294494273610319, -21.141047571181048 ], [ -48.294488546898613, -21.141040317599106 ], [ -48.294463773045969, -21.141012685927176 ], [ -48.29445769573173, -21.141005687894996 ], [ -48.294452977353501, -21.14099965734151 ] ] } },
{ "type": "Feature", "properties": { "Field": "001", "Length": 405.23246284645182, "Image": "/home/dev4_bemagro_com/codes/input/64188/Orthomosaico.tif", "Farm": "64188" }, "geometry": { "type": "LineString", "coordinates": [ [ -48.296874824565144, -21.143867746027102 ], [ -48.296832055334129, -21.143818461717089 ], [ -48.296707507990959, -21.143680838744483 ], [ -48.296610321975258, -21.143568828176448 ], [ -48.296520220199788, -21.143463054026086 ], [ -48.296465045178394, -21.143400439003923 ], [ -48.296393761875372, -21.143315226781041 ], [ -48.296369352483957, -21.143287310727274 ], [ -48.296291838912374, -21.14319521169924 ], [ -48.296263211705295, -21.143158938384193 ], [ -48.296198075343355, -21.143080675501263 ], [ -48.296143747686251, -21.143017411844546 ], [ -48.29603310544222, -21.142892409253086 ], [ -48.295944442622947, -21.142785570628163 ], [ -48.295863679200586, -21.142695963322748 ], [ -48.295773275756503, -21.142590416443454 ], [ -48.29565698770125, -21.142458080715084 ], [ -48.295639142489378, -21.142436795731658 ], [ -48.295576082075662, -21.142357050733299 ], [ -48.295493634070233, -21.142257113586314 ], [ -48.295255504811429, -21.141985039829894 ], [ -48.295190453448356, -21.141906715207092 ], [ -48.29515028043275, -21.141855998922694 ], [ -48.295077957214623, -21.141771562135538 ], [ -48.295043521392209, -21.141728092321824 ], [ -48.294984632344338, -21.141656707128988 ], [ -48.294954267329807, -21.141621699912143 ], [ -48.294913167797361, -21.141571641349984 ], [ -48.294827784592727, -21.14147389790449 ], [ -48.294804655029623, -21.141445038937082 ], [ -48.294701902532786, -21.141303186844489 ], [ -48.29467409918157, -21.141266354120805 ], [ -48.294639692543925, -21.141222864070848 ], [ -48.294574004628323, -21.141133782551893 ], [ -48.294534625923824, -21.14108252107313 ], [ -48.294509019435893, -21.141044312190804 ], [ -48.294466838559408, -21.140992847410903 ] ] } },
{ "type": "Feature", "properties": { "Field": "001", "Length": 405.16978832843262, "Image": "/home/dev4_bemagro_com/codes/input/64188/Orthomosaico.tif", "Farm": "64188" }, "geometry": { "type": "LineString", "coordinates": [ [ -48.29688521832594, -21.143857789241356 ], [ -48.296817896225726, -21.143781760226055 ], [ -48.296736782643535, -21.143692431280869 ], [ -48.296597846925955, -21.143530831690807 ], [ -48.296548203259363, -21.143475643618565 ], [ -48.296518719606844, -21.143439979729546 ], [ -48.296469693020022, -21.143384308487324 ], [ -48.296404583400168, -21.143306026239699 ], [ -48.29630215301362, -21.143186385924807 ], [ -48.296208821248591, -21.14307152723649 ], [ -48.296037849856567, -21.142876197078973 ], [ -48.295949216850012, -21.142769337000146 ], [ -48.295886892200166, -21.142700567265358 ], [ -48.295790118517054, -21.142588243782114 ], [ -48.295758994037833, -21.14255382863276 ], [ -48.295752879312971, -21.14254685918921 ], [ -48.295667884853628, -21.14244881751651 ], [ -48.295574721017083, -21.142333839448241 ], [ -48.295529450287219, -21.142275435875415 ], [ -48.295523382816093, -21.142268430191592 ], [ -48.295448916093811, -21.14218564934697 ], [ -48.295376555572332, -21.142101240750048 ], [ -48.295254374604795, -21.141961764762566 ], [ -48.295195923441085, -21.141890063891111 ], [ -48.295161641788276, -21.141846487068229 ], [ -48.295089099072669, -21.141762216924395 ], [ -48.29503715817976, -21.141697213773472 ], [ -48.295031250121667, -21.141690089197429 ], [ -48.294929961615807, -21.141569597185402 ], [ -48.294832597394937, -21.141457724287644 ], [ -48.294826542808678, -21.141450708844705 ], [ -48.294820773468672, -21.141443484916024 ], [ -48.29480947738206, -21.141428869325605 ], [ -48.294804028353312, -21.141421429712008 ], [ -48.294717980479469, -21.141301670225712 ], [ -48.294650716003659, -21.141213630545767 ], [ -48.294585054556727, -21.141124531999601 ], [ -48.29454494626146, -21.141073771302057 ], [ -48.29453958297357, -21.141066277064496 ], [ -48.294529160840113, -21.141051100809229 ], [ -48.294514766863671, -21.141027628899668 ], [ -48.294509080995084, -21.141020347015033 ], [ -48.294477799928039, -21.140983481346296 ] ] } },
{ "type": "Feature", "properties": { "Field": "001", "Length": 405.08283036534527, "Image": "/home/dev4_bemagro_com/codes/input/64188/Orthomosaico.tif", "Farm": "64188" }, "geometry": { "type": "LineString", "coordinates": [ [ -48.296895136088025, -21.143848288440367 ], [ -48.29681547317044, -21.143758406985611 ], [ -48.296747002846608, -21.143682689956528 ], [ -48.296662879742904, -21.143583988561009 ], [ -48.296533414558276, -21.143438450604407 ], [ -48.296473556696412, -21.143367777651356 ], [ -48.296397274418446, -21.143274778205107 ], [ -48.296331051008323, -21.143197322420043 ], [ -48.296213887724015, -21.143054106630355 ], [ -48.296060029800877, -21.142880638857267 ], [ -48.295994484887807, -21.142802676955938 ], [ -48.295867459971326, -21.142655259160129 ], [ -48.295720736018396, -21.142487969780404 ], [ -48.295642999160094, -21.142396036999195 ], [ -48.295568036284266, -21.142302098525789 ], [ -48.29550288722097, -21.142223845375646 ], [ -48.29541110282873, -21.142119353132951 ], [ -48.295360850194868, -21.142064652637611 ], [ -48.295270555962603, -21.141959024036879 ], [ -48.295235076726719, -21.141916299133182 ], [ -48.295165954348469, -21.141829534846885 ], [ -48.295118289451693, -21.141772832564701 ], [ -48.295077907136509, -21.14172226290621 ], [ -48.29507200241995, -21.141715135890895 ], [ -48.294965242325674, -21.14158719745793 ], [ -48.294928439330448, -21.141545469869353 ], [ -48.294843877413626, -21.14144710022515 ], [ -48.294798834424313, -21.141388542254461 ], [ -48.294756032227433, -21.141328522949202 ], [ -48.294683814579699, -21.141232710792217 ], [ -48.294629963123299, -21.141157906529102 ], [ -48.294573420357793, -21.141084871143153 ], [ -48.294557195241097, -21.141062474388704 ], [ -48.29453194770138, -21.141024056294924 ], [ -48.294526245043336, -21.141016786001384 ], [ -48.294507096920846, -21.140996522913145 ], [ -48.29448904136072, -21.140973875975693 ] ] } },
{ "type": "Feature", "properties": { "Field": "001", "Length": 405.00485577448325, "Image": "/home/dev4_bemagro_com/codes/input/64188/Orthomosaico.tif", "Farm": "64188" }, "geometry": { "type": "LineString", "coordinates": [ [ -48.296905041439565, -21.143838799526215 ], [ -48.296831274663226, -21.143754495586133 ], [ -48.296750611291408, -21.143664808493309 ], [ -48.296672267173591, -21.143573329884841 ], [ -48.296518429902726, -21.14339984524376 ], [ -48.296442724492429, -21.143306431780442 ], [ -48.296345990686945, -21.143194077435421 ], [ -48.296235396482011, -21.143057513018931 ], [ -48.296118321708278, -21.142925788859035 ], [ -48.295822601377971, -21.142581305863771 ], [ -48.295760786782765, -21.142512131498691 ], [ -48.295736583407241, -21.142484058132759 ], [ -48.295646881666507, -21.142377985741938 ], [ -48.295577526141109, -21.142291385096406 ], [ -48.295518681144266, -21.142219967737102 ], [ -48.295482320595262, -21.142177899911108 ], [ -48.295420719646792, -21.142108558164484 ], [ -48.295376846127382, -21.14206061642134 ], [ -48.295239206863648, -21.141898044402353 ], [ -48.29516403876417, -21.141804250478756 ], [ -48.295134314439885, -21.141768762570717 ], [ -48.295035263861493, -21.14164664399043 ], [ -48.29498125696206, -21.141583139545272 ], [ -48.294877172511733, -21.141464763348164 ], [ -48.294853455031742, -21.141436327474466 ], [ -48.294825202823247, -21.141399796585549 ], [ -48.294749521355669, -21.141295254302186 ], [ -48.294687693358611, -21.141214664801858 ], [ -48.294645871776233, -21.141154039979686 ], [ -48.294618086100087, -21.141117195538673 ], [ -48.294572501189705, -21.141059007477018 ], [ -48.294556172931294, -21.141036676537187 ], [ -48.294546446690582, -21.141021098918063 ], [ -48.294516872040269, -21.140985501255017 ], [ -48.294500626260827, -21.140963977123178 ] ] } },
{ "type": "Feature", "properties": { "Field": "001", "Length": 405.34683862191491, "Image": "/home/dev4_bemagro_com/codes/input/64188/Orthomosaico.tif", "Farm": "64188" }, "geometry": { "type": "LineString", "coordinates": [ [ -48.296915437511004, -21.143828840520769 ], [ -48.296885367574745, -21.143794193218131 ], [ -48.296822806123643, -21.143725613005113 ], [ -48.296681782138108, -21.143565613040778 ], [ -48.296640228177537, -21.143515885715022 ], [ -48.296572637321759, -21.143439477009636 ], [ -48.296400717703435, -21.143233292002737 ], [ -48.296363610480213, -21.143191802536283 ], [ -48.29635767129048, -21.143184700725705 ], [ -48.296305470406999, -21.143119880217075 ], [ -48.296240257148469, -21.143041673912318 ], [ -48.296234148611823, -21.143034699675891 ], [ -48.296159760865514, -21.142951855970296 ], [ -48.296080946720096, -21.142860733973301 ], [ -48.296021510342847, -21.142789748893481 ], [ -48.295948413650542, -21.142705900219127 ], [ -48.295895770700774, -21.142641395968575 ], [ -48.295889757257996, -21.142634349387315 ], [ -48.295846966860971, -21.142585553907569 ], [ -48.295766269127022, -21.142495894626471 ], [ -48.295735907458372, -21.142460884906139 ], [ -48.295664036003856, -21.142376109085127 ], [ -48.295612109767205, -21.14231109600183 ], [ -48.295512126456877, -21.142189647944267 ], [ -48.295506066258433, -21.142182636723199 ], [ -48.295438393147577, -21.142106292122989 ], [ -48.295375806392094, -21.142037731911248 ], [ -48.295369748693922, -21.142030718795326 ], [ -48.295274562947533, -21.141917207472783 ], [ -48.295227898543345, -21.141859777425001 ], [ -48.295185541471511, -21.141810650655607 ], [ -48.29517962081448, -21.141803535287035 ], [ -48.295039317267936, -21.141631467154436 ], [ -48.29492541985681, -21.141497314890419 ], [ -48.294900641323892, -21.141469687272792 ], [ -48.294894619701751, -21.141462646886477 ], [ -48.294859099654509, -21.141419951901405 ], [ -48.294830812908266, -21.141383445270677 ], [ -48.294825406252571, -21.14137597850053 ], [ -48.294777845822296, -21.141308088294679 ], [ -48.294728749980742, -21.141241167298752 ], [ -48.294689425981993, -21.141189869090244 ], [ -48.294656812262723, -21.141145180029021 ], [ -48.294651229424474, -21.141137828262227 ], [ -48.294588920732203, -21.141057565338528 ], [ -48.294583466890884, -21.141050128842075 ], [ -48.294556748981869, -21.141012595788986 ], [ -48.294550987656841, -21.141005366261279 ], [ -48.294533074641834, -21.140984131661185 ], [ -48.294527429481711, -21.14097682191688 ], [ -48.294508841445676, -21.140951597830654 ] ] } },
{ "type": "Feature", "properties": { "Field": "001", "Length": 406.80235911168751, "Image": "/home/dev4_bemagro_com/codes/input/64188/Orthomosaico.tif", "Farm": "64188" }, "geometry": { "type": "LineString", "coordinates": [ [ -48.296925734028228, -21.143818976882017 ], [ -48.296895548751074, -21.143784418096327 ], [ -48.296833105285096, -21.143715742333409 ], [ -48.296740852223273, -21.143611613037834 ], [ -48.296673686042887, -21.143534874950653 ], [ -48.296595508383504, -21.143443271436698 ], [ -48.29655860292948, -21.143401623653943 ], [ -48.29640480074314, -21.143216524144773 ], [ -48.296398798069788, -21.143209469464566 ], [ -48.296368038496517, -21.143174767375243 ], [ -48.296268316149039, -21.143053131069067 ], [ -48.296091014535158, -21.14285099770883 ], [ -48.296031637206696, -21.14277996937842 ], [ -48.295958464463986, -21.142696179407363 ], [ -48.29592901509244, -21.142660490291902 ], [ -48.295917629791894, -21.142645935761845 ], [ -48.295911759370128, -21.142638783823433 ], [ -48.295893751814454, -21.142617619876091 ], [ -48.295788408019398, -21.142500227874422 ], [ -48.295727660689536, -21.142430226547528 ], [ -48.295685995671505, -21.142380581232423 ], [ -48.295610556148098, -21.142286979251327 ], [ -48.295522000224416, -21.142180063155799 ], [ -48.295473675533756, -21.142123854938895 ], [ -48.295379866402911, -21.142020957550855 ], [ -48.295367710607337, -21.142006963349001 ], [ -48.295338024497077, -21.141971447343277 ], [ -48.295244393973007, -21.141856803708151 ], [ -48.295177902131968, -21.141779551721427 ], [ -48.295084716542789, -21.141664589276875 ], [ -48.295072911996257, -21.141650331920932 ], [ -48.29495963666826, -21.141515716593112 ], [ -48.294947540543845, -21.141501676040821 ], [ -48.294898648324988, -21.141445901071016 ], [ -48.294892635868756, -21.141438853794678 ], [ -48.294863605869857, -21.141402864343316 ], [ -48.29483553728334, -21.141366209188543 ], [ -48.294830058911202, -21.141358788571655 ], [ -48.294824772621169, -21.141351246324078 ], [ -48.294788208522569, -21.14129818178478 ], [ -48.294750347767575, -21.141245923895319 ], [ -48.294666300675139, -21.14113585154232 ], [ -48.294660771269371, -21.141128464319259 ], [ -48.294639128515144, -21.141098608190084 ], [ -48.294605142656678, -21.141054828732951 ], [ -48.294567263423758, -21.141002582648678 ], [ -48.294512216746391, -21.140930175499857 ] ] } },
{ "type": "Feature", "properties": { "Field": "001", "Length": 407.89430133125819, "Image": "/home/dev4_bemagro_com/codes/input/64188/Orthomosaico.tif", "Farm": "64188" }, "geometry": { "type": "LineString", "coordinates": [ [ -48.296936870303178, -21.143808308787648 ], [ -48.29692403144751, -21.1437944708657 ], [ -48.296893736348309, -21.143759409970759 ], [ -48.29680552278257, -21.143663903048452 ], [ -48.296756795767465, -21.143608000321336 ], [ -48.296733277797252, -21.143579418674292 ], [ -48.296702534282446, -21.143544703057895 ], [ -48.296637431499455, -21.143466415427998 ], [ -48.296557367748285, -21.143376256839232 ], [ -48.296509224008744, -21.143319911172458 ], [ -48.296426830168713, -21.143219934231745 ], [ -48.296366331523849, -21.143149743125129 ], [ -48.296314113223971, -21.143084934971274 ], [ -48.296278095890258, -21.143042607888191 ], [ -48.296174252296908, -21.142924044704529 ], [ -48.296144624364914, -21.142888485721137 ], [ -48.296089173542825, -21.142826085690277 ], [ -48.295999489679545, -21.142719999801891 ], [ -48.295968641272474, -21.142685366344583 ], [ -48.295927976809658, -21.142634995766443 ], [ -48.295903880370311, -21.142606841532338 ], [ -48.295828540842216, -21.142524758519166 ], [ -48.29575537658323, -21.142440961568401 ], [ -48.295689739249291, -21.142363068209328 ], [ -48.295579382791544, -21.142226335152426 ], [ -48.29553172691385, -21.142169625973487 ], [ -48.295476679772001, -21.142106912404532 ], [ -48.295432523073423, -21.142059200030424 ], [ -48.295377325901804, -21.141996602670471 ], [ -48.295290018350038, -21.141888786646003 ], [ -48.295241365141116, -21.141832827906001 ], [ -48.295181978413822, -21.141761806471973 ], [ -48.295159612320553, -21.141732422568115 ], [ -48.295088847022932, -21.141646831881047 ], [ -48.294993591804193, -21.141533372075799 ], [ -48.294896235614026, -21.141421492930576 ], [ -48.294850537766713, -21.141363382808926 ], [ -48.29479290883274, -21.141280099423049 ], [ -48.294743706203278, -21.141213247209823 ], [ -48.294738193355478, -21.141205849098228 ], [ -48.294687241409015, -21.14114016034879 ], [ -48.294681701589276, -21.1411327799938 ], [ -48.294671432225726, -21.141117512253661 ], [ -48.294666168788432, -21.141109955957692 ], [ -48.294609562605316, -21.141036964295928 ], [ -48.294572450106919, -21.140984236106306 ], [ -48.294517106318857, -21.14091192566362 ] ] } },
{ "type": "Feature", "properties": { "Field": "001", "Length": 408.00726453274069, "Image": "/home/dev4_bemagro_com/codes/input/64188/Orthomosaico.tif", "Farm": "64188" }, "geometry": { "type": "LineString", "coordinates": [ [ -48.296946457224379, -21.143799124908615 ], [ -48.296798063966676, -21.143633727761344 ], [ -48.296731495639087, -21.143556532577364 ], [ -48.296653813027298, -21.143464559019847 ], [ -48.296568144594644, -21.143367034664394 ], [ -48.296502158029369, -21.143289401272213 ], [ -48.296443413310371, -21.143217911239006 ], [ -48.296401058214691, -21.143168782450925 ], [ -48.296330830353348, -21.143082802794886 ], [ -48.29628290116932, -21.14302629655969 ], [ -48.296270706524773, -21.143012331339715 ], [ -48.296227398684941, -21.142963938882904 ], [ -48.29617283372194, -21.142900855349211 ], [ -48.296143144387372, -21.142865342602942 ], [ -48.296093923520161, -21.142809822794245 ], [ -48.296022453450846, -21.142724749013496 ], [ -48.295985824783941, -21.142682886652221 ], [ -48.295926726894834, -21.14261165407332 ], [ -48.295833325337512, -21.142508431056839 ], [ -48.295784257992437, -21.142452791349381 ], [ -48.295772108065812, -21.142438791547544 ], [ -48.295742036177693, -21.142403562341496 ], [ -48.295671686284862, -21.142317670665946 ], [ -48.295612301165335, -21.14224664790704 ], [ -48.295606446990746, -21.142239484271578 ], [ -48.295589441064671, -21.142217603371346 ], [ -48.295583561859402, -21.142210457800115 ], [ -48.295541861125571, -21.142160838632439 ], [ -48.295529751558583, -21.142146808421085 ], [ -48.295468272109922, -21.142077371944424 ], [ -48.295424483297452, -21.142029362392812 ], [ -48.295363836247716, -21.141959284986712 ], [ -48.295251873584284, -21.141823706532712 ], [ -48.295170303959921, -21.141723137553367 ], [ -48.295134146137435, -21.141680916629173 ], [ -48.295057714344537, -21.141588026128865 ], [ -48.295045851239074, -21.141573811530222 ], [ -48.294968049753891, -21.141481927296947 ], [ -48.294919370553622, -21.141425988878943 ], [ -48.294884000904887, -21.141383184328543 ], [ -48.29487820819606, -21.141375976880905 ], [ -48.294850477574464, -21.141339096409009 ], [ -48.294845054019653, -21.141331640435649 ], [ -48.29482437410261, -21.141301189513165 ], [ -48.294791971581823, -21.14125636543098 ], [ -48.294731523218658, -21.141174859976701 ], [ -48.29461997607865, -21.141027751746293 ], [ -48.294609042644083, -21.141012895946673 ], [ -48.294582242113385, -21.140975414728295 ], [ -48.294576742847177, -21.140968007742959 ], [ -48.294559363097072, -21.140946387461721 ], [ -48.294542921424416, -21.140924130404482 ], [ -48.294525557914092, -21.140901851665546 ] ] } },
{ "type": "Feature", "properties": { "Field": "001", "Length": 408.18011351258099, "Image": "/home/dev4_bemagro_com/codes/input/64188/Orthomosaico.tif", "Farm": "64188" }, "geometry": { "type": "LineString", "coordinates": [ [ -48.296956521999689, -21.143789483262918 ], [ -48.296882140180038, -21.143705862756718 ], [ -48.296813604280914, -21.143630197922196 ], [ -48.296650259773784, -21.143440680182195 ], [ -48.29659513334191, -21.143378027501011 ], [ -48.296511972536301, -21.143278610994468 ], [ -48.296439513110528, -21.143194276401811 ], [ -48.296398284971772, -21.143144310611774 ], [ -48.296352121600108, -21.143086524787005 ], [ -48.296328128827398, -21.143058292671 ], [ -48.296188414199996, -21.142897285440558 ], [ -48.296102707472727, -21.142799790795525 ], [ -48.296025029563133, -21.14270781392262 ], [ -48.295975978307332, -21.142652161614713 ], [ -48.29592833772643, -21.14259544100015 ], [ -48.295860340851277, -21.142519349830494 ], [ -48.295787087452965, -21.142435621447991 ], [ -48.295757064344301, -21.142400355486014 ], [ -48.295568531868234, -21.142171985736791 ], [ -48.295532135196119, -21.142129945419612 ], [ -48.29543352929457, -21.142019033372073 ], [ -48.295313433969625, -21.141877972033427 ], [ -48.295186155919119, -21.14171929362503 ], [ -48.295119965839753, -21.141641813317747 ], [ -48.295037880189781, -21.141541614312224 ], [ -48.294929332803392, -21.141415006515476 ], [ -48.294893938579321, -21.141372219657839 ], [ -48.294871438309436, -21.141342926099977 ], [ -48.294822905178869, -21.141275644509047 ], [ -48.294735116820732, -21.141157002048089 ], [ -48.29462351906492, -21.141009927272556 ], [ -48.294591919200506, -21.140964601316398 ], [ -48.294557596007323, -21.140921053322376 ], [ -48.294535075541404, -21.140890506993145 ] ] } }
]
}
